/*
 Navicat Premium Data Transfer

 Source Server         : SERVER DB
 Source Server Type    : MySQL
 Source Server Version : 100411
 Source Host           : 192.168.2.50:3306
 Source Schema         : xrprestamos

 Target Server Type    : MySQL
 Target Server Version : 100411
 File Encoding         : 65001

 Date: 25/07/2020 15:08:27
*/

SET NAMES utf8mb4;
SET FOREIGN_KEY_CHECKS = 0;

-- ----------------------------
-- Table structure for abono
-- ----------------------------
DROP TABLE IF EXISTS `abono`;
CREATE TABLE `abono`  (
  `id_abono` int(11) NOT NULL AUTO_INCREMENT,
  `folio_credito` varchar(50) CHARACTER SET utf8 COLLATE utf8_general_ci NOT NULL,
  `monto` decimal(10, 2) NOT NULL,
  `no_pagos` decimal(10, 2) NULL DEFAULT NULL COMMENT 'Cantidad de pagos (adelantado - atrasado)',
  `id_tipo_pago` int(11) NOT NULL COMMENT 'Tipo de pago:\n1- Pago normal completo\n2- Pago parcial\n3- Extra\n4- No pago\n5- Sin visitar',
  `fecha_abono` date NOT NULL,
  `id_estado` int(11) NOT NULL,
  `fecha_reg` datetime(0) NULL DEFAULT NULL,
  PRIMARY KEY (`id_abono`) USING BTREE
) ENGINE = InnoDB AUTO_INCREMENT = 1927 CHARACTER SET = utf8 COLLATE = utf8_general_ci;

-- ----------------------------
-- Records of abono
-- ----------------------------
BEGIN;
INSERT INTO `abono` VALUES (34, '2020-06-22#0', 100.00, 1.00, 1, '2020-06-23', 1, '2020-07-13 06:25:57'), (35, '2020-06-22#0', 100.00, 1.00, 1, '2020-06-24', 1, '2020-07-13 06:25:57'), (36, '2020-06-22#0', 100.00, 1.00, 1, '2020-06-25', 1, '2020-07-13 06:25:57'), (37, '2020-06-22#0', 100.00, 1.00, 1, '2020-06-27', 1, '2020-07-13 06:25:57'), (38, '2020-06-22#0', 0.00, 0.00, 4, '2020-06-28', 1, '2020-07-13 06:25:57'), (39, '2020-06-22#0', 100.00, 1.00, 1, '2020-06-29', 1, '2020-07-13 06:25:57'), (40, '2020-06-22#0', 100.00, 1.00, 1, '2020-06-30', 1, '2020-07-13 06:25:57'), (41, '2020-06-22#0', 100.00, 1.00, 1, '2020-07-01', 1, '2020-07-13 06:25:57'), (42, '2020-06-22#0', 100.00, 1.00, 1, '2020-07-02', 1, '2020-07-13 06:25:57'), (43, '2020-06-22#0', 100.00, 1.00, 1, '2020-07-03', 1, '2020-07-13 06:25:57'), (44, '2020-06-22#0', 100.00, 1.00, 1, '2020-07-04', 1, '2020-07-13 06:25:57'), (45, '2020-06-22#0', 100.00, 1.00, 1, '2020-07-05', 1, '2020-07-13 06:25:57'), (46, '2020-06-22#0', 100.00, 1.00, 1, '2020-07-06', 1, '2020-07-13 06:25:57'), (47, '2020-06-22#0', 100.00, 1.00, 1, '2020-07-08', 1, '2020-07-13 06:25:57'), (48, '2020-06-22#0', 100.00, 1.00, 1, '2020-07-09', 1, '2020-07-13 06:25:57'), (49, '2020-06-22#0', 100.00, 1.00, 1, '2020-07-07', 1, '2020-07-13 06:25:57'), (50, '2020-06-22#0', 100.00, 1.00, 1, '2020-07-10', 1, '2020-07-13 06:25:57'), (51, '2020-06-22#0', 100.00, 1.00, 1, '2020-07-11', 1, '2020-07-13 06:25:57'), (52, '2020-06-22#0', 100.00, 1.00, 1, '2020-07-12', 1, '2020-07-13 06:25:57'), (53, '2020-06-22#0', 100.00, 1.00, 1, '2020-07-13', 1, '2020-07-13 06:25:57'), (54, '2020-07-05#0', 250.00, 1.00, 1, '2020-07-06', 1, '2020-07-14 02:36:26'), (55, '2020-07-05#0', 250.00, 1.00, 1, '2020-07-07', 1, '2020-07-14 02:36:26'), (56, '2020-07-05#0', 250.00, 1.00, 1, '2020-07-08', 1, '2020-07-14 02:36:26'), (57, '2020-07-05#0', 250.00, 1.00, 1, '2020-07-09', 1, '2020-07-14 02:36:26'), (58, '2020-07-05#0', 250.00, 1.00, 1, '2020-07-10', 1, '2020-07-14 02:36:26'), (59, '2020-07-05#0', 250.00, 1.00, 1, '2020-07-11', 1, '2020-07-14 02:36:26'), (60, '2020-07-05#0', 0.00, 0.00, 4, '2020-07-12', 1, '2020-07-14 02:36:26'), (61, '2020-07-05#0', 250.00, 1.00, 1, '2020-07-13', 1, '2020-07-14 02:36:26'), (64, '2020-07-05#0', 0.00, 0.00, 4, '2020-07-15', 1, '2020-07-16 05:00:00'), (65, '2020-06-22#0', 100.00, 1.00, 1, '2020-06-26', 1, '2020-07-13 06:25:57'), (85, '2020-07-02#0', 50.00, 1.00, 1, '2020-07-03', 1, '2020-07-17 12:46:35'), (86, '2020-07-02#0', 50.00, 1.00, 1, '2020-07-04', 1, '2020-07-17 12:46:35'), (87, '2020-07-02#0', 150.00, 3.00, 3, '2020-07-05', 1, '2020-07-17 12:46:35'), (88, '2020-07-02#0', 0.00, 0.00, 4, '2020-07-06', 1, '2020-07-17 12:46:35'), (89, '2020-07-02#0', 0.00, 0.00, 4, '2020-07-07', 1, '2020-07-17 12:46:35'), (90, '2020-07-02#0', 150.00, 3.00, 3, '2020-07-08', 1, '2020-07-17 12:46:35'), (91, '2020-07-02#0', 0.00, 0.00, 4, '2020-07-09', 1, '2020-07-17 12:46:35'), (92, '2020-07-02#0', 0.00, 0.00, 4, '2020-07-10', 1, '2020-07-17 12:46:35'), (93, '2020-07-02#0', 150.00, 3.00, 3, '2020-07-11', 1, '2020-07-17 12:46:35'), (94, '2020-07-02#0', 0.00, 0.00, 4, '2020-07-12', 1, '2020-07-17 12:46:35'), (95, '2020-07-02#0', 0.00, 0.00, 4, '2020-07-13', 1, '2020-07-17 12:46:35'), (96, '2020-07-02#0', 150.00, 3.00, 3, '2020-07-14', 1, '2020-07-17 12:46:35'), (97, '2020-07-02#0', 0.00, 0.00, 4, '2020-07-15', 1, '2020-07-17 12:46:35'), (98, '2020-07-02#0', 0.00, 0.00, 4, '2020-07-16', 1, '2020-07-17 12:46:35'), (99, '2020-07-02#0', 150.00, 3.00, 3, '2020-07-17', 1, '2020-07-17 12:46:35'), (100, '2020-07-11#0', 300.00, 3.00, 3, '2020-07-12', 1, '2020-07-17 12:49:04'), (101, '2020-07-11#0', 0.00, 0.00, 4, '2020-07-13', 1, '2020-07-17 12:49:04'), (102, '2020-07-11#0', 0.00, 0.00, 4, '2020-07-14', 1, '2020-07-17 12:49:04'), (103, '2020-07-11#0', 0.00, 0.00, 4, '2020-07-15', 1, '2020-07-17 12:49:04'), (104, '2020-07-11#0', 0.00, 0.00, 4, '2020-07-16', 1, '2020-07-17 12:49:04'), (105, '2020-07-11#0', 200.00, 2.00, 3, '2020-07-17', 1, '2020-07-17 12:49:04'), (121, '2020-07-11#1', 100.00, 2.00, 3, '2020-07-13', 1, '2020-07-17 01:00:52'), (122, '2020-07-11#1', 0.00, 0.00, 4, '2020-07-12', 1, '2020-07-17 01:00:52'), (123, '2020-07-11#1', 50.00, 1.00, 1, '2020-07-14', 1, '2020-07-17 01:00:52'), (124, '2020-07-11#1', 50.00, 1.00, 1, '2020-07-15', 1, '2020-07-17 01:00:52'), (125, '2020-07-11#1', 50.00, 1.00, 1, '2020-07-16', 1, '2020-07-17 01:00:52'), (126, '2020-07-11#1', 50.00, 1.00, 1, '2020-07-17', 1, '2020-07-17 01:00:52'), (127, '2020-07-03#0', 100.00, 1.00, 1, '2020-07-04', 1, '2020-07-17 01:05:46'), (128, '2020-07-03#0', 0.00, 0.00, 4, '2020-07-05', 1, '2020-07-17 01:05:46'), (129, '2020-07-03#0', 100.00, 1.00, 1, '2020-07-06', 1, '2020-07-17 01:05:46'), (130, '2020-07-03#0', 0.00, 0.00, 4, '2020-07-07', 1, '2020-07-17 01:05:46'), (131, '2020-07-03#0', 0.00, 0.00, 4, '2020-07-08', 1, '2020-07-17 01:05:46'), (132, '2020-07-03#0', 200.00, 2.00, 3, '2020-07-09', 1, '2020-07-17 01:05:46'), (133, '2020-07-03#0', 100.00, 1.00, 1, '2020-07-10', 1, '2020-07-17 01:05:46'), (134, '2020-07-03#0', 100.00, 1.00, 1, '2020-07-11', 1, '2020-07-17 01:05:46'), (135, '2020-07-03#0', 0.00, 0.00, 4, '2020-07-12', 1, '2020-07-17 01:05:46'), (136, '2020-07-03#0', 100.00, 1.00, 1, '2020-07-13', 1, '2020-07-17 01:05:46'), (137, '2020-07-03#0', 100.00, 1.00, 1, '2020-07-14', 1, '2020-07-17 01:05:46'), (138, '2020-07-03#0', 100.00, 1.00, 1, '2020-07-15', 1, '2020-07-17 01:05:46'), (139, '2020-07-03#0', 100.00, 1.00, 1, '2020-07-16', 1, '2020-07-17 01:05:46'), (140, '2020-07-03#0', 100.00, 1.00, 1, '2020-07-17', 1, '2020-07-17 01:05:46'), (141, '2020-07-14#0', 50.00, 1.00, 1, '2020-07-15', 1, '2020-07-17 01:13:47'), (142, '2020-07-14#0', 50.00, 1.00, 1, '2020-07-16', 1, '2020-07-17 01:13:47'), (143, '2020-07-14#0', 50.00, 1.00, 1, '2020-07-17', 1, '2020-07-17 01:13:47'), (144, '2020-07-06#0', 300.00, 3.00, 3, '2020-07-07', 1, '2020-07-17 01:27:17'), (145, '2020-07-06#0', 0.00, 0.00, 4, '2020-07-08', 1, '2020-07-17 01:27:17'), (146, '2020-07-06#0', 100.00, 1.00, 1, '2020-07-09', 1, '2020-07-17 01:27:17'), (147, '2020-07-06#0', 100.00, 1.00, 1, '2020-07-10', 1, '2020-07-17 01:27:17'), (148, '2020-07-06#0', 0.00, 0.00, 4, '2020-07-11', 1, '2020-07-17 01:27:17'), (149, '2020-07-06#0', 0.00, 0.00, 4, '2020-07-12', 1, '2020-07-17 01:27:17'), (150, '2020-07-06#0', 0.00, 0.00, 4, '2020-07-13', 1, '2020-07-17 01:27:17'), (151, '2020-07-06#0', 200.00, 2.00, 3, '2020-07-14', 1, '2020-07-17 01:27:17'), (152, '2020-07-06#0', 100.00, 1.00, 1, '2020-07-15', 1, '2020-07-17 01:27:17'), (153, '2020-07-06#0', 100.00, 1.00, 1, '2020-07-16', 1, '2020-07-17 01:27:17'), (154, '2020-07-06#0', 100.00, 1.00, 1, '2020-07-17', 1, '2020-07-17 01:27:17'), (155, '2020-07-02#2', 100.00, 1.00, 1, '2020-07-03', 1, '2020-07-17 01:34:45'), (156, '2020-07-02#2', 100.00, 1.00, 1, '2020-07-04', 1, '2020-07-17 01:34:45'), (157, '2020-07-02#2', 0.00, 0.00, 4, '2020-07-05', 1, '2020-07-17 01:34:45'), (158, '2020-07-02#2', 200.00, 2.00, 3, '2020-07-06', 1, '2020-07-17 01:34:45'), (159, '2020-07-02#2', 0.00, 0.00, 4, '2020-07-07', 1, '2020-07-17 01:34:45'), (160, '2020-07-02#2', 0.00, 0.00, 4, '2020-07-08', 1, '2020-07-17 01:34:45'), (161, '2020-07-02#2', 300.00, 3.00, 3, '2020-07-09', 1, '2020-07-17 01:34:45'), (162, '2020-07-02#2', 400.00, 4.00, 3, '2020-07-10', 1, '2020-07-17 01:34:45'), (163, '2020-07-02#2', 0.00, 0.00, 4, '2020-07-11', 1, '2020-07-17 01:34:45'), (164, '2020-07-02#2', 0.00, 0.00, 4, '2020-07-12', 1, '2020-07-17 01:34:45'), (165, '2020-07-02#2', 0.00, 0.00, 4, '2020-07-13', 1, '2020-07-17 01:34:45'), (166, '2020-07-02#2', 200.00, 2.00, 3, '2020-07-14', 1, '2020-07-17 01:34:45'), (167, '2020-07-02#2', 0.00, 0.00, 4, '2020-07-15', 1, '2020-07-17 01:34:45'), (168, '2020-07-02#2', 0.00, 0.00, 4, '2020-07-16', 1, '2020-07-17 01:34:45'), (169, '2020-07-02#2', 300.00, 3.00, 3, '2020-07-17', 1, '2020-07-17 01:34:45'), (170, '2020-07-12#0', 50.00, 1.00, 1, '2020-07-13', 1, '2020-07-17 01:56:57'), (171, '2020-07-12#0', 50.00, 1.00, 1, '2020-07-14', 1, '2020-07-17 01:56:57'), (172, '2020-07-12#0', 50.00, 1.00, 1, '2020-07-15', 1, '2020-07-17 01:56:57'), (173, '2020-07-12#0', 0.00, 0.00, 4, '2020-07-16', 1, '2020-07-17 01:56:57'), (174, '2020-07-12#0', 100.00, 2.00, 3, '2020-07-17', 1, '2020-07-17 01:56:57'), (175, '2020-07-11#2', 50.00, 1.00, 1, '2020-07-12', 1, '2020-07-17 02:16:21'), (176, '2020-07-11#2', 50.00, 1.00, 1, '2020-07-13', 1, '2020-07-17 02:16:21'), (177, '2020-07-11#2', 100.00, 2.00, 3, '2020-07-14', 1, '2020-07-17 02:16:21'), (178, '2020-07-11#2', 0.00, 0.00, 4, '2020-07-15', 1, '2020-07-17 02:16:21'), (179, '2020-07-11#2', 0.00, 0.00, 4, '2020-07-16', 1, '2020-07-17 02:16:21'), (180, '2020-07-11#2', 100.00, 2.00, 3, '2020-07-17', 1, '2020-07-17 02:16:21'), (181, '2020-07-15#0', 100.00, 1.00, 1, '2020-07-16', 1, '2020-07-17 02:19:09'), (182, '2020-07-15#0', 100.00, 1.00, 1, '2020-07-17', 1, '2020-07-17 02:19:09'), (183, '2020-06-28#0', 100.00, 1.00, 1, '2020-06-29', 1, '2020-07-17 03:03:51'), (184, '2020-06-28#0', 0.00, 0.00, 4, '2020-06-30', 1, '2020-07-17 03:03:51'), (185, '2020-06-28#0', 200.00, 2.00, 3, '2020-07-01', 1, '2020-07-17 03:03:51'), (186, '2020-06-28#0', 100.00, 1.00, 1, '2020-07-02', 1, '2020-07-17 03:03:51'), (187, '2020-06-28#0', 100.00, 1.00, 1, '2020-07-03', 1, '2020-07-17 03:03:51'), (188, '2020-06-28#0', 200.00, 2.00, 3, '2020-07-04', 1, '2020-07-17 03:03:51'), (189, '2020-06-28#0', 0.00, 0.00, 4, '2020-07-05', 1, '2020-07-17 03:03:51'), (190, '2020-06-28#0', 100.00, 1.00, 1, '2020-07-06', 1, '2020-07-17 03:03:51'), (191, '2020-06-28#0', 0.00, 0.00, 4, '2020-07-07', 1, '2020-07-17 03:03:51'), (192, '2020-06-28#0', 100.00, 1.00, 1, '2020-07-08', 1, '2020-07-17 03:03:51'), (193, '2020-06-28#0', 0.00, 0.00, 4, '2020-07-09', 1, '2020-07-17 03:03:51'), (194, '2020-06-28#0', 200.00, 2.00, 3, '2020-07-10', 1, '2020-07-17 03:03:51'), (195, '2020-06-28#0', 100.00, 1.00, 1, '2020-07-11', 1, '2020-07-17 03:03:51'), (196, '2020-06-28#0', 0.00, 0.00, 4, '2020-07-12', 1, '2020-07-17 03:03:51'), (197, '2020-06-28#0', 100.00, 1.00, 1, '2020-07-13', 1, '2020-07-17 03:03:51'), (198, '2020-06-28#0', 0.00, 0.00, 4, '2020-07-14', 1, '2020-07-17 03:03:51'), (199, '2020-06-28#0', 200.00, 2.00, 3, '2020-07-15', 1, '2020-07-17 03:03:51'), (200, '2020-06-28#0', 0.00, 0.00, 4, '2020-07-16', 1, '2020-07-17 03:03:51'), (201, '2020-06-28#0', 200.00, 2.00, 3, '2020-07-17', 1, '2020-07-17 03:03:51'), (202, '2020-07-14#1', 100.00, 1.00, 1, '2020-07-15', 1, '2020-07-17 03:06:52'), (203, '2020-07-14#1', 0.00, 0.00, 4, '2020-07-16', 1, '2020-07-17 03:06:52'), (204, '2020-07-14#1', 200.00, 2.00, 3, '2020-07-17', 1, '2020-07-17 03:06:52'), (209, '2020-07-12#1', 0.00, 0.00, 4, '2020-07-13', 1, '2020-07-17 03:19:03'), (210, '2020-07-12#1', 0.00, 0.00, 4, '2020-07-14', 1, '2020-07-17 03:19:03'), (211, '2020-07-12#1', 150.00, 3.00, 3, '2020-07-15', 1, '2020-07-17 03:19:03'), (212, '2020-07-12#1', 100.00, 2.00, 3, '2020-07-16', 1, '2020-07-17 03:19:03'), (213, '2020-07-12#1', 100.00, 2.00, 3, '2020-07-17', 1, '2020-07-17 03:19:03'), (214, '2020-07-14#2', 0.00, 0.00, 4, '2020-07-15', 1, '2020-07-17 03:24:20'), (215, '2020-07-14#2', 200.00, 2.00, 3, '2020-07-16', 1, '2020-07-17 03:24:20'), (216, '2020-07-14#2', 200.00, 2.00, 3, '2020-07-17', 1, '2020-07-17 03:24:20'), (217, '2020-07-10#0', 50.00, 1.00, 1, '2020-07-11', 1, '2020-07-17 03:28:36'), (218, '2020-07-10#0', 150.00, 3.00, 3, '2020-07-12', 1, '2020-07-17 03:28:36'), (219, '2020-07-10#0', 0.00, 0.00, 4, '2020-07-13', 1, '2020-07-17 03:28:36'), (220, '2020-07-10#0', 0.00, 0.00, 4, '2020-07-14', 1, '2020-07-17 03:28:36'), (221, '2020-07-10#0', 0.00, 0.00, 4, '2020-07-15', 1, '2020-07-17 03:28:36'), (222, '2020-07-10#0', 0.00, 0.00, 4, '2020-07-16', 1, '2020-07-17 03:28:36'), (223, '2020-07-10#0', 150.00, 3.00, 3, '2020-07-17', 1, '2020-07-17 03:28:36'), (224, '2020-07-11#3', 0.00, 0.00, 4, '2020-07-12', 1, '2020-07-17 03:41:22'), (225, '2020-07-11#3', 200.00, 2.00, 3, '2020-07-13', 1, '2020-07-17 03:41:22'), (226, '2020-07-11#3', 100.00, 1.00, 1, '2020-07-14', 1, '2020-07-17 03:41:22'), (227, '2020-07-11#3', 100.00, 1.00, 1, '2020-07-15', 1, '2020-07-17 03:41:22'), (228, '2020-07-11#3', 100.00, 1.00, 1, '2020-07-16', 1, '2020-07-17 03:41:23'), (229, '2020-07-11#3', 100.00, 1.00, 1, '2020-07-17', 1, '2020-07-17 03:41:23'), (230, '2020-07-15#1', 100.00, 1.00, 1, '2020-07-16', 1, '2020-07-17 03:49:27'), (231, '2020-07-15#1', 100.00, 1.00, 1, '2020-07-17', 1, '2020-07-17 03:49:27'), (232, '2020-06-30#0', 100.00, 2.00, 3, '2020-07-01', 1, '2020-07-17 04:07:01'), (233, '2020-06-30#0', 0.00, 0.00, 4, '2020-07-02', 1, '2020-07-17 04:07:01'), (234, '2020-06-30#0', 100.00, 2.00, 3, '2020-07-03', 1, '2020-07-17 04:07:01'), (235, '2020-06-30#0', 0.00, 0.00, 4, '2020-07-04', 1, '2020-07-17 04:07:01'), (236, '2020-06-30#0', 500.00, 10.00, 3, '2020-07-05', 1, '2020-07-17 04:07:01'), (237, '2020-06-30#0', 0.00, 0.00, 4, '2020-07-06', 1, '2020-07-17 04:07:02'), (238, '2020-06-30#0', 0.00, 0.00, 4, '2020-07-07', 1, '2020-07-17 04:07:02'), (239, '2020-06-30#0', 0.00, 0.00, 4, '2020-07-08', 1, '2020-07-17 04:07:02'), (240, '2020-06-30#0', 0.00, 0.00, 4, '2020-07-09', 1, '2020-07-17 04:07:02'), (241, '2020-06-30#0', 0.00, 0.00, 4, '2020-07-10', 1, '2020-07-17 04:07:02'), (242, '2020-06-30#0', 0.00, 0.00, 4, '2020-07-11', 1, '2020-07-17 04:07:02'), (243, '2020-06-30#0', 0.00, 0.00, 4, '2020-07-12', 1, '2020-07-17 04:07:02'), (244, '2020-06-30#0', 0.00, 0.00, 4, '2020-07-13', 1, '2020-07-17 04:07:02'), (245, '2020-06-30#0', 0.00, 0.00, 4, '2020-07-14', 1, '2020-07-17 04:07:02'), (246, '2020-06-30#0', 0.00, 0.00, 4, '2020-07-15', 1, '2020-07-17 04:07:02'), (247, '2020-06-30#0', 50.00, 1.00, 1, '2020-07-16', 1, '2020-07-17 04:07:02'), (248, '2020-06-30#0', 50.00, 1.00, 1, '2020-07-17', 1, '2020-07-17 04:07:02'), (249, '2020-07-07#0', 50.00, 1.00, 1, '2020-07-08', 1, '2020-07-17 04:16:22'), (250, '2020-07-07#0', 0.00, 0.00, 4, '2020-07-09', 1, '2020-07-17 04:16:22'), (251, '2020-07-07#0', 0.00, 0.00, 4, '2020-07-10', 1, '2020-07-17 04:16:22'), (252, '2020-07-07#0', 150.00, 3.00, 3, '2020-07-11', 1, '2020-07-17 04:16:22'), (253, '2020-07-07#0', 0.00, 0.00, 4, '2020-07-12', 1, '2020-07-17 04:16:22'), (254, '2020-07-07#0', 50.00, 1.00, 1, '2020-07-13', 1, '2020-07-17 04:16:22'), (255, '2020-07-07#0', 100.00, 2.00, 3, '2020-07-14', 1, '2020-07-17 04:16:22'), (256, '2020-07-07#0', 0.00, 0.00, 4, '2020-07-15', 1, '2020-07-17 04:16:22'), (257, '2020-07-07#0', 50.00, 1.00, 1, '2020-07-16', 1, '2020-07-17 04:16:22'), (258, '2020-07-07#0', 50.00, 1.00, 1, '2020-07-17', 1, '2020-07-17 04:16:22'), (260, '2020-07-05#0', 0.00, 0.00, 4, '2020-07-16', 1, '2020-07-17 16:26:45'), (261, '2020-06-29#0', 100.00, 1.00, 1, '2020-06-30', 1, '2020-07-17 05:14:17'), (262, '2020-06-29#0', 100.00, 1.00, 1, '2020-07-01', 1, '2020-07-17 05:14:17'), (263, '2020-06-29#0', 100.00, 1.00, 1, '2020-07-02', 1, '2020-07-17 05:14:17'), (264, '2020-06-29#0', 100.00, 1.00, 1, '2020-07-03', 1, '2020-07-17 05:14:17'), (265, '2020-06-29#0', 200.00, 2.00, 3, '2020-07-04', 1, '2020-07-17 05:14:17'), (266, '2020-06-29#0', 0.00, 0.00, 4, '2020-07-05', 1, '2020-07-17 05:14:17'), (267, '2020-06-29#0', 0.00, 0.00, 4, '2020-07-06', 1, '2020-07-17 05:14:17'), (268, '2020-06-29#0', 200.00, 2.00, 3, '2020-07-07', 1, '2020-07-17 05:14:17'), (269, '2020-06-29#0', 100.00, 1.00, 1, '2020-07-08', 1, '2020-07-17 05:14:17'), (270, '2020-06-29#0', 100.00, 1.00, 1, '2020-07-09', 1, '2020-07-17 05:14:17'), (271, '2020-06-29#0', 100.00, 1.00, 1, '2020-07-10', 1, '2020-07-17 05:14:17'), (272, '2020-06-29#0', 100.00, 1.00, 1, '2020-07-11', 1, '2020-07-17 05:14:17'), (273, '2020-06-29#0', 0.00, 0.00, 4, '2020-07-12', 1, '2020-07-17 05:14:17'), (274, '2020-06-29#0', 100.00, 1.00, 1, '2020-07-13', 1, '2020-07-17 05:14:17'), (275, '2020-06-29#0', 100.00, 1.00, 1, '2020-07-14', 1, '2020-07-17 05:14:17'), (276, '2020-06-29#0', 100.00, 1.00, 1, '2020-07-15', 1, '2020-07-17 05:14:17'), (277, '2020-06-29#0', 100.00, 1.00, 1, '2020-07-16', 1, '2020-07-17 05:14:17'), (278, '2020-06-29#0', 100.00, 1.00, 1, '2020-07-17', 1, '2020-07-17 05:14:17'), (279, '2020-07-10#1', 100.00, 2.00, 3, '2020-07-11', 1, '2020-07-17 05:27:51'), (280, '2020-07-10#1', 0.00, 0.00, 4, '2020-07-12', 1, '2020-07-17 05:27:51'), (281, '2020-07-10#1', 100.00, 2.00, 3, '2020-07-13', 1, '2020-07-17 05:27:51'), (282, '2020-07-10#1', 0.00, 0.00, 4, '2020-07-14', 1, '2020-07-17 05:27:51'), (283, '2020-07-10#1', 100.00, 2.00, 3, '2020-07-15', 1, '2020-07-17 05:27:51'), (284, '2020-07-10#1', 0.00, 0.00, 4, '2020-07-16', 1, '2020-07-17 05:27:51'), (285, '2020-07-10#1', 100.00, 2.00, 3, '2020-07-17', 1, '2020-07-17 05:27:51'), (286, '2020-07-05#1', 150.00, 1.00, 1, '2020-07-06', 1, '2020-07-17 05:31:11'), (287, '2020-07-05#1', 150.00, 1.00, 1, '2020-07-07', 1, '2020-07-17 05:31:11'), (288, '2020-07-05#1', 150.00, 1.00, 1, '2020-07-08', 1, '2020-07-17 05:31:11'), (289, '2020-07-05#1', 150.00, 1.00, 1, '2020-07-09', 1, '2020-07-17 05:31:11'), (290, '2020-07-05#1', 150.00, 1.00, 1, '2020-07-10', 1, '2020-07-17 05:31:11'), (291, '2020-07-05#1', 150.00, 1.00, 1, '2020-07-11', 1, '2020-07-17 05:31:11'), (292, '2020-07-05#1', 0.00, 0.00, 4, '2020-07-12', 1, '2020-07-17 05:31:11'), (293, '2020-07-05#1', 300.00, 2.00, 3, '2020-07-13', 1, '2020-07-17 05:31:11'), (294, '2020-07-05#1', 150.00, 1.00, 1, '2020-07-14', 1, '2020-07-17 05:31:11'), (295, '2020-07-05#1', 150.00, 1.00, 1, '2020-07-15', 1, '2020-07-17 05:31:11'), (296, '2020-07-05#1', 150.00, 1.00, 1, '2020-07-16', 1, '2020-07-17 05:31:11'), (297, '2020-07-05#1', 150.00, 1.00, 1, '2020-07-17', 1, '2020-07-17 05:31:11'), (298, '2020-06-29#1', 100.00, 1.00, 1, '2020-06-30', 1, '2020-07-17 05:37:14'), (299, '2020-06-29#1', 100.00, 1.00, 1, '2020-07-01', 1, '2020-07-17 05:37:14'), (300, '2020-06-29#1', 100.00, 1.00, 1, '2020-07-02', 1, '2020-07-17 05:37:14'), (301, '2020-06-29#1', 100.00, 1.00, 1, '2020-07-03', 1, '2020-07-17 05:37:14'), (302, '2020-06-29#1', 0.00, 0.00, 4, '2020-07-04', 1, '2020-07-17 05:37:14'), (303, '2020-06-29#1', 0.00, 0.00, 4, '2020-07-05', 1, '2020-07-17 05:37:14'), (304, '2020-06-29#1', 300.00, 3.00, 3, '2020-07-06', 1, '2020-07-17 05:37:14'), (305, '2020-06-29#1', 100.00, 1.00, 1, '2020-07-07', 1, '2020-07-17 05:37:14'), (306, '2020-06-29#1', 100.00, 1.00, 1, '2020-07-08', 1, '2020-07-17 05:37:14'), (307, '2020-06-29#1', 100.00, 1.00, 1, '2020-07-09', 1, '2020-07-17 05:37:14'), (308, '2020-06-29#1', 100.00, 1.00, 1, '2020-07-10', 1, '2020-07-17 05:37:14'), (309, '2020-06-29#1', 100.00, 1.00, 1, '2020-07-11', 1, '2020-07-17 05:37:14'), (310, '2020-06-29#1', 0.00, 0.00, 4, '2020-07-12', 1, '2020-07-17 05:37:14'), (311, '2020-06-29#1', 0.00, 0.00, 4, '2020-07-13', 1, '2020-07-17 05:37:14'), (312, '2020-06-29#1', 300.00, 3.00, 3, '2020-07-14', 1, '2020-07-17 05:37:14'), (313, '2020-06-29#1', 100.00, 1.00, 1, '2020-07-15', 1, '2020-07-17 05:37:14'), (314, '2020-06-29#1', 0.00, 0.00, 4, '2020-07-16', 1, '2020-07-17 05:37:14'), (315, '2020-06-29#1', 200.00, 2.00, 3, '2020-07-17', 1, '2020-07-17 05:37:14'), (316, '2020-07-09#0', 100.00, 1.00, 1, '2020-07-10', 1, '2020-07-17 06:13:40'), (317, '2020-07-09#0', 100.00, 1.00, 1, '2020-07-11', 1, '2020-07-17 06:13:40'), (318, '2020-07-09#0', 0.00, 0.00, 4, '2020-07-12', 1, '2020-07-17 06:13:40'), (319, '2020-07-09#0', 200.00, 2.00, 3, '2020-07-13', 1, '2020-07-17 06:13:40'), (320, '2020-07-09#0', 100.00, 1.00, 1, '2020-07-14', 1, '2020-07-17 06:13:40'), (321, '2020-07-09#0', 100.00, 1.00, 1, '2020-07-15', 1, '2020-07-17 06:13:40'), (322, '2020-07-09#0', 100.00, 1.00, 1, '2020-07-16', 1, '2020-07-17 06:13:40'), (323, '2020-07-09#0', 100.00, 1.00, 1, '2020-07-17', 1, '2020-07-17 06:13:40'), (324, '2020-06-29#2', 100.00, 1.00, 1, '2020-06-30', 1, '2020-07-17 07:07:02'), (325, '2020-06-29#2', 100.00, 1.00, 1, '2020-07-01', 1, '2020-07-17 07:07:02'), (326, '2020-06-29#2', 100.00, 1.00, 1, '2020-07-02', 1, '2020-07-17 07:07:02'), (327, '2020-06-29#2', 100.00, 1.00, 1, '2020-07-03', 1, '2020-07-17 07:07:02'), (328, '2020-06-29#2', 100.00, 1.00, 1, '2020-07-04', 1, '2020-07-17 07:07:02'), (329, '2020-06-29#2', 0.00, 0.00, 4, '2020-07-05', 1, '2020-07-17 07:07:02'), (330, '2020-06-29#2', 100.00, 1.00, 1, '2020-07-06', 1, '2020-07-17 07:07:02'), (331, '2020-06-29#2', 100.00, 1.00, 1, '2020-07-07', 1, '2020-07-17 07:07:02'), (332, '2020-06-29#2', 100.00, 1.00, 1, '2020-07-08', 1, '2020-07-17 07:07:02'), (333, '2020-06-29#2', 100.00, 1.00, 1, '2020-07-09', 1, '2020-07-17 07:07:02'), (334, '2020-06-29#2', 100.00, 1.00, 1, '2020-07-10', 1, '2020-07-17 07:07:02'), (335, '2020-06-29#2', 100.00, 1.00, 1, '2020-07-11', 1, '2020-07-17 07:07:02'), (336, '2020-06-29#2', 100.00, 1.00, 1, '2020-07-12', 1, '2020-07-17 07:07:02'), (337, '2020-06-29#2', 100.00, 1.00, 1, '2020-07-13', 1, '2020-07-17 07:07:02'), (338, '2020-06-29#2', 100.00, 1.00, 1, '2020-07-14', 1, '2020-07-17 07:07:02'), (339, '2020-06-29#2', 100.00, 1.00, 1, '2020-07-15', 1, '2020-07-17 07:07:02'), (340, '2020-06-29#2', 100.00, 1.00, 1, '2020-07-16', 1, '2020-07-17 07:07:02'), (341, '2020-06-29#2', 100.00, 1.00, 1, '2020-07-17', 1, '2020-07-17 07:07:02'), (342, '2020-06-29#3', 100.00, 1.00, 1, '2020-06-30', 1, '2020-07-17 07:11:14'), (343, '2020-06-29#3', 100.00, 1.00, 1, '2020-07-01', 1, '2020-07-17 07:11:14'), (344, '2020-06-29#3', 100.00, 1.00, 1, '2020-07-02', 1, '2020-07-17 07:11:14'), (345, '2020-06-29#3', 100.00, 1.00, 1, '2020-07-03', 1, '2020-07-17 07:11:14'), (346, '2020-06-29#3', 100.00, 1.00, 1, '2020-07-04', 1, '2020-07-17 07:11:14'), (347, '2020-06-29#3', 0.00, 0.00, 4, '2020-07-05', 1, '2020-07-17 07:11:14'), (348, '2020-06-29#3', 100.00, 1.00, 1, '2020-07-06', 1, '2020-07-17 07:11:14'), (349, '2020-06-29#3', 100.00, 1.00, 1, '2020-07-07', 1, '2020-07-17 07:11:14'), (350, '2020-06-29#3', 100.00, 1.00, 1, '2020-07-08', 1, '2020-07-17 07:11:14'), (351, '2020-06-29#3', 100.00, 1.00, 1, '2020-07-09', 1, '2020-07-17 07:11:14'), (352, '2020-06-29#3', 100.00, 1.00, 1, '2020-07-10', 1, '2020-07-17 07:11:14'), (353, '2020-06-29#3', 100.00, 1.00, 1, '2020-07-11', 1, '2020-07-17 07:11:14'), (354, '2020-06-29#3', 0.00, 0.00, 4, '2020-07-12', 1, '2020-07-17 07:11:14'), (355, '2020-06-29#3', 100.00, 1.00, 1, '2020-07-13', 1, '2020-07-17 07:11:14'), (356, '2020-06-29#3', 100.00, 1.00, 1, '2020-07-14', 1, '2020-07-17 07:11:14'), (357, '2020-06-29#3', 100.00, 1.00, 1, '2020-07-15', 1, '2020-07-17 07:11:14'), (358, '2020-06-29#3', 100.00, 1.00, 1, '2020-07-16', 1, '2020-07-17 07:11:14'), (359, '2020-06-29#3', 100.00, 1.00, 1, '2020-07-17', 1, '2020-07-17 07:11:14'), (360, '2020-07-16#0', 50.00, 1.00, 1, '2020-07-17', 1, '2020-07-17 07:12:26'), (361, '2020-06-29#4', 100.00, 1.00, 1, '2020-06-30', 1, '2020-07-17 07:22:37'), (362, '2020-06-29#4', 100.00, 1.00, 1, '2020-07-01', 1, '2020-07-17 07:22:37'), (363, '2020-06-29#4', 100.00, 1.00, 1, '2020-07-02', 1, '2020-07-17 07:22:37'), (364, '2020-06-29#4', 100.00, 1.00, 1, '2020-07-03', 1, '2020-07-17 07:22:37'), (365, '2020-06-29#4', 100.00, 1.00, 1, '2020-07-04', 1, '2020-07-17 07:22:37'), (366, '2020-06-29#4', 200.00, 2.00, 3, '2020-07-05', 1, '2020-07-17 07:22:37'), (367, '2020-06-29#4', 0.00, 0.00, 4, '2020-07-06', 1, '2020-07-17 07:22:37'), (368, '2020-06-29#4', 100.00, 1.00, 1, '2020-07-07', 1, '2020-07-17 07:22:37'), (369, '2020-06-29#4', 100.00, 1.00, 1, '2020-07-08', 1, '2020-07-17 07:22:37'), (370, '2020-06-29#4', 100.00, 1.00, 1, '2020-07-09', 1, '2020-07-17 07:22:37'), (371, '2020-06-29#4', 100.00, 1.00, 1, '2020-07-10', 1, '2020-07-17 07:22:37'), (372, '2020-06-29#4', 100.00, 1.00, 1, '2020-07-11', 1, '2020-07-17 07:22:37'), (373, '2020-06-29#4', 0.00, 0.00, 4, '2020-07-12', 1, '2020-07-17 07:22:37'), (374, '2020-06-29#4', 200.00, 2.00, 3, '2020-07-13', 1, '2020-07-17 07:22:37'), (375, '2020-06-29#4', 100.00, 1.00, 1, '2020-07-14', 1, '2020-07-17 07:22:37'), (376, '2020-06-29#4', 100.00, 1.00, 1, '2020-07-15', 1, '2020-07-17 07:22:37'), (377, '2020-06-29#4', 100.00, 1.00, 1, '2020-07-16', 1, '2020-07-17 07:22:37'), (378, '2020-06-29#4', 100.00, 1.00, 1, '2020-07-17', 1, '2020-07-17 07:22:37'), (379, '2020-07-16#0', 0.00, 0.00, 4, '2020-07-16', 1, '2020-07-17 20:06:48'), (380, '2020-06-28#1', 50.00, 1.00, 1, '2020-06-29', 1, '2020-07-17 09:28:06'), (381, '2020-06-28#1', 50.00, 1.00, 1, '2020-06-30', 1, '2020-07-17 09:28:06'), (382, '2020-06-28#1', 50.00, 1.00, 1, '2020-07-01', 1, '2020-07-17 09:28:06'), (383, '2020-06-28#1', 50.00, 1.00, 1, '2020-07-02', 1, '2020-07-17 09:28:06'), (384, '2020-06-28#1', 50.00, 1.00, 1, '2020-07-03', 1, '2020-07-17 09:28:06'), (385, '2020-06-28#1', 50.00, 1.00, 1, '2020-07-04', 1, '2020-07-17 09:28:06'), (386, '2020-06-28#1', 50.00, 1.00, 1, '2020-07-05', 1, '2020-07-17 09:28:06'), (387, '2020-06-28#1', 50.00, 1.00, 1, '2020-07-06', 1, '2020-07-17 09:28:06'), (388, '2020-06-28#1', 50.00, 1.00, 1, '2020-07-07', 1, '2020-07-17 09:28:06'), (389, '2020-06-28#1', 50.00, 1.00, 1, '2020-07-08', 1, '2020-07-17 09:28:06'), (390, '2020-06-28#1', 50.00, 1.00, 1, '2020-07-09', 1, '2020-07-17 09:28:06'), (391, '2020-06-28#1', 50.00, 1.00, 1, '2020-07-10', 1, '2020-07-17 09:28:06'), (392, '2020-06-28#1', 50.00, 1.00, 1, '2020-07-11', 1, '2020-07-17 09:28:06'), (393, '2020-06-28#1', 0.00, 0.00, 4, '2020-07-12', 1, '2020-07-17 09:28:06'), (394, '2020-06-28#1', 100.00, 2.00, 3, '2020-07-13', 1, '2020-07-17 09:28:06'), (395, '2020-06-28#1', 50.00, 1.00, 1, '2020-07-14', 1, '2020-07-17 09:28:06'), (396, '2020-06-28#1', 50.00, 1.00, 1, '2020-07-15', 1, '2020-07-17 09:28:06'), (397, '2020-06-28#1', 50.00, 1.00, 1, '2020-07-16', 1, '2020-07-17 09:28:06'), (398, '2020-06-28#1', 50.00, 1.00, 1, '2020-07-17', 1, '2020-07-17 09:28:06'), (400, '2020-07-05#0', 0.00, 0.00, 4, '2020-07-17', 1, '2020-07-18 05:00:00'), (401, '2020-06-28#1', 50.00, 1.00, 1, '2020-07-18', 1, '2020-07-18 05:30:27'), (402, '2020-07-16#1', 150.00, 1.00, 1, '2020-07-17', 1, '2020-07-18 06:04:34'), (403, '2020-07-14#3', 50.00, 1.00, 1, '2020-07-15', 1, '2020-07-18 06:08:37'), (404, '2020-07-14#3', 0.00, 0.00, 4, '2020-07-16', 1, '2020-07-18 06:08:37'), (405, '2020-07-14#3', 100.00, 2.00, 3, '2020-07-17', 1, '2020-07-18 06:08:37'), (406, '2020-07-07#1', 100.00, 2.00, 3, '2020-07-08', 1, '2020-07-18 06:16:12'), (407, '2020-07-07#1', 100.00, 2.00, 3, '2020-07-09', 1, '2020-07-18 06:16:12'), (408, '2020-07-07#1', 100.00, 2.00, 3, '2020-07-10', 1, '2020-07-18 06:16:12'), (409, '2020-07-07#1', 100.00, 2.00, 3, '2020-07-11', 1, '2020-07-18 06:16:12'), (410, '2020-07-07#1', 0.00, 0.00, 4, '2020-07-12', 1, '2020-07-18 06:16:12'), (411, '2020-07-07#1', 200.00, 4.00, 3, '2020-07-13', 1, '2020-07-18 06:16:12'), (412, '2020-07-07#1', 100.00, 2.00, 3, '2020-07-14', 1, '2020-07-18 06:16:12'), (413, '2020-07-07#1', 100.00, 2.00, 3, '2020-07-15', 1, '2020-07-18 06:16:12'), (414, '2020-07-07#1', 100.00, 2.00, 3, '2020-07-16', 1, '2020-07-18 06:16:12'), (415, '2020-07-07#1', 100.00, 2.00, 3, '2020-07-17', 1, '2020-07-18 06:16:12'), (416, '2020-06-29#5', 50.00, 1.00, 1, '2020-06-30', 1, '2020-07-18 06:45:05'), (417, '2020-06-29#5', 50.00, 1.00, 1, '2020-07-01', 1, '2020-07-18 06:45:05'), (418, '2020-06-29#5', 50.00, 1.00, 1, '2020-07-02', 1, '2020-07-18 06:45:05'), (419, '2020-06-29#5', 50.00, 1.00, 1, '2020-07-03', 1, '2020-07-18 06:45:05'), (420, '2020-06-29#5', 50.00, 1.00, 1, '2020-07-04', 1, '2020-07-18 06:45:05'), (421, '2020-06-29#5', 0.00, 0.00, 4, '2020-07-05', 1, '2020-07-18 06:45:05'), (422, '2020-06-29#5', 50.00, 1.00, 1, '2020-07-06', 1, '2020-07-18 06:45:05'), (423, '2020-06-29#5', 50.00, 1.00, 1, '2020-07-07', 1, '2020-07-18 06:45:05'), (424, '2020-06-29#5', 50.00, 1.00, 1, '2020-07-08', 1, '2020-07-18 06:45:05'), (425, '2020-06-29#5', 50.00, 1.00, 1, '2020-07-09', 1, '2020-07-18 06:45:05'), (426, '2020-06-29#5', 50.00, 1.00, 1, '2020-07-10', 1, '2020-07-18 06:45:05'), (427, '2020-06-29#5', 50.00, 1.00, 1, '2020-07-11', 1, '2020-07-18 06:45:05'), (428, '2020-06-29#5', 0.00, 0.00, 4, '2020-07-12', 1, '2020-07-18 06:45:05'), (429, '2020-06-29#5', 50.00, 1.00, 1, '2020-07-13', 1, '2020-07-18 06:45:05'), (430, '2020-06-29#5', 50.00, 1.00, 1, '2020-07-14', 1, '2020-07-18 06:45:05'), (431, '2020-06-29#5', 50.00, 1.00, 1, '2020-07-15', 1, '2020-07-18 06:45:05'), (432, '2020-06-29#5', 50.00, 1.00, 1, '2020-07-16', 1, '2020-07-18 06:45:05'), (450, '2020-07-05#2', 200.00, 2.00, 3, '2020-07-06', 1, '2020-07-18 07:05:54'), (451, '2020-07-05#2', 0.00, 0.00, 4, '2020-07-07', 1, '2020-07-18 07:05:54'), (452, '2020-07-05#2', 100.00, 1.00, 1, '2020-07-08', 1, '2020-07-18 07:05:54'), (453, '2020-07-05#2', 200.00, 2.00, 3, '2020-07-09', 1, '2020-07-18 07:05:54'), (454, '2020-07-05#2', 0.00, 0.00, 4, '2020-07-10', 1, '2020-07-18 07:05:54'), (455, '2020-07-05#2', 200.00, 2.00, 3, '2020-07-11', 1, '2020-07-18 07:05:54'), (456, '2020-07-05#2', 0.00, 0.00, 4, '2020-07-12', 1, '2020-07-18 07:05:54'), (457, '2020-07-05#2', 100.00, 1.00, 1, '2020-07-13', 1, '2020-07-18 07:05:54'), (458, '2020-07-05#2', 0.00, 0.00, 4, '2020-07-14', 1, '2020-07-18 07:05:54'), (459, '2020-07-05#2', 200.00, 2.00, 3, '2020-07-15', 1, '2020-07-18 07:05:54'), (460, '2020-07-05#2', 100.00, 1.00, 1, '2020-07-16', 1, '2020-07-18 07:05:54'), (461, '2020-07-05#2', 0.00, 0.00, 4, '2020-07-17', 1, '2020-07-18 07:05:54'), (462, '2020-04-03#0', 50.00, 1.00, 1, '2020-07-04', 1, '2020-07-18 07:14:49'), (463, '2020-04-03#0', 0.00, 0.00, 4, '2020-07-05', 1, '2020-07-18 07:14:49'), (464, '2020-04-03#0', 100.00, 2.00, 3, '2020-07-06', 1, '2020-07-18 07:14:49'), (465, '2020-04-03#0', 50.00, 1.00, 1, '2020-07-07', 1, '2020-07-18 07:14:49'), (466, '2020-04-03#0', 0.00, 0.00, 4, '2020-07-08', 1, '2020-07-18 07:14:49'), (467, '2020-04-03#0', 100.00, 2.00, 3, '2020-07-09', 1, '2020-07-18 07:14:49'), (468, '2020-04-03#0', 0.00, 0.00, 4, '2020-07-10', 1, '2020-07-18 07:14:49'), (469, '2020-04-03#0', 100.00, 2.00, 3, '2020-07-11', 1, '2020-07-18 07:14:49'), (470, '2020-04-03#0', 0.00, 0.00, 4, '2020-07-12', 1, '2020-07-18 07:14:49'), (471, '2020-04-03#0', 100.00, 2.00, 3, '2020-07-13', 1, '2020-07-18 07:14:49'), (472, '2020-04-03#0', 0.00, 0.00, 4, '2020-07-14', 1, '2020-07-18 07:14:49'), (473, '2020-04-03#0', 100.00, 2.00, 3, '2020-07-15', 1, '2020-07-18 07:14:49'), (474, '2020-04-03#0', 0.00, 0.00, 4, '2020-07-16', 1, '2020-07-18 07:14:49'), (475, '2020-04-03#0', 100.00, 2.00, 3, '2020-07-17', 1, '2020-07-18 07:14:49'), (476, '2020-07-11#4', 0.00, 0.00, 4, '2020-07-12', 1, '2020-07-18 07:18:46'), (477, '2020-07-11#4', 100.00, 2.00, 3, '2020-07-13', 1, '2020-07-18 07:18:46'), (478, '2020-07-11#4', 0.00, 0.00, 4, '2020-07-14', 1, '2020-07-18 07:18:46'), (479, '2020-07-11#4', 100.00, 2.00, 3, '2020-07-15', 1, '2020-07-18 07:18:46'), (480, '2020-07-11#4', 50.00, 1.00, 1, '2020-07-16', 1, '2020-07-18 07:18:46'), (481, '2020-07-11#4', 0.00, 0.00, 4, '2020-07-17', 1, '2020-07-18 07:18:46'), (482, '2020-06-29#5', 0.00, 0.00, 4, '2020-07-17', 1, '2020-07-18 19:23:37'), (484, '2020-07-17#0', 0.00, 0.00, 4, '2020-07-17', 1, '2020-07-18 19:23:37'), (485, '2020-07-06#1', 100.00, 1.00, 1, '2020-07-07', 1, '2020-07-18 07:36:39'), (486, '2020-07-06#1', 100.00, 1.00, 1, '2020-07-08', 1, '2020-07-18 07:36:39'), (487, '2020-07-06#1', 0.00, 0.00, 4, '2020-07-09', 1, '2020-07-18 07:36:39'), (488, '2020-07-06#1', 100.00, 1.00, 1, '2020-07-10', 1, '2020-07-18 07:36:39'), (489, '2020-07-06#1', 0.00, 0.00, 4, '2020-07-11', 1, '2020-07-18 07:36:39'), (490, '2020-07-06#1', 0.00, 0.00, 4, '2020-07-12', 1, '2020-07-18 07:36:39'), (491, '2020-07-06#1', 100.00, 1.00, 1, '2020-07-13', 1, '2020-07-18 07:36:39'), (492, '2020-07-06#1', 0.00, 0.00, 4, '2020-07-14', 1, '2020-07-18 07:36:39'), (493, '2020-07-06#1', 0.00, 0.00, 4, '2020-07-15', 1, '2020-07-18 07:36:39'), (494, '2020-07-06#1', 50.00, 0.50, 2, '2020-07-16', 1, '2020-07-18 07:36:39'), (495, '2020-07-06#1', 100.00, 1.00, 1, '2020-07-17', 1, '2020-07-18 07:36:39'), (496, '2020-04-03#0', 50.00, 1.00, 1, '2020-07-18', 1, '2020-07-18 09:38:30'), (498, '2020-06-28#0', 100.00, 1.00, 1, '2020-07-18', 1, '2020-07-18 09:39:24'), (499, '2020-06-29#4', 100.00, 1.00, 1, '2020-07-18', 1, '2020-07-18 09:39:40'), (500, '2020-07-18#2', 200.00, 2.00, 3, '2020-07-18', 1, '2020-07-18 09:55:24'), (501, '2020-06-29#0', 100.00, 1.00, 1, '2020-07-18', 1, '2020-07-18 10:43:59'), (502, '2020-06-29#1', 100.00, 1.00, 1, '2020-07-18', 1, '2020-07-18 10:44:13'), (503, '2020-06-29#2', 100.00, 1.00, 1, '2020-07-18', 1, '2020-07-18 10:44:26'), (504, '2020-06-29#3', 100.00, 1.00, 1, '2020-07-18', 1, '2020-07-18 10:44:38'), (505, '2020-06-29#5', 100.00, 2.00, 3, '2020-07-18', 1, '2020-07-18 10:45:04'), (506, '2020-07-03#0', 100.00, 1.00, 1, '2020-07-18', 1, '2020-07-18 10:47:41'), (507, '2020-07-06#0', 100.00, 1.00, 1, '2020-07-18', 1, '2020-07-18 10:47:51'), (508, '2020-07-17#0', 150.00, 1.00, 1, '2020-07-18', 1, '2020-07-18 10:48:12'), (509, '2020-07-16#1', 150.00, 1.00, 1, '2020-07-18', 1, '2020-07-18 10:48:20'), (510, '2020-07-16#0', 50.00, 1.00, 1, '2020-07-18', 1, '2020-07-18 10:48:29'), (511, '2020-07-15#1', 100.00, 1.00, 1, '2020-07-18', 1, '2020-07-18 10:48:44'), (512, '2020-07-15#0', 100.00, 1.00, 1, '2020-07-18', 1, '2020-07-18 10:48:52'), (513, '2020-07-14#0', 50.00, 1.00, 1, '2020-07-18', 1, '2020-07-18 10:49:05'), (514, '2020-07-14#3', 0.00, 0.00, 4, '2020-07-18', 1, '2020-07-18 10:49:28'), (515, '2020-07-14#2', 0.00, 0.00, 4, '2020-07-18', 1, '2020-07-18 10:49:42'), (516, '2020-07-14#1', 100.00, 1.00, 1, '2020-07-18', 1, '2020-07-18 10:49:59'), (517, '2020-07-06#1', 0.00, 0.00, 4, '2020-07-18', 1, '2020-07-18 10:50:27'), (518, '2020-07-05#1', 0.00, 0.00, 4, '2020-07-18', 1, '2020-07-18 10:51:26'), (519, '2020-07-10#1', 0.00, 0.00, 4, '2020-07-18', 1, '2020-07-18 10:51:55'), (520, '2020-07-02#0', 100.00, 2.00, 3, '2020-07-18', 1, '2020-07-18 10:53:01'), (521, '2020-06-30#0', 100.00, 2.00, 3, '2020-07-18', 1, '2020-07-18 10:53:56'), (522, '2020-07-02#2', 200.00, 2.00, 3, '2020-07-18', 1, '2020-07-18 10:54:23'), (523, '2020-07-05#2', 200.00, 2.00, 3, '2020-07-18', 1, '2020-07-18 10:54:45'), (524, '2020-07-07#0', 50.00, 1.00, 1, '2020-07-18', 1, '2020-07-18 10:55:09'), (525, '2020-07-10#0', 50.00, 1.00, 1, '2020-07-18', 1, '2020-07-18 10:56:36'), (526, '2020-07-11#4', 100.00, 2.00, 3, '2020-07-18', 1, '2020-07-18 10:56:53'), (527, '2020-07-12#0', 50.00, 1.00, 1, '2020-07-18', 1, '2020-07-18 10:57:13'), (528, '2020-07-11#0', 400.00, 4.00, 3, '2020-07-18', 1, '2020-07-18 10:58:02'), (529, '2020-07-09#0', 100.00, 1.00, 1, '2020-07-18', 1, '2020-07-18 10:58:19'), (530, '2020-07-11#1', 50.00, 1.00, 1, '2020-07-18', 1, '2020-07-18 10:58:25'), (531, '2020-07-11#2', 0.00, 0.00, 4, '2020-07-18', 1, '2020-07-18 10:59:43'), (532, '2020-07-07#1', 100.00, 1.00, 1, '2020-07-18', 1, '2020-07-18 11:01:23'), (533, '2020-07-11#3', 100.00, 1.00, 1, '2020-07-18', 1, '2020-07-18 11:01:46'), (534, '2020-07-12#1', 0.00, 0.00, 4, '2020-07-18', 1, '2020-07-18 11:02:02'), (538, '2020-06-28#0', 150.00, 1.50, 3, '2020-07-18', 1, '2020-07-18 03:24:07'), (539, '2020-07-15#2', 50.00, 1.00, 1, '2020-07-16', 1, '2020-07-20 04:58:41'), (540, '2020-07-15#2', 50.00, 1.00, 1, '2020-07-17', 1, '2020-07-20 04:58:41'), (541, '2020-07-15#2', 50.00, 1.00, 1, '2020-07-18', 1, '2020-07-20 04:58:41'), (542, '2020-04-03#0', 0.00, 0.00, 4, '2020-07-19', 1, '2020-07-20 16:58:41'), (544, '2020-06-28#0', 0.00, 0.00, 4, '2020-07-19', 1, '2020-07-20 16:58:41'), (545, '2020-06-28#1', 0.00, 0.00, 4, '2020-07-19', 1, '2020-07-20 16:58:41'), (546, '2020-06-29#0', 0.00, 0.00, 4, '2020-07-19', 1, '2020-07-20 16:58:41'), (547, '2020-06-29#1', 0.00, 0.00, 4, '2020-07-19', 1, '2020-07-20 16:58:41'), (548, '2020-06-29#2', 0.00, 0.00, 4, '2020-07-19', 1, '2020-07-20 16:58:41'), (549, '2020-06-29#3', 0.00, 0.00, 4, '2020-07-19', 1, '2020-07-20 16:58:41'), (550, '2020-06-29#4', 0.00, 0.00, 4, '2020-07-19', 1, '2020-07-20 16:58:41'), (551, '2020-06-29#5', 0.00, 0.00, 4, '2020-07-19', 1, '2020-07-20 16:58:41'), (552, '2020-06-30#0', 0.00, 0.00, 4, '2020-07-19', 1, '2020-07-20 16:58:41'), (553, '2020-07-02#0', 0.00, 0.00, 4, '2020-07-19', 1, '2020-07-20 16:58:41'), (554, '2020-07-02#2', 0.00, 0.00, 4, '2020-07-19', 1, '2020-07-20 16:58:41'), (555, '2020-07-03#0', 0.00, 0.00, 4, '2020-07-19', 1, '2020-07-20 16:58:41'), (556, '2020-07-05#0', 0.00, 0.00, 4, '2020-07-19', 1, '2020-07-20 16:58:41'), (557, '2020-07-05#1', 0.00, 0.00, 4, '2020-07-19', 1, '2020-07-20 16:58:41'), (558, '2020-07-05#2', 0.00, 0.00, 4, '2020-07-19', 1, '2020-07-20 16:58:41'), (559, '2020-07-06#0', 0.00, 0.00, 4, '2020-07-19', 1, '2020-07-20 16:58:41'), (560, '2020-07-06#1', 0.00, 0.00, 4, '2020-07-19', 1, '2020-07-20 16:58:41'), (561, '2020-07-07#0', 0.00, 0.00, 4, '2020-07-19', 1, '2020-07-20 16:58:41'), (562, '2020-07-07#1', 0.00, 0.00, 4, '2020-07-19', 1, '2020-07-20 16:58:41'), (563, '2020-07-09#0', 0.00, 0.00, 4, '2020-07-19', 1, '2020-07-20 16:58:41'), (564, '2020-07-10#0', 0.00, 0.00, 4, '2020-07-19', 1, '2020-07-20 16:58:41'), (565, '2020-07-10#1', 0.00, 0.00, 4, '2020-07-19', 1, '2020-07-20 16:58:41'), (566, '2020-07-11#0', 0.00, 0.00, 4, '2020-07-19', 1, '2020-07-20 16:58:41'), (567, '2020-07-11#1', 0.00, 0.00, 4, '2020-07-19', 1, '2020-07-20 16:58:41'), (568, '2020-07-11#2', 0.00, 0.00, 4, '2020-07-19', 1, '2020-07-20 16:58:41'), (569, '2020-07-11#3', 0.00, 0.00, 4, '2020-07-19', 1, '2020-07-20 16:58:41'), (570, '2020-07-11#4', 0.00, 0.00, 4, '2020-07-19', 1, '2020-07-20 16:58:41'), (571, '2020-07-12#0', 0.00, 0.00, 4, '2020-07-19', 1, '2020-07-20 16:58:41'), (572, '2020-07-12#1', 0.00, 0.00, 4, '2020-07-19', 1, '2020-07-20 16:58:41'), (573, '2020-07-14#0', 0.00, 0.00, 4, '2020-07-19', 1, '2020-07-20 16:58:41'), (574, '2020-07-14#1', 0.00, 0.00, 4, '2020-07-19', 1, '2020-07-20 16:58:41'), (575, '2020-07-14#2', 0.00, 0.00, 4, '2020-07-19', 1, '2020-07-20 16:58:41'), (576, '2020-07-14#3', 0.00, 0.00, 4, '2020-07-19', 1, '2020-07-20 16:58:41'), (577, '2020-07-15#0', 0.00, 0.00, 4, '2020-07-19', 1, '2020-07-20 16:58:41'), (578, '2020-07-15#1', 0.00, 0.00, 4, '2020-07-19', 1, '2020-07-20 16:58:41'), (579, '2020-07-16#0', 0.00, 0.00, 4, '2020-07-19', 1, '2020-07-20 16:58:41'), (580, '2020-07-16#1', 0.00, 0.00, 4, '2020-07-19', 1, '2020-07-20 16:58:41'), (581, '2020-07-17#0', 0.00, 0.00, 4, '2020-07-19', 1, '2020-07-20 16:58:41'), (582, '2020-07-18#0', 0.00, 0.00, 4, '2020-07-19', 1, '2020-07-20 16:58:41'), (583, '2020-07-18#1', 0.00, 0.00, 4, '2020-07-19', 1, '2020-07-20 16:58:41'), (584, '2020-07-18#2', 0.00, 0.00, 4, '2020-07-19', 1, '2020-07-20 16:58:41'), (585, '2020-07-15#3', 100.00, 2.00, 3, '2020-07-16', 1, '2020-07-20 04:58:41'), (586, '2020-07-15#3', 0.00, 0.00, 4, '2020-07-17', 1, '2020-07-20 04:58:41'), (587, '2020-07-15#3', 50.00, 1.00, 1, '2020-07-18', 1, '2020-07-20 04:58:41'), (588, '2020-07-15#2', 0.00, 0.00, 4, '2020-07-19', 1, '2020-07-20 17:04:29'), (589, '2020-07-11#5', 0.00, 0.00, 4, '2020-07-12', 1, '2020-07-20 05:33:23'), (590, '2020-07-11#5', 300.00, 3.00, 3, '2020-07-13', 1, '2020-07-20 05:33:23'), (591, '2020-07-11#5', 0.00, 0.00, 4, '2020-07-14', 1, '2020-07-20 05:33:23'), (592, '2020-07-11#5', 200.00, 2.00, 3, '2020-07-15', 1, '2020-07-20 05:33:23'), (593, '2020-07-11#5', 0.00, 0.00, 4, '2020-07-16', 1, '2020-07-20 05:33:23'), (594, '2020-07-11#5', 200.00, 2.00, 3, '2020-07-17', 1, '2020-07-20 05:33:23'), (595, '2020-07-11#5', 0.00, 0.00, 4, '2020-07-18', 1, '2020-07-20 05:33:23'), (596, '2020-07-11#5', 0.00, 0.00, 4, '2020-07-19', 1, '2020-07-20 05:33:23'), (597, '2020-07-15#3', 0.00, 0.00, 4, '2020-07-19', 1, '2020-07-20 17:33:23'), (598, '2020-07-18#3', 0.00, 0.00, 4, '2020-07-19', 1, '2020-07-20 17:33:23'), (599, '2020-07-15#4', 100.00, 1.00, 1, '2020-07-16', 1, '2020-07-20 06:54:49'), (600, '2020-07-15#4', 100.00, 1.00, 1, '2020-07-17', 1, '2020-07-20 06:54:49'), (601, '2020-07-15#4', 200.00, 2.00, 3, '2020-07-18', 1, '2020-07-20 06:54:49'), (602, '2020-07-15#4', 0.00, 0.00, 4, '2020-07-19', 1, '2020-07-20 19:01:40'), (603, '2020-07-13#0', 50.00, 1.00, 1, '2020-07-14', 1, '2020-07-20 08:12:35'), (604, '2020-07-13#0', 50.00, 1.00, 1, '2020-07-15', 1, '2020-07-20 08:12:35'), (605, '2020-07-13#0', 100.00, 2.00, 3, '2020-07-16', 1, '2020-07-20 08:12:35'), (606, '2020-07-13#0', 0.00, 0.00, 4, '2020-07-17', 1, '2020-07-20 08:12:35'), (607, '2020-07-13#0', 100.00, 2.00, 3, '2020-07-18', 1, '2020-07-20 08:12:35'), (608, '2020-07-13#0', 0.00, 0.00, 4, '2020-07-19', 1, '2020-07-20 08:12:35'), (609, '2020-07-18#4', 0.00, 0.00, 4, '2020-07-19', 1, '2020-07-20 20:12:35'), (610, '2020-07-05#3', 50.00, 1.00, 1, '2020-07-06', 1, '2020-07-20 08:19:37'), (611, '2020-07-05#3', 50.00, 1.00, 1, '2020-07-07', 1, '2020-07-20 08:19:37'), (612, '2020-07-05#3', 50.00, 1.00, 1, '2020-07-08', 1, '2020-07-20 08:19:37'), (613, '2020-07-05#3', 50.00, 1.00, 1, '2020-07-09', 1, '2020-07-20 08:19:37'), (614, '2020-07-05#3', 50.00, 1.00, 1, '2020-07-10', 1, '2020-07-20 08:19:37'), (615, '2020-07-05#3', 50.00, 1.00, 1, '2020-07-11', 1, '2020-07-20 08:19:37'), (616, '2020-07-05#3', 0.00, 0.00, 4, '2020-07-12', 1, '2020-07-20 08:19:37'), (617, '2020-07-05#3', 100.00, 2.00, 3, '2020-07-13', 1, '2020-07-20 08:19:37'), (618, '2020-07-05#3', 50.00, 1.00, 1, '2020-07-14', 1, '2020-07-20 08:19:37'), (619, '2020-07-05#3', 50.00, 1.00, 1, '2020-07-15', 1, '2020-07-20 08:19:37'), (620, '2020-07-05#3', 50.00, 1.00, 1, '2020-07-16', 1, '2020-07-20 08:19:37'), (621, '2020-07-05#3', 50.00, 1.00, 1, '2020-07-17', 1, '2020-07-20 08:19:37'), (622, '2020-07-05#3', 50.00, 1.00, 1, '2020-07-18', 1, '2020-07-20 08:19:37'), (623, '2020-07-05#3', 0.00, 0.00, 4, '2020-07-19', 1, '2020-07-20 08:19:37'), (624, '2020-07-09#1', 50.00, 1.00, 1, '2020-07-10', 1, '2020-07-20 08:27:54'), (625, '2020-07-09#1', 100.00, 2.00, 3, '2020-07-11', 1, '2020-07-20 08:27:54'), (626, '2020-07-09#1', 0.00, 0.00, 4, '2020-07-12', 1, '2020-07-20 08:27:54'), (627, '2020-07-09#1', 50.00, 1.00, 1, '2020-07-13', 1, '2020-07-20 08:27:54'), (628, '2020-07-09#1', 50.00, 1.00, 1, '2020-07-14', 1, '2020-07-20 08:27:54'), (629, '2020-07-09#1', 50.00, 1.00, 1, '2020-07-15', 1, '2020-07-20 08:27:54'), (630, '2020-07-09#1', 50.00, 1.00, 1, '2020-07-16', 1, '2020-07-20 08:27:54'), (631, '2020-07-09#1', 50.00, 1.00, 1, '2020-07-17', 1, '2020-07-20 08:27:54'), (632, '2020-07-09#1', 50.00, 1.00, 1, '2020-07-18', 1, '2020-07-20 08:27:54'), (633, '2020-07-15#5', 100.00, 1.00, 1, '2020-07-16', 1, '2020-07-20 08:30:42'), (634, '2020-07-15#5', 100.00, 1.00, 1, '2020-07-17', 1, '2020-07-20 08:30:42'), (635, '2020-07-15#5', 100.00, 1.00, 1, '2020-07-18', 1, '2020-07-20 08:30:42'), (636, '2020-07-15#5', 0.00, 0.00, 4, '2020-07-19', 1, '2020-07-20 08:30:42'), (637, '2020-07-09#1', 0.00, 0.00, 4, '2020-07-19', 1, '2020-07-20 20:30:42'), (638, '2020-07-15#6', 250.00, 0.83, 2, '2020-07-16', 1, '2020-07-20 08:34:51'), (639, '2020-07-15#6', 250.00, 0.83, 2, '2020-07-17', 1, '2020-07-20 08:34:51'), (640, '2020-07-15#6', 0.00, 0.00, 4, '2020-07-18', 1, '2020-07-20 08:34:51'), (641, '2020-07-15#6', 0.00, 0.00, 4, '2020-07-19', 1, '2020-07-20 08:34:51'), (642, '2020-07-15#7', 550.00, 1.00, 1, '2020-07-16', 1, '2020-07-20 08:38:33'), (643, '2020-07-15#7', 550.00, 1.00, 1, '2020-07-17', 1, '2020-07-20 08:38:33'), (644, '2020-07-15#7', 550.00, 1.00, 1, '2020-07-18', 1, '2020-07-20 08:38:33'), (645, '2020-07-15#7', 0.00, 0.00, 4, '2020-07-19', 1, '2020-07-20 08:38:33'), (647, '2020-07-18#5', 100.00, 1.00, 1, '2020-07-19', 1, '2020-07-20 09:00:38'), (649, '2020-07-16#2', 300.00, 3.00, 3, '2020-07-17', 1, '2020-07-20 09:08:22'), (650, '2020-07-16#2', 0.00, 0.00, 4, '2020-07-18', 1, '2020-07-20 09:08:22'), (651, '2020-07-16#2', 0.00, 0.00, 4, '2020-07-19', 1, '2020-07-20 09:08:22'), (652, '2020-04-03#0', 150.00, 3.00, 3, '2020-07-20', 1, '2020-07-20 10:58:00'), (653, '2020-06-28#0', 100.00, 1.00, 1, '2020-07-20', 1, '2020-07-20 10:59:05'), (654, '2020-06-28#1', 100.00, 2.00, 3, '2020-07-20', 1, '2020-07-20 10:59:33'), (655, '2020-06-29#0', 200.00, 2.00, 3, '2020-07-20', 1, '2020-07-20 11:00:05'), (656, '2020-06-29#1', 200.00, 2.00, 3, '2020-07-20', 1, '2020-07-20 11:01:06'), (657, '2020-06-29#2', 200.00, 2.00, 3, '2020-07-20', 1, '2020-07-20 11:01:42'), (658, '2020-06-29#3', 100.00, 1.00, 1, '2020-07-20', 1, '2020-07-20 11:02:22'), (659, '2020-06-29#5', 0.00, 0.00, 4, '2020-07-20', 1, '2020-07-20 11:04:20'), (660, '2020-06-30#0', 50.00, 1.00, 1, '2020-07-20', 1, '2020-07-20 11:04:41'), (661, '2020-07-07#0', 50.00, 1.00, 1, '2020-07-20', 1, '2020-07-20 11:05:06'), (662, '2020-07-02#0', 0.00, 0.00, 4, '2020-07-20', 1, '2020-07-20 11:06:46'), (663, '2020-07-02#2', 100.00, 1.00, 1, '2020-07-20', 1, '2020-07-20 11:07:37'), (664, '2020-07-18#5', 300.00, 3.00, 3, '2020-07-20', 1, '2020-07-20 11:09:04'), (665, '2020-07-18#4', 200.00, 2.00, 3, '2020-07-20', 1, '2020-07-20 11:09:55'), (666, '2020-07-18#0', 150.00, 1.00, 1, '2020-07-20', 1, '2020-07-20 11:10:22'), (667, '2020-07-18#2', 0.00, 0.00, 4, '2020-07-20', 1, '2020-07-20 11:10:44'), (668, '2020-07-17#0', 0.00, 0.00, 4, '2020-07-20', 1, '2020-07-20 11:11:09'), (669, '2020-07-18#3', 100.00, 2.00, 3, '2020-07-20', 1, '2020-07-20 11:12:21'), (670, '2020-07-18#1', 400.00, 2.00, 3, '2020-07-20', 1, '2020-07-20 11:13:02'), (672, '2020-07-16#1', 300.00, 2.00, 3, '2020-07-20', 1, '2020-07-20 11:17:28'), (673, '2020-07-16#2', 200.00, 2.00, 3, '2020-07-20', 1, '2020-07-20 11:17:50'), (674, '2020-07-16#0', 100.00, 2.00, 3, '2020-07-20', 1, '2020-07-20 11:18:15'), (675, '2020-07-15#7', 550.00, 1.00, 1, '2020-07-20', 1, '2020-07-20 11:18:27'), (676, '2020-07-15#6', 250.00, 0.83, 2, '2020-07-20', 1, '2020-07-20 11:18:43'), (677, '2020-07-15#5', 100.00, 1.00, 1, '2020-07-20', 1, '2020-07-20 11:19:18'), (678, '2020-07-15#4', 100.00, 1.00, 1, '2020-07-20', 1, '2020-07-20 11:19:29'), (679, '2020-07-14#2', 200.00, 2.00, 3, '2020-07-20', 1, '2020-07-20 11:19:55'), (680, '2020-07-15#0', 200.00, 2.00, 3, '2020-07-20', 1, '2020-07-20 11:20:23'), (681, '2020-07-14#0', 50.00, 1.00, 1, '2020-07-20', 1, '2020-07-20 11:20:42'), (682, '2020-07-11#5', 200.00, 2.00, 3, '2020-07-20', 1, '2020-07-20 11:21:22'), (683, '2020-07-12#1', 0.00, 0.00, 4, '2020-07-20', 1, '2020-07-20 11:23:23'), (684, '2020-07-14#1', 200.00, 2.00, 3, '2020-07-20', 1, '2020-07-20 11:23:57'), (685, '2020-07-15#1', 200.00, 2.00, 3, '2020-07-20', 1, '2020-07-20 11:24:28'), (686, '2020-07-09#1', 100.00, 2.00, 3, '2020-07-20', 1, '2020-07-20 11:25:25'), (687, '2020-07-14#3', 100.00, 2.00, 3, '2020-07-20', 1, '2020-07-20 11:26:16'), (688, '2020-07-13#0', 50.00, 1.00, 1, '2020-07-20', 1, '2020-07-20 11:27:06'), (689, '2020-07-12#0', 100.00, 2.00, 3, '2020-07-20', 1, '2020-07-20 11:27:46'), (690, '2020-07-11#0', 0.00, 0.00, 4, '2020-07-20', 1, '2020-07-20 11:28:57'), (691, '2020-07-06#0', 100.00, 1.00, 1, '2020-07-20', 1, '2020-07-20 11:29:08'), (692, '2020-07-11#4', 100.00, 2.00, 3, '2020-07-20', 1, '2020-07-20 11:29:44'), (693, '2020-07-11#2', 150.00, 3.00, 3, '2020-07-20', 1, '2020-07-20 11:30:11'), (694, '2020-07-10#1', 150.00, 3.00, 3, '2020-07-20', 1, '2020-07-20 11:30:41'), (695, '2020-07-09#0', 200.00, 2.00, 3, '2020-07-20', 1, '2020-07-20 11:31:04'), (696, '2020-07-05#2', 200.00, 2.00, 3, '2020-07-20', 1, '2020-07-20 11:31:53'), (697, '2020-07-06#1', 150.00, 1.50, 3, '2020-07-20', 1, '2020-07-20 11:32:13'), (698, '2020-07-05#3', 100.00, 2.00, 3, '2020-07-20', 1, '2020-07-20 11:32:39'), (699, '2020-07-05#1', 300.00, 2.00, 3, '2020-07-20', 1, '2020-07-20 11:33:09'), (700, '2020-07-11#3', 200.00, 2.00, 3, '2020-07-20', 1, '2020-07-20 11:35:03'), (701, '2020-07-07#1', 200.00, 2.00, 3, '2020-07-20', 1, '2020-07-20 11:36:01'), (702, '2020-07-10#0', 100.00, 2.00, 3, '2020-07-20', 1, '2020-07-20 11:36:34'), (703, '2020-07-15#3', 100.00, 2.00, 3, '2020-07-20', 1, '2020-07-20 11:40:04'), (705, '2020-06-29#4', 0.00, 0.00, 4, '2020-07-20', 1, '2020-07-21 00:34:08'), (706, '2020-07-03#0', 0.00, 0.00, 4, '2020-07-20', 1, '2020-07-21 00:34:08'), (707, '2020-07-05#0', 0.00, 0.00, 4, '2020-07-20', 1, '2020-07-21 00:34:08'), (708, '2020-07-11#1', 0.00, 0.00, 4, '2020-07-20', 1, '2020-07-21 00:34:08'), (709, '2020-07-15#2', 0.00, 0.00, 4, '2020-07-20', 1, '2020-07-21 00:34:08'), (710, '2020-07-20#0', 0.00, 0.00, 4, '2020-07-20', 1, '2020-07-21 00:36:52'), (711, '2020-07-20#1', 0.00, 0.00, 4, '2020-07-20', 1, '2020-07-21 00:36:52'), (712, '2020-07-20#2', 0.00, 0.00, 4, '2020-07-20', 1, '2020-07-21 00:36:52'), (713, '2020-07-20#3', 0.00, 0.00, 4, '2020-07-20', 1, '2020-07-21 13:36:40'), (714, '2020-07-18#6', 0.00, 0.00, 4, '2020-07-19', 1, '2020-07-21 02:45:48'), (715, '2020-07-18#6', 0.00, 0.00, 4, '2020-07-20', 1, '2020-07-21 02:45:48'), (716, '2020-07-20#4', 0.00, 0.00, 4, '2020-07-20', 1, '2020-07-21 14:45:48'), (717, '2020-06-22#0', 0.00, 0.00, 4, '2020-07-20', 1, '2020-07-21 14:48:33'), (718, '2020-07-09#2', 100.00, 1.00, 1, '2020-07-10', 1, '2020-07-21 03:01:28'), (719, '2020-07-09#2', 100.00, 1.00, 1, '2020-07-11', 1, '2020-07-21 03:01:28'), (720, '2020-07-09#2', 100.00, 1.00, 1, '2020-07-12', 1, '2020-07-21 03:01:28'), (721, '2020-07-09#2', 100.00, 1.00, 1, '2020-07-13', 1, '2020-07-21 03:01:28'), (722, '2020-07-09#2', 100.00, 1.00, 1, '2020-07-14', 1, '2020-07-21 03:01:28'), (723, '2020-07-09#2', 100.00, 1.00, 1, '2020-07-15', 1, '2020-07-21 03:01:28'), (724, '2020-07-09#2', 100.00, 1.00, 1, '2020-07-16', 1, '2020-07-21 03:01:28'), (725, '2020-07-09#2', 100.00, 1.00, 1, '2020-07-17', 1, '2020-07-21 03:01:28'), (726, '2020-07-09#2', 0.00, 0.00, 4, '2020-07-18', 1, '2020-07-21 03:01:28'), (727, '2020-07-09#2', 0.00, 0.00, 4, '2020-07-19', 1, '2020-07-21 03:01:28'), (728, '2020-07-09#2', 300.00, 3.00, 3, '2020-07-20', 1, '2020-07-21 03:01:28'), (729, '2020-07-20#5', 0.00, 0.00, 4, '2020-07-20', 1, '2020-07-21 15:01:28'), (730, '2020-06-22#0', 500.00, 5.00, 6, '2020-07-21', 1, '2020-07-21 03:10:13'), (731, '2020-06-29#6', 100.00, 1.00, 1, '2020-06-30', 1, '2020-07-21 03:10:16'), (732, '2020-06-29#6', 100.00, 1.00, 1, '2020-07-01', 1, '2020-07-21 03:10:16'), (733, '2020-06-29#6', 100.00, 1.00, 1, '2020-07-02', 1, '2020-07-21 03:10:16'), (734, '2020-06-29#6', 100.00, 1.00, 1, '2020-07-03', 1, '2020-07-21 03:10:16'), (735, '2020-06-29#6', 0.00, 0.00, 4, '2020-07-04', 1, '2020-07-21 03:10:16'), (736, '2020-06-29#6', 0.00, 0.00, 4, '2020-07-05', 1, '2020-07-21 03:10:16'), (737, '2020-06-29#6', 100.00, 1.00, 1, '2020-07-06', 1, '2020-07-21 03:10:16'), (738, '2020-06-29#6', 0.00, 0.00, 4, '2020-07-07', 1, '2020-07-21 03:10:16'), (739, '2020-06-29#6', 0.00, 0.00, 4, '2020-07-08', 1, '2020-07-21 03:10:16'), (740, '2020-06-29#6', 100.00, 1.00, 1, '2020-07-09', 1, '2020-07-21 03:10:16'), (741, '2020-06-29#6', 0.00, 0.00, 4, '2020-07-10', 1, '2020-07-21 03:10:16'), (742, '2020-06-29#6', 0.00, 0.00, 4, '2020-07-11', 1, '2020-07-21 03:10:16'), (743, '2020-06-29#6', 0.00, 0.00, 4, '2020-07-12', 1, '2020-07-21 03:10:16'), (744, '2020-06-29#6', 100.00, 1.00, 1, '2020-07-13', 1, '2020-07-21 03:10:16'), (745, '2020-06-29#6', 0.00, 0.00, 4, '2020-07-14', 1, '2020-07-21 03:10:16'), (746, '2020-06-29#6', 100.00, 1.00, 1, '2020-07-15', 1, '2020-07-21 03:10:16'), (747, '2020-06-29#6', 0.00, 0.00, 4, '2020-07-16', 1, '2020-07-21 03:10:16'), (748, '2020-06-29#6', 0.00, 0.00, 4, '2020-07-17', 1, '2020-07-21 03:10:16'), (749, '2020-06-29#6', 0.00, 0.00, 4, '2020-07-18', 1, '2020-07-21 03:10:16'), (750, '2020-06-29#6', 0.00, 0.00, 4, '2020-07-19', 1, '2020-07-21 03:10:16'), (751, '2020-06-29#6', 0.00, 0.00, 4, '2020-07-20', 1, '2020-07-21 03:10:16'), (752, '2020-06-28#1', 100.00, 22.00, 7, '2020-07-21', 1, '2020-07-21 03:13:50'), (753, '2020-07-03#0', 1200.00, 12.00, 7, '2020-07-21', 1, '2020-07-21 03:16:03'), (754, '2020-07-11#1', 850.00, 7.00, 7, '2020-07-21', 1, '2020-07-21 03:16:22'), (755, '2020-06-29#2', 400.00, 20.00, 7, '2020-07-21', 1, '2020-07-21 03:17:23'), (756, '2020-07-14#4', 0.00, 0.00, 4, '2020-07-15', 1, '2020-07-21 03:44:21'), (757, '2020-07-14#4', 200.00, 2.00, 3, '2020-07-16', 1, '2020-07-21 03:44:21'), (758, '2020-07-14#4', 100.00, 1.00, 1, '2020-07-17', 1, '2020-07-21 03:44:21'), (759, '2020-07-14#4', 0.00, 0.00, 4, '2020-07-18', 1, '2020-07-21 03:44:21'), (760, '2020-07-14#4', 0.00, 0.00, 4, '2020-07-19', 1, '2020-07-21 03:44:21'), (761, '2020-07-14#4', 300.00, 3.00, 3, '2020-07-20', 1, '2020-07-21 03:44:21'), (762, '2020-07-13#1', 100.00, 1.00, 1, '2020-07-14', 1, '2020-07-21 03:50:10'), (763, '2020-07-13#1', 100.00, 1.00, 1, '2020-07-15', 1, '2020-07-21 03:50:10'), (764, '2020-07-13#1', 100.00, 1.00, 1, '2020-07-16', 1, '2020-07-21 03:50:10'), (765, '2020-07-13#1', 100.00, 1.00, 1, '2020-07-17', 1, '2020-07-21 03:50:10'), (766, '2020-07-13#1', 100.00, 1.00, 1, '2020-07-18', 1, '2020-07-21 03:50:10'), (767, '2020-07-13#1', 0.00, 0.00, 4, '2020-07-19', 1, '2020-07-21 03:50:10'), (768, '2020-07-13#1', 200.00, 2.00, 3, '2020-07-20', 1, '2020-07-21 03:50:10'), (769, '2020-07-12#2', 50.00, 1.00, 1, '2020-07-13', 1, '2020-07-21 03:54:00'), (770, '2020-07-12#2', 50.00, 1.00, 1, '2020-07-14', 1, '2020-07-21 03:54:00'), (771, '2020-07-12#2', 100.00, 2.00, 3, '2020-07-15', 1, '2020-07-21 03:54:00'), (772, '2020-07-12#2', 0.00, 0.00, 4, '2020-07-16', 1, '2020-07-21 03:54:00'), (773, '2020-07-12#2', 0.00, 0.00, 4, '2020-07-17', 1, '2020-07-21 03:54:00'), (774, '2020-07-12#2', 150.00, 3.00, 3, '2020-07-18', 1, '2020-07-21 03:54:00'), (775, '2020-07-12#2', 0.00, 0.00, 4, '2020-07-19', 1, '2020-07-21 03:54:00'), (776, '2020-07-12#2', 50.00, 1.00, 1, '2020-07-20', 1, '2020-07-21 03:54:00'), (777, '2020-07-13#2', 50.00, 1.00, 1, '2020-07-14', 1, '2020-07-21 04:01:20'), (778, '2020-07-13#2', 50.00, 1.00, 1, '2020-07-15', 1, '2020-07-21 04:01:20'), (779, '2020-07-13#2', 50.00, 1.00, 1, '2020-07-16', 1, '2020-07-21 04:01:20'), (780, '2020-07-13#2', 50.00, 1.00, 1, '2020-07-17', 1, '2020-07-21 04:01:20'), (781, '2020-07-13#2', 0.00, 0.00, 4, '2020-07-18', 1, '2020-07-21 04:01:20'), (782, '2020-07-13#2', 0.00, 0.00, 4, '2020-07-19', 1, '2020-07-21 04:01:20'), (783, '2020-07-13#2', 150.00, 3.00, 3, '2020-07-20', 1, '2020-07-21 04:01:20'), (784, '2020-07-15#8', 100.00, 1.00, 1, '2020-07-16', 1, '2020-07-21 04:04:21'), (785, '2020-07-15#8', 100.00, 1.00, 1, '2020-07-17', 1, '2020-07-21 04:04:21'), (786, '2020-07-15#8', 100.00, 1.00, 1, '2020-07-18', 1, '2020-07-21 04:04:21'), (787, '2020-07-15#8', 0.00, 0.00, 4, '2020-07-19', 1, '2020-07-21 04:04:21'), (788, '2020-07-09#3', 50.00, 1.00, 1, '2020-07-10', 1, '2020-07-21 04:11:39'), (789, '2020-07-09#3', 50.00, 1.00, 1, '2020-07-11', 1, '2020-07-21 04:11:39'), (790, '2020-07-09#3', 50.00, 1.00, 1, '2020-07-12', 1, '2020-07-21 04:11:39'), (791, '2020-07-09#3', 50.00, 1.00, 1, '2020-07-13', 1, '2020-07-21 04:11:39'), (792, '2020-07-09#3', 50.00, 1.00, 1, '2020-07-14', 1, '2020-07-21 04:11:39'), (793, '2020-07-09#3', 50.00, 1.00, 1, '2020-07-15', 1, '2020-07-21 04:11:39'), (794, '2020-07-09#3', 50.00, 1.00, 1, '2020-07-16', 1, '2020-07-21 04:11:39'), (795, '2020-07-09#3', 50.00, 1.00, 1, '2020-07-17', 1, '2020-07-21 04:11:39'), (796, '2020-07-09#3', 50.00, 1.00, 1, '2020-07-18', 1, '2020-07-21 04:11:39'), (797, '2020-07-09#3', 0.00, 0.00, 4, '2020-07-19', 1, '2020-07-21 04:11:39'), (798, '2020-07-09#3', 50.00, 1.00, 1, '2020-07-20', 1, '2020-07-21 04:11:39'), (799, '2020-07-15#8', 100.00, 1.00, 1, '2020-07-20', 1, '2020-07-21 16:11:39'), (800, '2020-07-11#6', 0.00, 0.00, 4, '2020-07-12', 1, '2020-07-21 04:15:26'), (801, '2020-07-11#6', 200.00, 2.00, 3, '2020-07-13', 1, '2020-07-21 04:15:26'), (802, '2020-07-11#6', 100.00, 1.00, 1, '2020-07-14', 1, '2020-07-21 04:15:26'), (803, '2020-07-11#6', 100.00, 1.00, 1, '2020-07-15', 1, '2020-07-21 04:15:26'), (804, '2020-07-11#6', 100.00, 1.00, 1, '2020-07-16', 1, '2020-07-21 04:15:26'), (805, '2020-07-11#6', 100.00, 1.00, 1, '2020-07-17', 1, '2020-07-21 04:15:26'), (806, '2020-07-11#6', 100.00, 1.00, 1, '2020-07-18', 1, '2020-07-21 04:15:26'), (807, '2020-07-11#6', 0.00, 0.00, 4, '2020-07-19', 1, '2020-07-21 04:15:26'), (808, '2020-07-11#6', 200.00, 2.00, 3, '2020-07-20', 1, '2020-07-21 04:15:26'), (809, '2020-07-06#2', 200.00, 2.00, 3, '2020-07-07', 1, '2020-07-21 04:26:48'), (810, '2020-07-06#2', 0.00, 0.00, 4, '2020-07-08', 1, '2020-07-21 04:26:48'), (811, '2020-07-06#2', 300.00, 3.00, 3, '2020-07-09', 1, '2020-07-21 04:26:48'), (812, '2020-07-06#2', 0.00, 0.00, 4, '2020-07-10', 1, '2020-07-21 04:26:48'), (813, '2020-07-06#2', 0.00, 0.00, 4, '2020-07-11', 1, '2020-07-21 04:26:48'), (814, '2020-07-06#2', 0.00, 0.00, 4, '2020-07-12', 1, '2020-07-21 04:26:48'), (815, '2020-07-06#2', 300.00, 3.00, 3, '2020-07-13', 1, '2020-07-21 04:26:48'), (816, '2020-07-06#2', 0.00, 0.00, 4, '2020-07-14', 1, '2020-07-21 04:26:48'), (817, '2020-07-06#2', 200.00, 2.00, 3, '2020-07-15', 1, '2020-07-21 04:26:48'), (818, '2020-07-06#2', 0.00, 0.00, 4, '2020-07-16', 1, '2020-07-21 04:26:48'), (819, '2020-07-06#2', 200.00, 2.00, 3, '2020-07-17', 1, '2020-07-21 04:26:48'), (820, '2020-07-06#2', 0.00, 0.00, 4, '2020-07-18', 1, '2020-07-21 04:26:48'), (821, '2020-07-06#2', 0.00, 0.00, 4, '2020-07-19', 1, '2020-07-21 04:26:48'), (822, '2020-07-06#2', 0.00, 0.00, 4, '2020-07-20', 1, '2020-07-21 04:26:48'), (823, '2020-07-10#2', 50.00, 1.00, 1, '2020-07-11', 1, '2020-07-21 04:32:11'), (824, '2020-07-10#2', 0.00, 0.00, 4, '2020-07-12', 1, '2020-07-21 04:32:11'), (825, '2020-07-10#2', 100.00, 2.00, 3, '2020-07-13', 1, '2020-07-21 04:32:11'), (826, '2020-07-10#2', 0.00, 0.00, 4, '2020-07-14', 1, '2020-07-21 04:32:11'), (827, '2020-07-10#2', 100.00, 2.00, 3, '2020-07-15', 1, '2020-07-21 04:32:11'), (828, '2020-07-10#2', 0.00, 0.00, 4, '2020-07-16', 1, '2020-07-21 04:32:11'), (829, '2020-07-10#2', 100.00, 2.00, 3, '2020-07-17', 1, '2020-07-21 04:32:11'), (830, '2020-07-10#2', 100.00, 2.00, 3, '2020-07-18', 1, '2020-07-21 04:32:11'), (831, '2020-07-10#2', 0.00, 0.00, 4, '2020-07-19', 1, '2020-07-21 04:32:11'), (832, '2020-07-10#2', 0.00, 0.00, 4, '2020-07-20', 1, '2020-07-21 04:32:11'), (833, '2020-06-30#1', 0.00, 0.00, 4, '2020-07-01', 1, '2020-07-21 04:38:09'), (834, '2020-06-30#1', 0.00, 0.00, 4, '2020-07-02', 1, '2020-07-21 04:38:09'), (835, '2020-06-30#1', 0.00, 0.00, 4, '2020-07-03', 1, '2020-07-21 04:38:09'), (836, '2020-06-30#1', 0.00, 0.00, 4, '2020-07-04', 1, '2020-07-21 04:38:09'), (837, '2020-06-30#1', 0.00, 0.00, 4, '2020-07-05', 1, '2020-07-21 04:38:09'), (838, '2020-06-30#1', 200.00, 4.00, 3, '2020-07-06', 1, '2020-07-21 04:38:09'), (839, '2020-06-30#1', 0.00, 0.00, 4, '2020-07-07', 1, '2020-07-21 04:38:09'), (840, '2020-06-30#1', 0.00, 0.00, 4, '2020-07-08', 1, '2020-07-21 04:38:09'), (841, '2020-06-30#1', 0.00, 0.00, 4, '2020-07-09', 1, '2020-07-21 04:38:09'), (842, '2020-06-30#1', 0.00, 0.00, 4, '2020-07-10', 1, '2020-07-21 04:38:09'), (843, '2020-06-30#1', 0.00, 0.00, 4, '2020-07-11', 1, '2020-07-21 04:38:09'), (844, '2020-06-30#1', 0.00, 0.00, 4, '2020-07-12', 1, '2020-07-21 04:38:09'), (845, '2020-06-30#1', 0.00, 0.00, 4, '2020-07-13', 1, '2020-07-21 04:38:09'), (846, '2020-06-30#1', 200.00, 4.00, 3, '2020-07-14', 1, '2020-07-21 04:38:09'), (847, '2020-06-30#1', 0.00, 0.00, 4, '2020-07-15', 1, '2020-07-21 04:38:09'), (848, '2020-06-30#1', 0.00, 0.00, 4, '2020-07-16', 1, '2020-07-21 04:38:09'), (849, '2020-06-30#1', 0.00, 0.00, 4, '2020-07-17', 1, '2020-07-21 04:38:09'), (850, '2020-06-30#1', 200.00, 4.00, 3, '2020-07-18', 1, '2020-07-21 04:38:09'), (851, '2020-06-30#1', 0.00, 0.00, 4, '2020-07-19', 1, '2020-07-21 04:38:10'), (852, '2020-06-30#1', 0.00, 0.00, 4, '2020-07-20', 1, '2020-07-21 04:38:10'), (853, '2020-07-18#7', 0.00, 0.00, 4, '2020-07-19', 1, '2020-07-21 04:42:03'), (854, '2020-07-18#7', 0.00, 0.00, 4, '2020-07-20', 1, '2020-07-21 04:42:03'), (855, '2020-06-30#2', 0.00, 0.00, 4, '2020-07-01', 1, '2020-07-21 04:57:02'), (856, '2020-06-30#2', 100.00, 2.00, 3, '2020-07-02', 1, '2020-07-21 04:57:02'), (857, '2020-06-30#2', 0.00, 0.00, 4, '2020-07-03', 1, '2020-07-21 04:57:02'), (858, '2020-06-30#2', 0.00, 0.00, 4, '2020-07-04', 1, '2020-07-21 04:57:02'), (859, '2020-06-30#2', 100.00, 2.00, 3, '2020-07-05', 1, '2020-07-21 04:57:02'), (860, '2020-06-30#2', 100.00, 2.00, 3, '2020-07-06', 1, '2020-07-21 04:57:02'), (861, '2020-06-30#2', 0.00, 0.00, 4, '2020-07-07', 1, '2020-07-21 04:57:02'), (862, '2020-06-30#2', 50.00, 1.00, 1, '2020-07-08', 1, '2020-07-21 04:57:02'), (863, '2020-06-30#2', 0.00, 0.00, 4, '2020-07-09', 1, '2020-07-21 04:57:02'), (864, '2020-06-30#2', 100.00, 2.00, 3, '2020-07-10', 1, '2020-07-21 04:57:02'), (865, '2020-06-30#2', 0.00, 0.00, 4, '2020-07-11', 1, '2020-07-21 04:57:02'), (866, '2020-06-30#2', 0.00, 0.00, 4, '2020-07-12', 1, '2020-07-21 04:57:02'), (867, '2020-06-30#2', 0.00, 0.00, 4, '2020-07-13', 1, '2020-07-21 04:57:02'), (868, '2020-06-30#2', 100.00, 2.00, 3, '2020-07-14', 1, '2020-07-21 04:57:02'), (869, '2020-06-30#2', 0.00, 0.00, 4, '2020-07-15', 1, '2020-07-21 04:57:02'), (870, '2020-06-30#2', 100.00, 2.00, 3, '2020-07-16', 1, '2020-07-21 04:57:02'), (871, '2020-06-30#2', 100.00, 2.00, 3, '2020-07-17', 1, '2020-07-21 04:57:02'), (872, '2020-06-30#2', 0.00, 0.00, 4, '2020-07-18', 1, '2020-07-21 04:57:02'), (873, '2020-06-30#2', 0.00, 0.00, 4, '2020-07-19', 1, '2020-07-21 04:57:02'), (874, '2020-06-30#2', 100.00, 2.00, 3, '2020-07-20', 1, '2020-07-21 04:57:02'), (875, '2020-06-29#7', 50.00, 1.00, 1, '2020-06-30', 1, '2020-07-21 05:07:29'), (876, '2020-06-29#7', 50.00, 1.00, 1, '2020-07-01', 1, '2020-07-21 05:07:29'), (877, '2020-06-29#7', 50.00, 1.00, 1, '2020-07-02', 1, '2020-07-21 05:07:29'), (878, '2020-06-29#7', 50.00, 1.00, 1, '2020-07-03', 1, '2020-07-21 05:07:29'), (879, '2020-06-29#7', 100.00, 2.00, 3, '2020-07-04', 1, '2020-07-21 05:07:29'), (880, '2020-06-29#7', 0.00, 0.00, 4, '2020-07-05', 1, '2020-07-21 05:07:29'), (881, '2020-06-29#7', 50.00, 1.00, 1, '2020-07-06', 1, '2020-07-21 05:07:29'), (882, '2020-06-29#7', 50.00, 1.00, 1, '2020-07-07', 1, '2020-07-21 05:07:29'), (883, '2020-06-29#7', 50.00, 1.00, 1, '2020-07-08', 1, '2020-07-21 05:07:29'), (884, '2020-06-29#7', 100.00, 2.00, 3, '2020-07-09', 1, '2020-07-21 05:07:29'), (885, '2020-06-29#7', 0.00, 0.00, 4, '2020-07-10', 1, '2020-07-21 05:07:29'), (886, '2020-06-29#7', 100.00, 2.00, 3, '2020-07-11', 1, '2020-07-21 05:07:29'), (887, '2020-06-29#7', 0.00, 0.00, 4, '2020-07-12', 1, '2020-07-21 05:07:29'), (888, '2020-06-29#7', 100.00, 2.00, 3, '2020-07-13', 1, '2020-07-21 05:07:29'), (889, '2020-06-29#7', 0.00, 0.00, 4, '2020-07-14', 1, '2020-07-21 05:07:29'), (890, '2020-06-29#7', 50.00, 1.00, 1, '2020-07-15', 1, '2020-07-21 05:07:29'), (891, '2020-06-29#7', 50.00, 1.00, 1, '2020-07-16', 1, '2020-07-21 05:07:29'), (892, '2020-06-29#7', 50.00, 1.00, 1, '2020-07-17', 1, '2020-07-21 05:07:29'), (893, '2020-06-29#7', 100.00, 2.00, 3, '2020-07-18', 1, '2020-07-21 05:07:29'), (894, '2020-06-29#7', 0.00, 0.00, 4, '2020-07-19', 1, '2020-07-21 05:07:29'), (895, '2020-06-29#7', 50.00, 1.00, 1, '2020-07-20', 1, '2020-07-21 05:07:29'), (896, '2020-07-20#6', 0.00, 0.00, 4, '2020-07-20', 1, '2020-07-21 17:07:29'), (897, '2020-07-07#2', 100.00, 1.00, 1, '2020-07-08', 1, '2020-07-21 05:15:46'), (898, '2020-07-07#2', 0.00, 0.00, 4, '2020-07-09', 1, '2020-07-21 05:15:46'), (899, '2020-07-07#2', 100.00, 1.00, 1, '2020-07-10', 1, '2020-07-21 05:15:46'), (900, '2020-07-07#2', 300.00, 3.00, 3, '2020-07-11', 1, '2020-07-21 05:15:46'), (901, '2020-07-07#2', 0.00, 0.00, 4, '2020-07-12', 1, '2020-07-21 05:15:46'), (902, '2020-07-07#2', 0.00, 0.00, 4, '2020-07-13', 1, '2020-07-21 05:15:46'), (903, '2020-07-07#2', 100.00, 1.00, 1, '2020-07-14', 1, '2020-07-21 05:15:46'), (904, '2020-07-07#2', 200.00, 2.00, 3, '2020-07-15', 1, '2020-07-21 05:15:46'), (905, '2020-07-07#2', 0.00, 0.00, 4, '2020-07-16', 1, '2020-07-21 05:15:46'), (906, '2020-07-07#2', 100.00, 1.00, 1, '2020-07-17', 1, '2020-07-21 05:15:46'), (907, '2020-07-07#2', 100.00, 1.00, 1, '2020-07-18', 1, '2020-07-21 05:15:46'), (908, '2020-07-07#2', 0.00, 0.00, 4, '2020-07-19', 1, '2020-07-21 05:15:46'), (909, '2020-07-07#2', 200.00, 2.00, 3, '2020-07-20', 1, '2020-07-21 05:15:46'), (910, '2020-07-14#5', 100.00, 1.00, 1, '2020-07-15', 1, '2020-07-21 05:20:38'), (911, '2020-07-14#5', 100.00, 1.00, 1, '2020-07-16', 1, '2020-07-21 05:20:38'), (912, '2020-07-14#5', 100.00, 1.00, 1, '2020-07-17', 1, '2020-07-21 05:20:38'), (913, '2020-07-14#5', 0.00, 0.00, 4, '2020-07-18', 1, '2020-07-21 05:20:38'), (914, '2020-07-14#5', 0.00, 0.00, 4, '2020-07-19', 1, '2020-07-21 05:20:38'), (915, '2020-07-14#5', 100.00, 1.00, 1, '2020-07-20', 1, '2020-07-21 05:20:38'), (916, '2020-06-30#3', 100.00, 1.00, 1, '2020-07-01', 1, '2020-07-21 05:26:21'), (917, '2020-06-30#3', 100.00, 1.00, 1, '2020-07-02', 1, '2020-07-21 05:26:21'), (918, '2020-06-30#3', 100.00, 1.00, 1, '2020-07-03', 1, '2020-07-21 05:26:21'), (919, '2020-06-30#3', 200.00, 2.00, 3, '2020-07-04', 1, '2020-07-21 05:26:21'), (920, '2020-06-30#3', 0.00, 0.00, 4, '2020-07-05', 1, '2020-07-21 05:26:21'), (921, '2020-06-30#3', 100.00, 1.00, 1, '2020-07-06', 1, '2020-07-21 05:26:21'), (922, '2020-06-30#3', 100.00, 1.00, 1, '2020-07-07', 1, '2020-07-21 05:26:21'), (923, '2020-06-30#3', 100.00, 1.00, 1, '2020-07-08', 1, '2020-07-21 05:26:21'), (924, '2020-06-30#3', 100.00, 1.00, 1, '2020-07-09', 1, '2020-07-21 05:26:21'), (925, '2020-06-30#3', 100.00, 1.00, 1, '2020-07-10', 1, '2020-07-21 05:26:21'), (926, '2020-06-30#3', 100.00, 1.00, 1, '2020-07-11', 1, '2020-07-21 05:26:21'), (927, '2020-06-30#3', 0.00, 0.00, 4, '2020-07-12', 1, '2020-07-21 05:26:21'), (928, '2020-06-30#3', 200.00, 2.00, 3, '2020-07-13', 1, '2020-07-21 05:26:21'), (929, '2020-06-30#3', 100.00, 1.00, 1, '2020-07-14', 1, '2020-07-21 05:26:21'), (930, '2020-06-30#3', 100.00, 1.00, 1, '2020-07-15', 1, '2020-07-21 05:26:21'), (931, '2020-06-30#3', 100.00, 1.00, 1, '2020-07-16', 1, '2020-07-21 05:26:21');
INSERT INTO `abono` VALUES (932, '2020-06-30#3', 100.00, 1.00, 1, '2020-07-17', 1, '2020-07-21 05:26:21'), (933, '2020-06-30#3', 100.00, 1.00, 1, '2020-07-18', 1, '2020-07-21 05:26:21'), (934, '2020-06-30#3', 0.00, 0.00, 4, '2020-07-19', 1, '2020-07-21 05:26:21'), (935, '2020-06-30#3', 200.00, 2.00, 3, '2020-07-20', 1, '2020-07-21 05:26:21'), (936, '2020-07-06#3', 100.00, 1.00, 1, '2020-07-07', 1, '2020-07-21 06:16:42'), (937, '2020-07-06#3', 100.00, 1.00, 1, '2020-07-08', 1, '2020-07-21 06:16:42'), (938, '2020-07-06#3', 100.00, 1.00, 1, '2020-07-09', 1, '2020-07-21 06:16:42'), (939, '2020-07-06#3', 100.00, 1.00, 1, '2020-07-10', 1, '2020-07-21 06:16:42'), (940, '2020-07-06#3', 100.00, 1.00, 1, '2020-07-11', 1, '2020-07-21 06:16:42'), (941, '2020-07-06#3', 0.00, 0.00, 4, '2020-07-12', 1, '2020-07-21 06:16:42'), (942, '2020-07-06#3', 100.00, 1.00, 1, '2020-07-13', 1, '2020-07-21 06:16:42'), (943, '2020-07-06#3', 100.00, 1.00, 1, '2020-07-14', 1, '2020-07-21 06:16:42'), (944, '2020-07-06#3', 100.00, 1.00, 1, '2020-07-15', 1, '2020-07-21 06:16:42'), (945, '2020-07-06#3', 0.00, 0.00, 4, '2020-07-16', 1, '2020-07-21 06:16:42'), (946, '2020-07-06#3', 200.00, 2.00, 3, '2020-07-17', 1, '2020-07-21 06:16:42'), (947, '2020-07-06#3', 100.00, 1.00, 1, '2020-07-18', 1, '2020-07-21 06:16:42'), (948, '2020-07-06#3', 0.00, 0.00, 4, '2020-07-19', 1, '2020-07-21 06:16:42'), (949, '2020-07-06#3', 200.00, 2.00, 3, '2020-07-20', 1, '2020-07-21 06:16:42'), (950, '2020-07-11#7', 0.00, 0.00, 4, '2020-07-12', 1, '2020-07-21 06:35:50'), (951, '2020-07-11#7', 100.00, 2.00, 3, '2020-07-13', 1, '2020-07-21 06:35:50'), (952, '2020-07-11#7', 50.00, 1.00, 1, '2020-07-14', 1, '2020-07-21 06:35:50'), (953, '2020-07-11#7', 50.00, 1.00, 1, '2020-07-15', 1, '2020-07-21 06:35:50'), (954, '2020-07-11#7', 0.00, 0.00, 4, '2020-07-16', 1, '2020-07-21 06:35:50'), (955, '2020-07-11#7', 0.00, 0.00, 4, '2020-07-17', 1, '2020-07-21 06:35:50'), (956, '2020-07-11#7', 0.00, 0.00, 4, '2020-07-18', 1, '2020-07-21 06:35:50'), (957, '2020-07-11#7', 0.00, 0.00, 4, '2020-07-19', 1, '2020-07-21 06:35:50'), (958, '2020-07-11#7', 300.00, 6.00, 3, '2020-07-20', 1, '2020-07-21 06:35:50'), (959, '2020-06-30#4', 100.00, 1.00, 1, '2020-07-01', 1, '2020-07-21 07:00:09'), (960, '2020-06-30#4', 100.00, 1.00, 1, '2020-07-02', 1, '2020-07-21 07:00:09'), (961, '2020-06-30#4', 100.00, 1.00, 1, '2020-07-03', 1, '2020-07-21 07:00:09'), (962, '2020-06-30#4', 100.00, 1.00, 1, '2020-07-04', 1, '2020-07-21 07:00:09'), (963, '2020-06-30#4', 200.00, 2.00, 3, '2020-07-05', 1, '2020-07-21 07:00:09'), (964, '2020-06-30#4', 0.00, 0.00, 4, '2020-07-06', 1, '2020-07-21 07:00:09'), (965, '2020-06-30#4', 100.00, 1.00, 1, '2020-07-07', 1, '2020-07-21 07:00:09'), (966, '2020-06-30#4', 200.00, 2.00, 3, '2020-07-08', 1, '2020-07-21 07:00:09'), (967, '2020-06-30#4', 0.00, 0.00, 4, '2020-07-09', 1, '2020-07-21 07:00:09'), (968, '2020-06-30#4', 100.00, 1.00, 1, '2020-07-10', 1, '2020-07-21 07:00:09'), (969, '2020-06-30#4', 100.00, 1.00, 1, '2020-07-11', 1, '2020-07-21 07:00:09'), (970, '2020-06-30#4', 0.00, 0.00, 4, '2020-07-12', 1, '2020-07-21 07:00:09'), (971, '2020-06-30#4', 200.00, 2.00, 3, '2020-07-13', 1, '2020-07-21 07:00:09'), (972, '2020-06-30#4', 100.00, 1.00, 1, '2020-07-14', 1, '2020-07-21 07:00:09'), (973, '2020-06-30#4', 100.00, 1.00, 1, '2020-07-15', 1, '2020-07-21 07:00:09'), (974, '2020-06-30#4', 100.00, 1.00, 1, '2020-07-16', 1, '2020-07-21 07:00:09'), (975, '2020-06-30#4', 100.00, 1.00, 1, '2020-07-17', 1, '2020-07-21 07:00:09'), (976, '2020-06-30#4', 100.00, 1.00, 1, '2020-07-18', 1, '2020-07-21 07:00:09'), (977, '2020-06-30#4', 0.00, 0.00, 4, '2020-07-19', 1, '2020-07-21 07:00:09'), (978, '2020-06-30#4', 0.00, 0.00, 4, '2020-07-20', 1, '2020-07-21 07:00:09'), (979, '2020-07-20#7', 0.00, 0.00, 4, '2020-07-20', 1, '2020-07-21 19:09:11'), (980, '2020-07-20#8', 0.00, 0.00, 4, '2020-07-20', 1, '2020-07-21 19:12:31'), (981, '2020-07-20#9', 0.00, 0.00, 4, '2020-07-20', 1, '2020-07-21 19:14:19'), (982, '2020-06-29#4', 500.00, 19.00, 7, '2020-07-21', 1, '2020-07-21 07:15:11'), (983, '2020-07-20#10', 0.00, 0.00, 4, '2020-07-20', 1, '2020-07-21 19:15:42'), (984, '2020-07-20#11', 0.00, 0.00, 4, '2020-07-20', 1, '2020-07-21 19:32:33'), (985, '2020-07-16#4', 0.00, 0.00, 4, '2020-07-17', 1, '2020-07-21 07:39:03'), (986, '2020-07-16#4', 0.00, 0.00, 4, '2020-07-18', 1, '2020-07-21 07:39:03'), (987, '2020-07-16#4', 0.00, 0.00, 4, '2020-07-19', 1, '2020-07-21 07:39:03'), (988, '2020-07-16#4', 0.00, 0.00, 4, '2020-07-20', 1, '2020-07-21 07:39:03'), (989, '2020-07-16#3', 0.00, 0.00, 4, '2020-07-20', 1, '2020-07-21 19:39:03'), (990, '2020-04-03#0', 0.00, 0.00, 4, '2020-07-21', 1, '2020-07-21 08:34:39'), (991, '2020-06-28#0', 100.00, 1.00, 1, '2020-07-21', 1, '2020-07-21 08:34:50'), (992, '2020-06-29#0', 0.00, 0.00, 4, '2020-07-21', 1, '2020-07-21 08:35:22'), (993, '2020-06-29#1', 100.00, 1.00, 1, '2020-07-21', 1, '2020-07-21 08:39:29'), (994, '2020-06-29#3', 100.00, 1.00, 1, '2020-07-21', 1, '2020-07-21 08:39:46'), (995, '2020-06-29#5', 150.00, 3.00, 3, '2020-07-21', 1, '2020-07-21 08:42:03'), (996, '2020-06-29#6', 100.00, 1.00, 1, '2020-07-21', 1, '2020-07-21 08:42:11'), (997, '2020-06-29#7', 0.00, 0.00, 4, '2020-07-21', 1, '2020-07-21 08:42:46'), (998, '2020-06-30#0', 50.00, 1.00, 1, '2020-07-21', 1, '2020-07-21 08:43:37'), (999, '2020-06-30#1', 0.00, 0.00, 4, '2020-07-21', 1, '2020-07-21 08:44:00'), (1000, '2020-06-30#2', 100.00, 2.00, 3, '2020-07-21', 1, '2020-07-21 08:44:42'), (1001, '2020-06-30#3', 100.00, 1.00, 1, '2020-07-21', 1, '2020-07-21 08:44:57'), (1002, '2020-06-30#4', 300.00, 3.00, 3, '2020-07-21', 1, '2020-07-21 08:45:25'), (1003, '2020-07-06#0', 100.00, 1.00, 1, '2020-07-21', 1, '2020-07-21 08:45:53'), (1004, '2020-07-11#5', 100.00, 1.00, 1, '2020-07-21', 1, '2020-07-21 08:46:18'), (1005, '2020-07-14#0', 50.00, 1.00, 1, '2020-07-21', 1, '2020-07-21 08:46:32'), (1006, '2020-07-20#7', 250.00, 1.00, 1, '2020-07-21', 1, '2020-07-21 08:46:55'), (1007, '2020-07-20#11', 150.00, 1.00, 1, '2020-07-21', 1, '2020-07-21 08:47:07'), (1008, '2020-07-18#2', 100.00, 1.00, 1, '2020-07-21', 1, '2020-07-21 08:47:18'), (1009, '2020-07-18#1', 200.00, 1.00, 1, '2020-07-21', 1, '2020-07-21 08:49:20'), (1010, '2020-07-15#7', 550.00, 1.00, 1, '2020-07-21', 1, '2020-07-21 08:49:31'), (1011, '2020-07-18#0', 150.00, 1.00, 1, '2020-07-21', 1, '2020-07-21 08:49:56'), (1012, '2020-07-18#3', 50.00, 1.00, 1, '2020-07-21', 1, '2020-07-21 08:50:42'), (1013, '2020-07-20#1', 50.00, 1.00, 1, '2020-07-21', 1, '2020-07-21 08:50:51'), (1014, '2020-07-18#7', 200.00, 2.00, 3, '2020-07-21', 1, '2020-07-21 08:51:00'), (1015, '2020-07-20#4', 50.00, 1.00, 1, '2020-07-21', 1, '2020-07-21 08:51:15'), (1016, '2020-07-15#8', 100.00, 1.00, 1, '2020-07-21', 1, '2020-07-21 08:51:25'), (1017, '2020-07-14#2', 100.00, 1.00, 1, '2020-07-21', 1, '2020-07-21 08:52:10'), (1018, '2020-07-17#0', 300.00, 2.00, 3, '2020-07-21', 1, '2020-07-21 08:52:26'), (1019, '2020-07-16#0', 50.00, 1.00, 1, '2020-07-21', 1, '2020-07-21 08:52:53'), (1020, '2020-07-14#4', 0.00, 0.00, 4, '2020-07-21', 1, '2020-07-21 08:53:07'), (1021, '2020-07-13#2', 0.00, 0.00, 4, '2020-07-21', 1, '2020-07-21 08:53:30'), (1022, '2020-07-16#4', 400.00, 4.00, 3, '2020-07-21', 1, '2020-07-21 08:54:05'), (1023, '2020-07-06#1', 0.00, 0.00, 4, '2020-07-21', 1, '2020-07-21 08:55:15'), (1024, '2020-07-05#3', 100.00, 2.00, 3, '2020-07-21', 1, '2020-07-21 08:55:57'), (1025, '2020-07-02#0', 0.00, 0.00, 4, '2020-07-21', 1, '2020-07-21 08:56:15'), (1026, '2020-07-02#2', 0.00, 0.00, 4, '2020-07-21', 1, '2020-07-21 08:56:52'), (1027, '2020-07-09#3', 50.00, 1.00, 1, '2020-07-21', 1, '2020-07-21 08:57:03'), (1028, '2020-07-06#2', 500.00, 5.00, 3, '2020-07-21', 1, '2020-07-21 08:57:29'), (1029, '2020-07-05#1', 300.00, 2.00, 3, '2020-07-21', 1, '2020-07-21 08:59:02'), (1030, '2020-07-10#1', 0.00, 0.00, 4, '2020-07-21', 1, '2020-07-21 08:59:17'), (1031, '2020-07-09#2', 0.00, 0.00, 4, '2020-07-21', 1, '2020-07-21 09:00:00'), (1032, '2020-07-11#7', 0.00, 0.00, 4, '2020-07-21', 1, '2020-07-21 09:00:13'), (1033, '2020-07-11#2', 0.00, 0.00, 4, '2020-07-21', 1, '2020-07-21 09:00:22'), (1034, '2020-07-15#0', 0.00, 0.00, 4, '2020-07-21', 1, '2020-07-21 09:01:08'), (1035, '2020-07-07#0', 50.00, 1.00, 1, '2020-07-21', 1, '2020-07-21 09:01:29'), (1036, '2020-07-20#2', 50.00, 1.00, 1, '2020-07-21', 1, '2020-07-21 09:02:37'), (1037, '2020-07-11#0', 0.00, 0.00, 4, '2020-07-21', 1, '2020-07-21 09:02:58'), (1038, '2020-07-14#5', 0.00, 0.00, 4, '2020-07-21', 1, '2020-07-21 09:03:11'), (1039, '2020-07-05#2', 0.00, 0.00, 4, '2020-07-21', 1, '2020-07-21 09:03:38'), (1040, '2020-07-06#3', 0.00, 0.00, 4, '2020-07-21', 1, '2020-07-21 09:03:55'), (1041, '2020-07-07#1', 100.00, 1.00, 1, '2020-07-21', 1, '2020-07-21 09:04:10'), (1042, '2020-07-07#2', 100.00, 1.00, 1, '2020-07-21', 1, '2020-07-21 09:04:23'), (1043, '2020-07-09#0', 100.00, 1.00, 1, '2020-07-21', 1, '2020-07-21 09:04:49'), (1044, '2020-07-09#1', 50.00, 1.00, 1, '2020-07-21', 1, '2020-07-21 09:04:55'), (1045, '2020-07-10#0', 0.00, 0.00, 4, '2020-07-21', 1, '2020-07-21 09:05:06'), (1046, '2020-07-10#2', 100.00, 2.00, 3, '2020-07-21', 1, '2020-07-21 09:06:12'), (1047, '2020-07-14#1', 100.00, 1.00, 1, '2020-07-21', 1, '2020-07-21 09:06:26'), (1048, '2020-07-11#3', 100.00, 1.00, 1, '2020-07-21', 1, '2020-07-21 09:21:58'), (1049, '2020-07-13#0', 50.00, 1.00, 1, '2020-07-21', 1, '2020-07-21 09:22:11'), (1050, '2020-07-14#3', 0.00, 0.00, 4, '2020-07-21', 1, '2020-07-21 09:22:23'), (1051, '2020-07-11#4', 50.00, 1.00, 1, '2020-07-21', 1, '2020-07-21 09:22:38'), (1052, '2020-07-11#6', 100.00, 1.00, 1, '2020-07-21', 1, '2020-07-21 09:22:50'), (1053, '2020-07-12#0', 50.00, 1.00, 1, '2020-07-21', 1, '2020-07-21 09:23:05'), (1054, '2020-07-20#9', 150.00, 1.00, 1, '2020-07-21', 1, '2020-07-21 09:23:23'), (1055, '2020-07-12#1', 0.00, 0.00, 4, '2020-07-21', 1, '2020-07-21 09:24:09'), (1056, '2020-07-16#1', 0.00, 0.00, 4, '2020-07-21', 1, '2020-07-21 09:24:22'), (1057, '2020-07-20#0', 300.00, 3.00, 3, '2020-07-21', 1, '2020-07-21 09:24:39'), (1058, '2020-07-12#2', 50.00, 1.00, 1, '2020-07-21', 1, '2020-07-21 09:24:57'), (1059, '2020-07-13#1', 100.00, 1.00, 1, '2020-07-21', 1, '2020-07-21 09:25:21'), (1060, '2020-07-15#1', 100.00, 1.00, 1, '2020-07-21', 1, '2020-07-21 09:25:38'), (1061, '2020-07-15#3', 100.00, 2.00, 3, '2020-07-21', 1, '2020-07-21 09:25:59'), (1062, '2020-07-20#10', 50.00, 1.00, 1, '2020-07-21', 1, '2020-07-21 09:26:13'), (1063, '2020-07-15#4', 100.00, 1.00, 1, '2020-07-21', 1, '2020-07-21 09:26:19'), (1064, '2020-07-15#5', 0.00, 0.00, 4, '2020-07-21', 1, '2020-07-21 09:26:36'), (1065, '2020-07-15#6', 0.00, 0.00, 4, '2020-07-21', 1, '2020-07-21 09:26:50'), (1066, '2020-07-16#2', 0.00, 0.00, 4, '2020-07-21', 1, '2020-07-21 09:27:08'), (1068, '2020-07-18#4', 100.00, 1.00, 1, '2020-07-21', 1, '2020-07-21 09:27:37'), (1069, '2020-07-18#5', 0.00, 0.00, 4, '2020-07-21', 1, '2020-07-21 09:28:58'), (1070, '2020-07-18#6', 300.00, 3.00, 3, '2020-07-21', 1, '2020-07-21 09:29:15'), (1071, '2020-07-20#3', 100.00, 1.00, 1, '2020-07-21', 1, '2020-07-21 09:29:35'), (1072, '2020-07-20#5', 50.00, 1.00, 1, '2020-07-21', 1, '2020-07-21 09:30:11'), (1073, '2020-07-20#6', 0.00, 0.00, 4, '2020-07-21', 1, '2020-07-21 09:30:49'), (1074, '2020-07-20#8', 50.00, 1.00, 1, '2020-07-21', 1, '2020-07-21 09:31:08'), (1075, '2020-07-20#12', 0.00, 0.00, 4, '2020-07-20', 1, '2020-07-21 22:24:46'), (1076, '2020-07-20#13', 0.00, 0.00, 4, '2020-07-20', 1, '2020-07-21 22:26:44'), (1077, '2020-07-15#9', 250.00, 1.00, 1, '2020-07-16', 1, '2020-07-21 10:36:00'), (1078, '2020-07-15#9', 0.00, 0.00, 4, '2020-07-17', 1, '2020-07-21 10:36:00'), (1079, '2020-07-15#9', 0.00, 0.00, 4, '2020-07-18', 1, '2020-07-21 10:36:00'), (1080, '2020-07-15#9', 0.00, 0.00, 4, '2020-07-19', 1, '2020-07-21 10:36:00'), (1081, '2020-07-15#9', 0.00, 0.00, 4, '2020-07-20', 1, '2020-07-21 10:36:00'), (1082, '2020-07-15#9', 1000.00, 4.00, 3, '2020-07-21', 1, '2020-07-21 10:36:38'), (1083, '2020-07-09#4', 0.00, 0.00, 4, '2020-07-10', 1, '2020-07-21 10:49:09'), (1084, '2020-07-09#4', 200.00, 2.00, 3, '2020-07-11', 1, '2020-07-21 10:49:09'), (1085, '2020-07-09#4', 0.00, 0.00, 4, '2020-07-12', 1, '2020-07-21 10:49:09'), (1086, '2020-07-09#4', 200.00, 2.00, 3, '2020-07-13', 1, '2020-07-21 10:49:09'), (1087, '2020-07-09#4', 0.00, 0.00, 4, '2020-07-14', 1, '2020-07-21 10:49:09'), (1088, '2020-07-09#4', 200.00, 2.00, 3, '2020-07-15', 1, '2020-07-21 10:49:09'), (1089, '2020-07-09#4', 100.00, 1.00, 1, '2020-07-16', 1, '2020-07-21 10:49:09'), (1090, '2020-07-09#4', 100.00, 1.00, 1, '2020-07-17', 1, '2020-07-21 10:49:09'), (1091, '2020-07-09#4', 100.00, 1.00, 1, '2020-07-18', 1, '2020-07-21 10:49:09'), (1092, '2020-07-09#4', 0.00, 0.00, 4, '2020-07-19', 1, '2020-07-21 10:49:09'), (1093, '2020-07-09#4', 0.00, 0.00, 4, '2020-07-20', 1, '2020-07-21 10:49:09'), (1094, '2020-07-09#4', 300.00, 3.00, 3, '2020-07-21', 1, '2020-07-21 10:49:40'), (1095, '2020-07-05#4', 100.00, 1.00, 1, '2020-07-06', 1, '2020-07-21 10:57:24'), (1096, '2020-07-05#4', 0.00, 0.00, 4, '2020-07-07', 1, '2020-07-21 10:57:24'), (1097, '2020-07-05#4', 200.00, 2.00, 3, '2020-07-08', 1, '2020-07-21 10:57:24'), (1098, '2020-07-05#4', 100.00, 1.00, 1, '2020-07-09', 1, '2020-07-21 10:57:24'), (1099, '2020-07-05#4', 100.00, 1.00, 1, '2020-07-10', 1, '2020-07-21 10:57:24'), (1100, '2020-07-05#4', 100.00, 1.00, 1, '2020-07-11', 1, '2020-07-21 10:57:24'), (1101, '2020-07-05#4', 0.00, 0.00, 4, '2020-07-12', 1, '2020-07-21 10:57:24'), (1102, '2020-07-05#4', 100.00, 1.00, 1, '2020-07-13', 1, '2020-07-21 10:57:24'), (1103, '2020-07-05#4', 0.00, 0.00, 4, '2020-07-14', 1, '2020-07-21 10:57:24'), (1104, '2020-07-05#4', 200.00, 2.00, 3, '2020-07-15', 1, '2020-07-21 10:57:24'), (1105, '2020-07-05#4', 100.00, 1.00, 1, '2020-07-16', 1, '2020-07-21 10:57:24'), (1106, '2020-07-05#4', 0.00, 0.00, 4, '2020-07-17', 1, '2020-07-21 10:57:24'), (1107, '2020-07-05#4', 200.00, 2.00, 3, '2020-07-18', 1, '2020-07-21 10:57:24'), (1108, '2020-07-05#4', 0.00, 0.00, 4, '2020-07-19', 1, '2020-07-21 10:57:24'), (1109, '2020-07-05#4', 200.00, 2.00, 3, '2020-07-20', 1, '2020-07-21 10:57:24'), (1113, '2020-07-05#0', 0.00, 0.00, 4, '2020-07-21', 1, '2020-07-22 13:31:33'), (1114, '2020-07-05#4', 0.00, 0.00, 4, '2020-07-21', 1, '2020-07-22 13:31:33'), (1115, '2020-07-21#0', 0.00, 0.00, 4, '2020-07-21', 1, '2020-07-22 14:20:35'), (1116, '2020-07-21#1', 0.00, 0.00, 4, '2020-07-21', 1, '2020-07-22 14:20:35'), (1117, '2020-07-21#10', 0.00, 0.00, 4, '2020-07-21', 1, '2020-07-22 14:20:35'), (1118, '2020-07-21#2', 0.00, 0.00, 4, '2020-07-21', 1, '2020-07-22 14:20:35'), (1119, '2020-07-21#3', 0.00, 0.00, 4, '2020-07-21', 1, '2020-07-22 14:20:35'), (1120, '2020-07-21#4', 0.00, 0.00, 4, '2020-07-21', 1, '2020-07-22 14:20:35'), (1121, '2020-07-21#5', 0.00, 0.00, 4, '2020-07-21', 1, '2020-07-22 14:20:35'), (1122, '2020-07-21#6', 0.00, 0.00, 4, '2020-07-21', 1, '2020-07-22 14:20:35'), (1123, '2020-07-21#7', 0.00, 0.00, 4, '2020-07-21', 1, '2020-07-22 14:20:35'), (1124, '2020-07-21#8', 0.00, 0.00, 4, '2020-07-21', 1, '2020-07-22 14:20:35'), (1125, '2020-07-21#9', 0.00, 0.00, 4, '2020-07-21', 1, '2020-07-22 14:20:35'), (1126, '2020-07-07#3', 0.00, 0.00, 4, '2020-07-08', 1, '2020-07-22 03:29:02'), (1127, '2020-07-07#3', 200.00, 2.00, 3, '2020-07-09', 1, '2020-07-22 03:29:02'), (1128, '2020-07-07#3', 0.00, 0.00, 4, '2020-07-10', 1, '2020-07-22 03:29:02'), (1129, '2020-07-07#3', 100.00, 1.00, 1, '2020-07-11', 1, '2020-07-22 03:29:02'), (1130, '2020-07-07#3', 100.00, 1.00, 1, '2020-07-12', 1, '2020-07-22 03:29:02'), (1131, '2020-07-07#3', 200.00, 2.00, 3, '2020-07-13', 1, '2020-07-22 03:29:02'), (1132, '2020-07-07#3', 0.00, 0.00, 4, '2020-07-14', 1, '2020-07-22 03:29:02'), (1133, '2020-07-07#3', 200.00, 2.00, 3, '2020-07-15', 1, '2020-07-22 03:29:02'), (1134, '2020-07-07#3', 0.00, 0.00, 4, '2020-07-16', 1, '2020-07-22 03:29:02'), (1135, '2020-07-07#3', 200.00, 2.00, 3, '2020-07-17', 1, '2020-07-22 03:29:02'), (1136, '2020-07-07#3', 0.00, 0.00, 4, '2020-07-18', 1, '2020-07-22 03:29:02'), (1137, '2020-07-07#3', 0.00, 0.00, 4, '2020-07-19', 1, '2020-07-22 03:29:02'), (1138, '2020-07-07#3', 300.00, 3.00, 3, '2020-07-20', 1, '2020-07-22 03:29:02'), (1139, '2020-07-07#3', 100.00, 1.00, 1, '2020-07-21', 1, '2020-07-22 03:29:02'), (1140, '2020-07-06#4', 300.00, 3.00, 3, '2020-07-07', 1, '2020-07-22 03:41:46'), (1141, '2020-07-06#4', 0.00, 0.00, 4, '2020-07-08', 1, '2020-07-22 03:41:46'), (1142, '2020-07-06#4', 0.00, 0.00, 4, '2020-07-09', 1, '2020-07-22 03:41:46'), (1143, '2020-07-06#4', 100.00, 1.00, 1, '2020-07-10', 1, '2020-07-22 03:41:46'), (1144, '2020-07-06#4', 100.00, 1.00, 1, '2020-07-11', 1, '2020-07-22 03:41:46'), (1145, '2020-07-06#4', 100.00, 1.00, 1, '2020-07-12', 1, '2020-07-22 03:41:46'), (1146, '2020-07-06#4', 100.00, 1.00, 1, '2020-07-13', 1, '2020-07-22 03:41:46'), (1147, '2020-07-06#4', 0.00, 0.00, 4, '2020-07-14', 1, '2020-07-22 03:41:46'), (1148, '2020-07-06#4', 200.00, 2.00, 3, '2020-07-15', 1, '2020-07-22 03:41:46'), (1149, '2020-07-06#4', 100.00, 1.00, 1, '2020-07-16', 1, '2020-07-22 03:41:46'), (1150, '2020-07-06#4', 100.00, 1.00, 1, '2020-07-17', 1, '2020-07-22 03:41:46'), (1151, '2020-07-06#4', 100.00, 1.00, 1, '2020-07-18', 1, '2020-07-22 03:41:46'), (1152, '2020-07-06#4', 0.00, 0.00, 4, '2020-07-19', 1, '2020-07-22 03:41:46'), (1153, '2020-07-06#4', 100.00, 1.00, 1, '2020-07-20', 1, '2020-07-22 03:41:46'), (1154, '2020-07-06#4', 100.00, 1.00, 1, '2020-07-21', 1, '2020-07-22 03:41:46'), (1155, '2020-07-03#1', 0.00, 0.00, 4, '2020-07-04', 1, '2020-07-22 04:11:55'), (1156, '2020-07-03#1', 0.00, 0.00, 4, '2020-07-05', 1, '2020-07-22 04:11:55'), (1157, '2020-07-03#1', 450.00, 3.00, 3, '2020-07-06', 1, '2020-07-22 04:11:55'), (1158, '2020-07-03#1', 0.00, 0.00, 4, '2020-07-07', 1, '2020-07-22 04:11:55'), (1159, '2020-07-03#1', 300.00, 2.00, 3, '2020-07-08', 1, '2020-07-22 04:11:55'), (1160, '2020-07-03#1', 0.00, 0.00, 4, '2020-07-09', 1, '2020-07-22 04:11:55'), (1161, '2020-07-03#1', 300.00, 2.00, 3, '2020-07-10', 1, '2020-07-22 04:11:55'), (1162, '2020-07-03#1', 0.00, 0.00, 4, '2020-07-11', 1, '2020-07-22 04:11:55'), (1163, '2020-07-03#1', 0.00, 0.00, 4, '2020-07-12', 1, '2020-07-22 04:11:55'), (1164, '2020-07-03#1', 450.00, 3.00, 3, '2020-07-13', 1, '2020-07-22 04:11:55'), (1165, '2020-07-03#1', 0.00, 0.00, 4, '2020-07-14', 1, '2020-07-22 04:11:55'), (1166, '2020-07-03#1', 0.00, 0.00, 4, '2020-07-15', 1, '2020-07-22 04:11:55'), (1167, '2020-07-03#1', 450.00, 3.00, 3, '2020-07-16', 1, '2020-07-22 04:11:55'), (1168, '2020-07-03#1', 0.00, 0.00, 4, '2020-07-17', 1, '2020-07-22 04:11:55'), (1169, '2020-07-03#1', 300.00, 2.00, 3, '2020-07-18', 1, '2020-07-22 04:11:55'), (1170, '2020-07-03#1', 0.00, 0.00, 4, '2020-07-19', 1, '2020-07-22 04:11:55'), (1171, '2020-07-03#1', 300.00, 2.00, 3, '2020-07-20', 1, '2020-07-22 04:11:55'), (1172, '2020-07-03#1', 0.00, 0.00, 4, '2020-07-21', 1, '2020-07-22 04:11:55'), (1173, '2020-07-06#5', 100.00, 1.00, 1, '2020-07-07', 1, '2020-07-22 04:22:39'), (1174, '2020-07-06#5', 100.00, 1.00, 1, '2020-07-08', 1, '2020-07-22 04:22:39'), (1175, '2020-07-06#5', 100.00, 1.00, 1, '2020-07-09', 1, '2020-07-22 04:22:39'), (1176, '2020-07-06#5', 100.00, 1.00, 1, '2020-07-10', 1, '2020-07-22 04:22:39'), (1177, '2020-07-06#5', 100.00, 1.00, 1, '2020-07-11', 1, '2020-07-22 04:22:39'), (1178, '2020-07-06#5', 0.00, 0.00, 4, '2020-04-12', 1, '2020-07-22 04:22:39'), (1179, '2020-07-06#5', 200.00, 2.00, 3, '2020-07-13', 1, '2020-07-22 04:22:39'), (1180, '2020-07-06#5', 100.00, 1.00, 1, '2020-07-14', 1, '2020-07-22 04:22:39'), (1181, '2020-07-06#5', 100.00, 1.00, 1, '2020-07-15', 1, '2020-07-22 04:22:39'), (1182, '2020-07-06#5', 100.00, 1.00, 1, '2020-07-16', 1, '2020-07-22 04:22:39'), (1183, '2020-07-06#5', 100.00, 1.00, 1, '2020-07-17', 1, '2020-07-22 04:22:39'), (1184, '2020-07-06#5', 100.00, 1.00, 1, '2020-07-18', 1, '2020-07-22 04:22:39'), (1185, '2020-07-06#5', 0.00, 0.00, 4, '2020-07-19', 1, '2020-07-22 04:22:39'), (1186, '2020-07-06#5', 200.00, 2.00, 3, '2020-07-20', 1, '2020-07-22 04:22:39'), (1187, '2020-07-06#5', 100.00, 1.00, 1, '2020-07-21', 1, '2020-07-22 04:22:39'), (1188, '2020-07-13#3', 100.00, 1.00, 1, '2020-07-14', 1, '2020-07-22 04:26:47'), (1189, '2020-07-13#3', 100.00, 1.00, 1, '2020-07-15', 1, '2020-07-22 04:26:47'), (1190, '2020-07-13#3', 100.00, 1.00, 1, '2020-07-16', 1, '2020-07-22 04:26:47'), (1191, '2020-07-13#3', 100.00, 1.00, 1, '2020-07-17', 1, '2020-07-22 04:26:47'), (1192, '2020-07-13#3', 100.00, 1.00, 1, '2020-07-18', 1, '2020-07-22 04:26:47'), (1193, '2020-07-13#3', 0.00, 0.00, 4, '2020-07-19', 1, '2020-07-22 04:26:47'), (1194, '2020-07-13#3', 0.00, 0.00, 4, '2020-07-20', 1, '2020-07-22 04:26:47'), (1195, '2020-07-13#3', 200.00, 2.00, 3, '2020-07-21', 1, '2020-07-22 04:26:47'), (1196, '2020-06-24#0', 100.00, 1.00, 1, '2020-06-25', 1, '2020-07-22 04:39:23'), (1197, '2020-06-24#0', 100.00, 1.00, 1, '2020-06-26', 1, '2020-07-22 04:39:23'), (1198, '2020-06-24#0', 100.00, 1.00, 1, '2020-06-27', 1, '2020-07-22 04:39:23'), (1199, '2020-06-24#0', 0.00, 0.00, 4, '2020-06-28', 1, '2020-07-22 04:39:23'), (1200, '2020-06-24#0', 100.00, 1.00, 1, '2020-06-29', 1, '2020-07-22 04:39:23'), (1201, '2020-06-24#0', 100.00, 1.00, 1, '2020-06-30', 1, '2020-07-22 04:39:23'), (1202, '2020-06-24#0', 100.00, 1.00, 1, '2020-07-01', 1, '2020-07-22 04:39:23'), (1203, '2020-06-24#0', 100.00, 1.00, 1, '2020-07-02', 1, '2020-07-22 04:39:23'), (1204, '2020-06-24#0', 100.00, 1.00, 1, '2020-07-03', 1, '2020-07-22 04:39:23'), (1205, '2020-06-24#0', 100.00, 1.00, 1, '2020-07-04', 1, '2020-07-22 04:39:23'), (1206, '2020-06-24#0', 0.00, 0.00, 4, '2020-07-05', 1, '2020-07-22 04:39:23'), (1207, '2020-06-24#0', 100.00, 1.00, 1, '2020-07-06', 1, '2020-07-22 04:39:23'), (1208, '2020-06-24#0', 100.00, 1.00, 1, '2020-07-07', 1, '2020-07-22 04:39:23'), (1209, '2020-06-24#0', 100.00, 1.00, 1, '2020-07-08', 1, '2020-07-22 04:39:23'), (1210, '2020-06-24#0', 100.00, 1.00, 1, '2020-07-09', 1, '2020-07-22 04:39:23'), (1211, '2020-06-24#0', 100.00, 1.00, 1, '2020-07-10', 1, '2020-07-22 04:39:23'), (1212, '2020-06-24#0', 100.00, 1.00, 1, '2020-07-11', 1, '2020-07-22 04:39:23'), (1213, '2020-06-24#0', 0.00, 0.00, 4, '2020-07-12', 1, '2020-07-22 04:39:23'), (1214, '2020-06-24#0', 100.00, 1.00, 1, '2020-07-13', 1, '2020-07-22 04:39:23'), (1215, '2020-06-24#0', 0.00, 0.00, 4, '2020-07-14', 1, '2020-07-22 04:39:23'), (1216, '2020-06-24#0', 0.00, 0.00, 4, '2020-07-15', 1, '2020-07-22 04:39:23'), (1217, '2020-06-24#0', 100.00, 1.00, 1, '2020-07-16', 1, '2020-07-22 04:39:23'), (1218, '2020-06-24#0', 100.00, 1.00, 1, '2020-07-17', 1, '2020-07-22 04:39:23'), (1219, '2020-06-24#0', 100.00, 1.00, 1, '2020-07-18', 1, '2020-07-22 04:39:23'), (1220, '2020-06-24#0', 0.00, 0.00, 4, '2020-07-19', 1, '2020-07-22 04:39:23'), (1221, '2020-06-24#0', 100.00, 1.00, 1, '2020-07-20', 1, '2020-07-22 04:39:23'), (1222, '2020-06-24#0', 100.00, 1.00, 1, '2020-07-21', 1, '2020-07-22 04:39:23'), (1223, '2020-07-17#2', 200.00, 4.00, 3, '2020-07-18', 1, '2020-07-22 04:50:44'), (1224, '2020-07-17#2', 0.00, 0.00, 4, '2020-07-19', 1, '2020-07-22 04:50:44'), (1225, '2020-07-17#2', 0.00, 0.00, 4, '2020-07-20', 1, '2020-07-22 04:50:44'), (1226, '2020-07-17#2', 0.00, 0.00, 4, '2020-07-21', 1, '2020-07-22 04:50:44'), (1227, '2020-06-25#0', 800.00, 1.00, 1, '2020-06-29', 1, '2020-07-22 05:58:24'), (1228, '2020-06-25#0', 800.00, 1.00, 1, '2020-06-30', 1, '2020-07-22 05:58:24'), (1229, '2020-06-25#0', 800.00, 1.00, 1, '2020-07-01', 1, '2020-07-22 05:58:24'), (1230, '2020-06-25#0', 800.00, 1.00, 1, '2020-07-02', 1, '2020-07-22 05:58:24'), (1231, '2020-06-25#0', 800.00, 1.00, 1, '2020-07-03', 1, '2020-07-22 05:58:24'), (1232, '2020-06-25#0', 800.00, 1.00, 1, '2020-07-04', 1, '2020-07-22 05:58:24'), (1233, '2020-06-25#0', 0.00, 0.00, 4, '2020-07-05', 1, '2020-07-22 05:58:24'), (1234, '2020-06-25#0', 800.00, 1.00, 1, '2020-07-06', 1, '2020-07-22 05:58:24'), (1235, '2020-06-25#0', 800.00, 1.00, 1, '2020-07-07', 1, '2020-07-22 05:58:24'), (1236, '2020-06-25#0', 800.00, 1.00, 1, '2020-07-08', 1, '2020-07-22 05:58:24'), (1237, '2020-06-25#0', 800.00, 1.00, 1, '2020-07-09', 1, '2020-07-22 05:58:24'), (1238, '2020-06-25#0', 800.00, 1.00, 1, '2020-07-10', 1, '2020-07-22 05:58:24'), (1239, '2020-06-25#0', 800.00, 1.00, 1, '2020-07-11', 1, '2020-07-22 05:58:24'), (1240, '2020-06-25#0', 0.00, 0.00, 4, '2020-07-12', 1, '2020-07-22 05:58:24'), (1241, '2020-06-25#0', 0.00, 0.00, 4, '2020-07-13', 1, '2020-07-22 05:58:24'), (1242, '2020-06-25#0', 1600.00, 2.00, 3, '2020-07-14', 1, '2020-07-22 05:58:24'), (1243, '2020-06-25#0', 0.00, 0.00, 4, '2020-07-15', 1, '2020-07-22 05:58:24'), (1244, '2020-06-25#0', 0.00, 0.00, 4, '2020-07-16', 1, '2020-07-22 05:58:24'), (1245, '2020-06-25#0', 0.00, 0.00, 4, '2020-07-17', 1, '2020-07-22 05:58:24'), (1246, '2020-06-25#0', 0.00, 0.00, 4, '2020-07-18', 1, '2020-07-22 05:58:24'), (1247, '2020-06-25#0', 0.00, 0.00, 4, '2020-07-19', 1, '2020-07-22 05:58:24'), (1248, '2020-06-25#0', 0.00, 0.00, 4, '2020-07-20', 1, '2020-07-22 05:58:24'), (1249, '2020-06-25#0', 800.00, 1.00, 1, '2020-07-21', 1, '2020-07-22 05:58:24'), (1250, '2020-07-17#3', 100.00, 1.00, 1, '2020-07-18', 1, '2020-07-22 06:05:23'), (1251, '2020-07-17#3', 0.00, 0.00, 4, '2020-07-19', 1, '2020-07-22 06:05:23'), (1252, '2020-07-17#3', 100.00, 1.00, 1, '2020-07-20', 1, '2020-07-22 06:05:23'), (1253, '2020-07-17#3', 100.00, 1.00, 1, '2020-07-21', 1, '2020-07-22 06:05:23'), (1254, '2020-07-09#5', 50.00, 1.00, 1, '2020-07-10', 1, '2020-07-22 06:18:07'), (1255, '2020-07-09#5', 50.00, 1.00, 1, '2020-07-11', 1, '2020-07-22 06:18:07'), (1256, '2020-07-09#5', 0.00, 0.00, 4, '2020-07-12', 1, '2020-07-22 06:18:07'), (1257, '2020-07-09#5', 100.00, 2.00, 3, '2020-07-13', 1, '2020-07-22 06:18:07'), (1258, '2020-07-09#5', 0.00, 0.00, 4, '2020-07-14', 1, '2020-07-22 06:18:07'), (1259, '2020-07-09#5', 100.00, 2.00, 3, '2020-07-15', 1, '2020-07-22 06:18:07'), (1260, '2020-07-09#5', 50.00, 1.00, 1, '2020-07-16', 1, '2020-07-22 06:18:07'), (1261, '2020-07-09#5', 50.00, 1.00, 1, '2020-07-17', 1, '2020-07-22 06:18:07'), (1262, '2020-07-09#5', 50.00, 1.00, 1, '2020-07-18', 1, '2020-07-22 06:18:07'), (1263, '2020-07-09#5', 0.00, 0.00, 4, '2020-07-19', 1, '2020-07-22 06:18:07'), (1264, '2020-07-09#5', 150.00, 3.00, 3, '2020-07-20', 1, '2020-07-22 06:18:07'), (1265, '2020-07-09#5', 0.00, 0.00, 4, '2020-07-21', 1, '2020-07-22 06:18:07'), (1266, '2020-06-23#0', 100.00, 1.00, 1, '2020-06-24', 1, '2020-07-22 06:41:17'), (1267, '2020-06-23#0', 100.00, 1.00, 1, '2020-06-25', 1, '2020-07-22 06:41:17'), (1268, '2020-06-23#0', 100.00, 1.00, 1, '2020-06-26', 1, '2020-07-22 06:41:17'), (1269, '2020-06-23#0', 100.00, 1.00, 1, '2020-06-27', 1, '2020-07-22 06:41:17'), (1270, '2020-06-23#0', 0.00, 0.00, 4, '2020-06-28', 1, '2020-07-22 06:41:17'), (1271, '2020-06-23#0', 200.00, 2.00, 3, '2020-06-29', 1, '2020-07-22 06:41:17'), (1272, '2020-06-23#0', 0.00, 0.00, 4, '2020-06-30', 1, '2020-07-22 06:41:17'), (1273, '2020-06-23#0', 100.00, 1.00, 1, '2020-07-01', 1, '2020-07-22 06:41:17'), (1274, '2020-06-23#0', 100.00, 1.00, 1, '2020-07-02', 1, '2020-07-22 06:41:17'), (1275, '2020-06-23#0', 100.00, 1.00, 1, '2020-07-03', 1, '2020-07-22 06:41:17'), (1276, '2020-06-23#0', 0.00, 0.00, 4, '2020-07-04', 1, '2020-07-22 06:41:17'), (1277, '2020-06-23#0', 0.00, 0.00, 4, '2020-07-05', 1, '2020-07-22 06:41:17'), (1278, '2020-06-23#0', 0.00, 0.00, 4, '2020-07-06', 1, '2020-07-22 06:41:17'), (1279, '2020-06-23#0', 500.00, 5.00, 3, '2020-07-07', 1, '2020-07-22 06:41:17'), (1280, '2020-06-23#0', 0.00, 0.00, 4, '2020-07-08', 1, '2020-07-22 06:41:17'), (1281, '2020-06-23#0', 0.00, 0.00, 4, '2020-07-09', 1, '2020-07-22 06:41:17'), (1282, '2020-06-23#0', 0.00, 0.00, 4, '2020-07-10', 1, '2020-07-22 06:41:17'), (1283, '2020-06-23#0', 0.00, 0.00, 4, '2020-07-11', 1, '2020-07-22 06:41:17'), (1284, '2020-06-23#0', 500.00, 5.00, 3, '2020-07-12', 1, '2020-07-22 06:41:17'), (1285, '2020-06-23#0', 0.00, 0.00, 4, '2020-07-13', 1, '2020-07-22 06:41:17'), (1286, '2020-06-23#0', 0.00, 0.00, 4, '2020-07-14', 1, '2020-07-22 06:41:17'), (1287, '2020-06-23#0', 0.00, 0.00, 4, '2020-07-15', 1, '2020-07-22 06:41:17'), (1288, '2020-06-23#0', 0.00, 0.00, 4, '2020-07-16', 1, '2020-07-22 06:41:17'), (1289, '2020-06-23#0', 0.00, 0.00, 4, '2020-07-17', 1, '2020-07-22 06:41:17'), (1290, '2020-06-23#0', 0.00, 0.00, 4, '2020-07-18', 1, '2020-07-22 06:41:17'), (1291, '2020-06-23#0', 0.00, 0.00, 4, '2020-07-19', 1, '2020-07-22 06:41:17'), (1292, '2020-06-23#0', 200.00, 2.00, 3, '2020-07-20', 1, '2020-07-22 06:41:17'), (1293, '2020-07-18#8', 200.00, 2.00, 3, '2020-07-18', 1, '2020-07-22 06:44:45'), (1294, '2020-07-18#8', 0.00, 0.00, 4, '2020-07-19', 1, '2020-07-22 06:44:45'), (1295, '2020-07-18#8', 0.00, 0.00, 4, '2020-07-20', 1, '2020-07-22 06:44:45'), (1296, '2020-07-18#8', 500.00, 5.00, 3, '2020-07-21', 1, '2020-07-22 06:44:45'), (1297, '2020-06-23#0', 0.00, 0.00, 4, '2020-07-21', 1, '2020-07-22 18:44:45'), (1298, '2020-07-17#4', 150.00, 3.00, 3, '2020-07-18', 1, '2020-07-22 06:57:20'), (1299, '2020-07-17#4', 0.00, 0.00, 4, '2020-07-19', 1, '2020-07-22 06:57:20'), (1300, '2020-07-17#4', 0.00, 0.00, 4, '2020-07-20', 1, '2020-07-22 06:57:20'), (1301, '2020-07-17#4', 100.00, 2.00, 3, '2020-07-21', 1, '2020-07-22 06:57:20'), (1302, '2020-07-02#3', 100.00, 1.00, 1, '2020-07-03', 1, '2020-07-22 07:13:04'), (1303, '2020-07-02#3', 100.00, 1.00, 1, '2020-07-04', 1, '2020-07-22 07:13:04'), (1304, '2020-07-02#3', 0.00, 0.00, 4, '2020-07-05', 1, '2020-07-22 07:13:04'), (1305, '2020-07-02#3', 100.00, 1.00, 1, '2020-07-06', 1, '2020-07-22 07:13:04'), (1306, '2020-07-02#3', 100.00, 1.00, 1, '2020-07-07', 1, '2020-07-22 07:13:04'), (1307, '2020-07-02#3', 100.00, 1.00, 1, '2020-07-08', 1, '2020-07-22 07:13:04'), (1308, '2020-07-02#3', 100.00, 1.00, 1, '2020-07-09', 1, '2020-07-22 07:13:04'), (1309, '2020-07-02#3', 100.00, 1.00, 1, '2020-07-10', 1, '2020-07-22 07:13:04'), (1310, '2020-07-02#3', 100.00, 1.00, 1, '2020-07-11', 1, '2020-07-22 07:13:04'), (1311, '2020-07-02#3', 0.00, 0.00, 4, '2020-07-12', 1, '2020-07-22 07:13:04'), (1312, '2020-07-02#3', 200.00, 2.00, 3, '2020-07-13', 1, '2020-07-22 07:13:04'), (1313, '2020-07-02#3', 100.00, 1.00, 1, '2020-07-14', 1, '2020-07-22 07:13:04'), (1314, '2020-07-02#3', 100.00, 1.00, 1, '2020-07-15', 1, '2020-07-22 07:13:04'), (1315, '2020-07-02#3', 100.00, 1.00, 1, '2020-07-16', 1, '2020-07-22 07:13:04'), (1316, '2020-07-02#3', 100.00, 1.00, 1, '2020-07-17', 1, '2020-07-22 07:13:04'), (1317, '2020-07-02#3', 0.00, 0.00, 4, '2020-07-18', 1, '2020-07-22 07:13:04'), (1318, '2020-07-02#3', 0.00, 0.00, 4, '2020-07-19', 1, '2020-07-22 07:13:04'), (1319, '2020-07-02#3', 100.00, 1.00, 1, '2020-07-20', 1, '2020-07-22 07:13:04'), (1320, '2020-07-02#3', 100.00, 1.00, 1, '2020-07-21', 1, '2020-07-22 07:13:04'), (1321, '2020-07-05#5', 100.00, 1.00, 1, '2020-07-06', 1, '2020-07-22 07:22:09'), (1322, '2020-07-05#5', 100.00, 1.00, 1, '2020-07-07', 1, '2020-07-22 07:22:09'), (1323, '2020-07-05#5', 100.00, 1.00, 1, '2020-07-08', 1, '2020-07-22 07:22:09'), (1324, '2020-07-05#5', 100.00, 1.00, 1, '2020-07-09', 1, '2020-07-22 07:22:09'), (1325, '2020-07-05#5', 100.00, 1.00, 1, '2020-07-10', 1, '2020-07-22 07:22:09'), (1326, '2020-07-05#5', 100.00, 1.00, 1, '2020-07-11', 1, '2020-07-22 07:22:09'), (1327, '2020-07-05#5', 0.00, 0.00, 4, '2020-07-12', 1, '2020-07-22 07:22:09'), (1328, '2020-07-05#5', 200.00, 2.00, 3, '2020-07-13', 1, '2020-07-22 07:22:09'), (1329, '2020-07-05#5', 100.00, 1.00, 1, '2020-07-14', 1, '2020-07-22 07:22:09'), (1330, '2020-07-05#5', 100.00, 1.00, 1, '2020-07-15', 1, '2020-07-22 07:22:09'), (1331, '2020-07-05#5', 100.00, 1.00, 1, '2020-07-16', 1, '2020-07-22 07:22:09'), (1332, '2020-07-05#5', 100.00, 1.00, 1, '2020-07-17', 1, '2020-07-22 07:22:09'), (1333, '2020-07-05#5', 100.00, 1.00, 1, '2020-07-18', 1, '2020-07-22 07:22:09'), (1334, '2020-07-05#5', 0.00, 0.00, 4, '2020-07-19', 1, '2020-07-22 07:22:09'), (1335, '2020-07-05#5', 200.00, 2.00, 3, '2020-07-20', 1, '2020-07-22 07:22:09'), (1336, '2020-07-05#5', 100.00, 1.00, 1, '2020-07-21', 1, '2020-07-22 07:22:09'), (1337, '2020-07-08#0', 50.00, 1.00, 1, '2020-07-09', 1, '2020-07-22 07:32:11'), (1338, '2020-07-08#0', 50.00, 1.00, 1, '2020-07-10', 1, '2020-07-22 07:32:11'), (1339, '2020-07-08#0', 50.00, 1.00, 1, '2020-07-11', 1, '2020-07-22 07:32:11'), (1340, '2020-07-08#0', 0.00, 0.00, 4, '2020-07-12', 1, '2020-07-22 07:32:11'), (1341, '2020-07-08#0', 100.00, 2.00, 3, '2020-07-13', 1, '2020-07-22 07:32:11'), (1342, '2020-07-08#0', 50.00, 1.00, 1, '2020-07-14', 1, '2020-07-22 07:32:11'), (1343, '2020-07-08#0', 50.00, 1.00, 1, '2020-07-15', 1, '2020-07-22 07:32:11'), (1344, '2020-07-08#0', 0.00, 0.00, 4, '2020-07-16', 1, '2020-07-22 07:32:11'), (1345, '2020-07-08#0', 100.00, 2.00, 3, '2020-07-17', 1, '2020-07-22 07:32:11'), (1346, '2020-07-08#0', 50.00, 1.00, 1, '2020-07-18', 1, '2020-07-22 07:32:11'), (1347, '2020-07-08#0', 0.00, 0.00, 4, '2020-07-19', 1, '2020-07-22 07:32:11'), (1348, '2020-07-08#0', 100.00, 2.00, 3, '2020-07-20', 1, '2020-07-22 07:32:11'), (1349, '2020-07-08#0', 50.00, 1.00, 1, '2020-07-21', 1, '2020-07-22 07:32:11'), (1350, '2020-06-26#0', 100.00, 1.00, 1, '2020-06-27', 1, '2020-07-22 08:17:54'), (1351, '2020-06-26#0', 0.00, 0.00, 4, '2020-06-28', 1, '2020-07-22 08:17:54'), (1352, '2020-06-26#0', 100.00, 1.00, 1, '2020-06-29', 1, '2020-07-22 08:17:54'), (1353, '2020-06-26#0', 100.00, 1.00, 1, '2020-06-30', 1, '2020-07-22 08:17:54'), (1354, '2020-06-26#0', 100.00, 1.00, 1, '2020-07-01', 1, '2020-07-22 08:17:54'), (1355, '2020-06-26#0', 100.00, 1.00, 1, '2020-07-02', 1, '2020-07-22 08:17:54'), (1356, '2020-06-26#0', 100.00, 1.00, 1, '2020-07-03', 1, '2020-07-22 08:17:54'), (1357, '2020-06-26#0', 100.00, 1.00, 1, '2020-07-04', 1, '2020-07-22 08:17:54'), (1358, '2020-06-26#0', 0.00, 0.00, 4, '2020-07-05', 1, '2020-07-22 08:17:54'), (1359, '2020-06-26#0', 100.00, 1.00, 1, '2020-07-06', 1, '2020-07-22 08:17:54'), (1360, '2020-06-26#0', 0.00, 0.00, 4, '2020-07-07', 1, '2020-07-22 08:17:54'), (1361, '2020-06-26#0', 200.00, 2.00, 3, '2020-07-08', 1, '2020-07-22 08:17:54'), (1362, '2020-06-26#0', 100.00, 1.00, 1, '2020-07-09', 1, '2020-07-22 08:17:54'), (1363, '2020-06-26#0', 0.00, 0.00, 4, '2020-07-10', 1, '2020-07-22 08:17:54'), (1364, '2020-06-26#0', 200.00, 2.00, 3, '2020-07-11', 1, '2020-07-22 08:17:54'), (1365, '2020-06-26#0', 0.00, 0.00, 4, '2020-07-12', 1, '2020-07-22 08:17:54'), (1366, '2020-06-26#0', 100.00, 1.00, 1, '2020-07-13', 1, '2020-07-22 08:17:54'), (1367, '2020-06-26#0', 100.00, 1.00, 1, '2020-07-14', 1, '2020-07-22 08:17:54'), (1368, '2020-06-26#0', 100.00, 1.00, 1, '2020-07-15', 1, '2020-07-22 08:17:54'), (1369, '2020-06-26#0', 0.00, 0.00, 4, '2020-07-16', 1, '2020-07-22 08:17:54'), (1370, '2020-06-26#0', 200.00, 2.00, 3, '2020-07-17', 1, '2020-07-22 08:17:54'), (1371, '2020-06-26#0', 0.00, 0.00, 4, '2020-07-18', 1, '2020-07-22 08:17:54'), (1372, '2020-06-26#0', 0.00, 0.00, 4, '2020-07-19', 1, '2020-07-22 08:17:54'), (1373, '2020-06-26#0', 200.00, 2.00, 3, '2020-07-20', 1, '2020-07-22 08:17:54'), (1374, '2020-06-26#0', 100.00, 1.00, 1, '2020-07-21', 1, '2020-07-22 08:17:54'), (1375, '2020-04-03#0', 50.00, 1.00, 1, '2020-07-22', 1, '2020-07-22 09:35:31'), (1376, '2020-06-23#0', 0.00, 0.00, 4, '2020-07-22', 1, '2020-07-22 09:35:57'), (1377, '2020-06-24#0', 100.00, 1.00, 1, '2020-07-22', 1, '2020-07-22 09:36:03'), (1378, '2020-06-25#0', 800.00, 1.00, 1, '2020-07-22', 1, '2020-07-22 09:36:18'), (1379, '2020-06-28#0', 250.00, 21.50, 7, '2020-07-22', 1, '2020-07-22 09:36:29'), (1380, '2020-06-30#0', 50.00, 1.00, 1, '2020-07-22', 1, '2020-07-22 09:36:38'), (1381, '2020-06-29#6', 0.00, 0.00, 4, '2020-07-22', 1, '2020-07-22 09:36:47'), (1382, '2020-07-03#1', 300.00, 2.00, 3, '2020-07-22', 1, '2020-07-22 09:36:55'), (1383, '2020-07-06#1', 100.00, 1.00, 1, '2020-07-22', 1, '2020-07-22 09:37:06'), (1384, '2020-07-05#4', 200.00, 2.00, 3, '2020-07-22', 1, '2020-07-22 09:37:26'), (1385, '2020-07-06#5', 100.00, 1.00, 1, '2020-07-22', 1, '2020-07-22 09:37:31'), (1386, '2020-06-26#0', 0.00, 0.00, 4, '2020-07-22', 1, '2020-07-22 09:37:47'), (1387, '2020-07-15#8', 100.00, 1.00, 1, '2020-07-22', 1, '2020-07-22 09:38:06'), (1388, '2020-07-18#1', 200.00, 1.00, 1, '2020-07-22', 1, '2020-07-22 09:38:21'), (1389, '2020-07-15#4', 100.00, 1.00, 1, '2020-07-22', 1, '2020-07-22 09:38:31'), (1390, '2020-07-20#1', 0.00, 0.00, 4, '2020-07-22', 1, '2020-07-22 09:38:38'), (1391, '2020-07-15#0', 200.00, 2.00, 3, '2020-07-22', 1, '2020-07-22 09:38:51'), (1392, '2020-07-14#4', 200.00, 2.00, 3, '2020-07-22', 1, '2020-07-22 09:39:01'), (1393, '2020-07-17#4', 100.00, 2.00, 3, '2020-07-22', 1, '2020-07-22 09:39:15'), (1394, '2020-07-20#2', 50.00, 1.00, 1, '2020-07-22', 1, '2020-07-22 09:39:37'), (1395, '2020-07-20#11', 150.00, 1.00, 1, '2020-07-22', 1, '2020-07-22 09:39:54'), (1396, '2020-07-20#5', 50.00, 1.00, 1, '2020-07-22', 1, '2020-07-22 09:40:11'), (1397, '2020-07-21#9', 100.00, 1.00, 1, '2020-07-22', 1, '2020-07-22 09:40:30'), (1398, '2020-07-21#10', 150.00, 1.00, 1, '2020-07-22', 1, '2020-07-22 09:40:36'), (1399, '2020-07-20#7', 250.00, 1.00, 1, '2020-07-22', 1, '2020-07-22 09:40:42'), (1400, '2020-07-18#2', 0.00, 0.00, 4, '2020-07-22', 1, '2020-07-22 09:40:48'), (1401, '2020-07-06#0', 100.00, 1.00, 1, '2020-07-22', 1, '2020-07-22 09:41:16'), (1402, '2020-06-29#0', 200.00, 2.00, 3, '2020-07-22', 1, '2020-07-22 09:42:57'), (1403, '2020-07-02#3', 100.00, 1.00, 1, '2020-07-22', 1, '2020-07-22 09:43:08'), (1404, '2020-07-05#3', 0.00, 0.00, 4, '2020-07-22', 1, '2020-07-22 09:43:39'), (1405, '2020-06-29#7', 100.00, 2.00, 3, '2020-07-22', 1, '2020-07-22 09:44:14'), (1406, '2020-07-09#1', 50.00, 1.00, 1, '2020-07-22', 1, '2020-07-22 09:44:31'), (1407, '2020-07-14#0', 50.00, 1.00, 1, '2020-07-22', 1, '2020-07-22 09:44:44'), (1408, '2020-07-14#5', 0.00, 0.00, 4, '2020-07-22', 1, '2020-07-22 09:44:52'), (1409, '2020-07-15#7', 550.00, 1.00, 1, '2020-07-22', 1, '2020-07-22 09:44:59'), (1410, '2020-07-16#1', 300.00, 2.00, 3, '2020-07-22', 1, '2020-07-22 09:45:08'), (1411, '2020-07-17#0', 0.00, 0.00, 4, '2020-07-22', 1, '2020-07-22 09:45:20'), (1412, '2020-07-15#6', 250.00, 0.83, 2, '2020-07-22', 1, '2020-07-22 09:45:30'), (1413, '2020-07-16#4', 100.00, 1.00, 1, '2020-07-22', 1, '2020-07-22 09:45:45'), (1414, '2020-07-18#3', 50.00, 1.00, 1, '2020-07-22', 1, '2020-07-22 09:46:11'), (1415, '2020-07-17#2', 200.00, 4.00, 3, '2020-07-22', 1, '2020-07-22 09:46:30'), (1416, '2020-07-20#10', 100.00, 2.00, 3, '2020-07-22', 1, '2020-07-22 09:46:52'), (1417, '2020-07-14#2', 0.00, 0.00, 4, '2020-07-22', 1, '2020-07-22 09:47:10'), (1418, '2020-07-15#5', 0.00, 0.00, 4, '2020-07-22', 1, '2020-07-22 09:47:29'), (1419, '2020-07-21#2', 0.00, 0.00, 4, '2020-07-22', 1, '2020-07-22 09:48:01'), (1420, '2020-07-21#4', 100.00, 1.00, 1, '2020-07-22', 1, '2020-07-22 09:48:15'), (1421, '2020-07-17#3', 100.00, 1.00, 1, '2020-07-22', 1, '2020-07-22 09:48:21'), (1422, '2020-07-15#9', 0.00, 0.00, 4, '2020-07-22', 1, '2020-07-22 09:48:26'), (1423, '2020-07-21#7', 150.00, 1.00, 1, '2020-07-22', 1, '2020-07-22 09:48:45'), (1424, '2020-07-21#5', 100.00, 1.00, 1, '2020-07-22', 1, '2020-07-22 09:48:58'), (1425, '2020-07-21#0', 100.00, 1.00, 1, '2020-07-22', 1, '2020-07-22 09:49:05'), (1426, '2020-06-30#2', 100.00, 2.00, 3, '2020-07-22', 1, '2020-07-22 09:49:40'), (1427, '2020-07-07#0', 50.00, 1.00, 1, '2020-07-22', 1, '2020-07-22 09:49:46'), (1428, '2020-06-30#1', 0.00, 0.00, 4, '2020-07-22', 1, '2020-07-22 09:49:58'), (1429, '2020-07-13#2', 250.00, 5.00, 3, '2020-07-22', 1, '2020-07-22 09:50:27'), (1430, '2020-07-16#0', 50.00, 1.00, 1, '2020-07-22', 1, '2020-07-22 09:50:51'), (1431, '2020-06-29#5', 0.00, 0.00, 4, '2020-07-22', 1, '2020-07-22 09:51:14'), (1432, '2020-07-06#2', 0.00, 0.00, 4, '2020-07-22', 1, '2020-07-22 09:51:44'), (1433, '2020-07-11#5', 0.00, 0.00, 4, '2020-07-22', 1, '2020-07-22 09:51:56'), (1434, '2020-07-13#3', 100.00, 1.00, 1, '2020-07-22', 1, '2020-07-22 09:52:11'), (1435, '2020-07-20#4', 50.00, 1.00, 1, '2020-07-22', 1, '2020-07-22 09:52:27'), (1436, '2020-07-21#6', 100.00, 1.00, 1, '2020-07-22', 1, '2020-07-22 09:52:34'), (1437, '2020-07-12#1', 250.00, 5.00, 3, '2020-07-22', 1, '2020-07-22 09:52:54'), (1438, '2020-07-18#0', 0.00, 0.00, 4, '2020-07-22', 1, '2020-07-22 09:53:01'), (1439, '2020-07-11#2', 100.00, 2.00, 3, '2020-07-22', 1, '2020-07-22 09:53:28'), (1440, '2020-07-11#7', 0.00, 0.00, 4, '2020-07-22', 1, '2020-07-22 09:53:50'), (1441, '2020-07-09#5', 50.00, 1.00, 1, '2020-07-22', 1, '2020-07-22 09:54:07'), (1442, '2020-06-29#1', 100.00, 1.00, 1, '2020-07-22', 1, '2020-07-22 09:55:07'), (1443, '2020-06-29#3', 100.00, 1.00, 1, '2020-07-22', 1, '2020-07-22 09:55:25'), (1444, '2020-07-09#3', 650.00, 11.00, 7, '2020-07-22', 1, '2020-07-22 09:55:35'), (1445, '2020-06-30#3', 100.00, 1.00, 1, '2020-07-22', 1, '2020-07-22 09:55:56'), (1446, '2020-06-30#4', 0.00, 0.00, 4, '2020-07-22', 1, '2020-07-22 09:56:09'), (1447, '2020-07-02#0', 0.00, 0.00, 4, '2020-07-22', 1, '2020-07-22 09:56:26'), (1448, '2020-07-15#1', 100.00, 1.00, 1, '2020-07-22', 1, '2020-07-22 09:57:25'), (1449, '2020-07-09#2', 200.00, 2.00, 3, '2020-07-22', 1, '2020-07-22 09:57:48'), (1450, '2020-07-07#2', 100.00, 1.00, 1, '2020-07-22', 1, '2020-07-22 09:58:02'), (1451, '2020-07-16#2', 200.00, 2.00, 3, '2020-07-22', 1, '2020-07-22 09:58:28'), (1452, '2020-07-13#1', 100.00, 1.00, 1, '2020-07-22', 1, '2020-07-22 09:58:47'), (1453, '2020-07-10#1', 100.00, 2.00, 3, '2020-07-22', 1, '2020-07-22 09:59:25'), (1454, '2020-07-06#4', 0.00, 0.00, 4, '2020-07-22', 1, '2020-07-22 09:59:39'), (1455, '2020-07-02#2', 0.00, 0.00, 4, '2020-07-22', 1, '2020-07-22 09:59:54'), (1456, '2020-07-06#3', 100.00, 1.00, 1, '2020-07-22', 1, '2020-07-22 10:00:09'), (1457, '2020-07-07#1', 0.00, 0.00, 4, '2020-07-22', 1, '2020-07-22 10:00:26'), (1458, '2020-07-08#0', 50.00, 1.00, 1, '2020-07-22', 1, '2020-07-22 10:00:40'), (1459, '2020-07-18#5', 100.00, 1.00, 1, '2020-07-22', 1, '2020-07-22 10:00:50'), (1460, '2020-07-14#3', 0.00, 0.00, 4, '2020-07-22', 1, '2020-07-22 10:01:04'), (1461, '2020-07-15#3', 0.00, 0.00, 4, '2020-07-22', 1, '2020-07-22 10:01:19'), (1462, '2020-07-09#0', 100.00, 1.00, 1, '2020-07-22', 1, '2020-07-22 10:01:29'), (1463, '2020-07-12#2', 50.00, 1.00, 1, '2020-07-22', 1, '2020-07-22 10:01:44'), (1464, '2020-07-20#8', 50.00, 1.00, 1, '2020-07-22', 1, '2020-07-22 10:01:53'), (1465, '2020-07-11#3', 100.00, 1.00, 1, '2020-07-22', 1, '2020-07-22 10:02:19'), (1466, '2020-07-13#0', 50.00, 1.00, 1, '2020-07-22', 1, '2020-07-22 10:02:31'), (1467, '2020-07-21#8', 50.00, 1.00, 1, '2020-07-22', 1, '2020-07-22 10:02:42'), (1468, '2020-07-20#3', 100.00, 1.00, 1, '2020-07-22', 1, '2020-07-22 10:03:05'), (1469, '2020-07-05#1', 150.00, 1.00, 1, '2020-07-22', 1, '2020-07-22 10:03:21'), (1470, '2020-07-05#2', 200.00, 2.00, 3, '2020-07-22', 1, '2020-07-22 10:03:38'), (1471, '2020-07-05#5', 100.00, 1.00, 1, '2020-07-22', 1, '2020-07-22 10:03:58'), (1472, '2020-07-10#0', 0.00, 0.00, 4, '2020-07-22', 1, '2020-07-22 10:04:27'), (1473, '2020-07-18#4', 100.00, 1.00, 1, '2020-07-22', 1, '2020-07-22 10:04:39'), (1474, '2020-07-09#4', 100.00, 1.00, 1, '2020-07-22', 1, '2020-07-22 10:04:56'), (1475, '2020-07-11#4', 0.00, 0.00, 4, '2020-07-22', 1, '2020-07-22 10:05:09'), (1476, '2020-07-18#7', 100.00, 1.00, 1, '2020-07-22', 1, '2020-07-22 10:05:18'), (1477, '2020-07-14#1', 0.00, 0.00, 4, '2020-07-22', 1, '2020-07-22 10:05:35'), (1478, '2020-07-11#0', 0.00, 0.00, 4, '2020-07-22', 1, '2020-07-22 10:05:56'), (1479, '2020-07-07#3', 0.00, 0.00, 4, '2020-07-22', 1, '2020-07-22 10:06:09'), (1480, '2020-07-20#9', 150.00, 1.00, 1, '2020-07-22', 1, '2020-07-22 10:06:36'), (1481, '2020-07-11#6', 100.00, 1.00, 1, '2020-07-22', 1, '2020-07-22 10:06:54'), (1482, '2020-07-10#2', 0.00, 0.00, 4, '2020-07-22', 1, '2020-07-22 10:07:11'), (1483, '2020-07-12#0', 50.00, 1.00, 1, '2020-07-22', 1, '2020-07-22 10:07:30'), (1485, '2020-07-18#6', 100.00, 1.00, 1, '2020-07-22', 1, '2020-07-22 10:08:05'), (1486, '2020-07-20#6', 100.00, 2.00, 3, '2020-07-22', 1, '2020-07-22 10:08:28'), (1487, '2020-07-20#0', 0.00, 0.00, 4, '2020-07-22', 1, '2020-07-22 10:08:47'), (1488, '2020-07-18#8', 0.00, 0.00, 4, '2020-07-22', 1, '2020-07-22 10:09:10'), (1489, '2020-07-21#8', 50.00, 1.00, 1, '2020-07-23', 1, '2020-07-23 12:40:23'), (1490, '2020-06-29#5', 200.00, 4.00, 6, '2020-07-23', 1, '2020-07-23 12:46:15'), (1491, '2020-07-05#0', 0.00, 0.00, 4, '2020-07-22', 1, '2020-07-23 12:49:26'), (1492, '2020-07-22#0', 0.00, 0.00, 4, '2020-07-22', 1, '2020-07-23 12:51:18'), (1493, '2020-07-22#1', 0.00, 0.00, 4, '2020-07-22', 1, '2020-07-23 12:52:23'), (1494, '2020-07-22#2', 0.00, 0.00, 4, '2020-07-22', 1, '2020-07-23 12:54:26'), (1495, '2020-07-05#1', 300.00, 2.00, 3, '2020-07-23', 1, '2020-07-23 01:01:25'), (1496, '2020-07-22#3', 0.00, 0.00, 4, '2020-07-22', 1, '2020-07-23 13:05:47'), (1497, '2020-07-22#2', 200.00, 1.00, 1, '2020-07-23', 1, '2020-07-23 01:16:30'), (1498, '2020-07-20#9', 150.00, 1.00, 1, '2020-07-23', 1, '2020-07-23 01:16:51'), (1499, '2020-07-17#5', 100.00, 1.00, 1, '2020-07-18', 1, '2020-07-23 01:33:42'), (1500, '2020-07-17#5', 0.00, 0.00, 4, '2020-07-19', 1, '2020-07-23 01:33:42'), (1501, '2020-07-17#5', 200.00, 2.00, 3, '2020-07-20', 1, '2020-07-23 01:33:42'), (1502, '2020-07-17#5', 100.00, 1.00, 1, '2020-07-21', 1, '2020-07-23 01:33:42'), (1503, '2020-07-17#5', 100.00, 1.00, 1, '2020-07-22', 1, '2020-07-23 01:33:42'), (1504, '2020-07-22#4', 0.00, 0.00, 4, '2020-07-22', 1, '2020-07-23 13:33:42'), (1505, '2020-06-29#7', 50.00, 1.00, 6, '2020-07-23', 1, '2020-07-23 01:38:49'), (1506, '2020-07-11#6', 100.00, 1.00, 1, '2020-07-23', 1, '2020-07-23 01:48:42'), (1507, '2020-07-02#3', 700.00, 17.00, 7, '2020-07-23', 1, '2020-07-23 01:55:53'), (1508, '2020-06-29#1', 100.00, 23.00, 7, '2020-07-23', 1, '2020-07-23 01:57:42'), (1509, '2020-07-17#5', 100.00, 1.00, 1, '2020-07-23', 1, '2020-07-23 02:00:15'), (1510, '2020-07-12#3', 100.00, 1.00, 1, '2020-07-13', 1, '2020-07-23 02:16:11'), (1511, '2020-07-12#3', 100.00, 1.00, 1, '2020-07-14', 1, '2020-07-23 02:16:11'), (1512, '2020-07-12#3', 100.00, 1.00, 1, '2020-07-15', 1, '2020-07-23 02:16:11'), (1513, '2020-07-12#3', 100.00, 1.00, 1, '2020-07-16', 1, '2020-07-23 02:16:11'), (1514, '2020-07-12#3', 100.00, 1.00, 1, '2020-07-17', 1, '2020-07-23 02:16:11'), (1515, '2020-07-12#3', 100.00, 1.00, 1, '2020-07-18', 1, '2020-07-23 02:16:11'), (1516, '2020-07-12#3', 0.00, 0.00, 4, '2020-07-19', 1, '2020-07-23 02:16:11'), (1517, '2020-07-12#3', 100.00, 1.00, 1, '2020-07-20', 1, '2020-07-23 02:16:11'), (1518, '2020-07-12#3', 100.00, 1.00, 1, '2020-07-21', 1, '2020-07-23 02:16:11'), (1519, '2020-07-12#3', 0.00, 0.00, 4, '2020-07-22', 1, '2020-07-23 02:16:11'), (1520, '2020-07-11#3', 100.00, 1.00, 1, '2020-07-23', 1, '2020-07-23 02:20:31'), (1521, '2020-07-08#1', 100.00, 1.00, 1, '2020-07-09', 1, '2020-07-23 02:26:59'), (1522, '2020-07-08#1', 0.00, 0.00, 4, '2020-07-10', 1, '2020-07-23 02:26:59'), (1523, '2020-07-08#1', 200.00, 2.00, 3, '2020-07-11', 1, '2020-07-23 02:26:59'), (1524, '2020-07-08#1', 0.00, 0.00, 4, '2020-07-12', 1, '2020-07-23 02:26:59'), (1525, '2020-07-08#1', 500.00, 5.00, 3, '2020-07-13', 1, '2020-07-23 02:26:59'), (1526, '2020-07-08#1', 0.00, 0.00, 4, '2020-07-14', 1, '2020-07-23 02:26:59'), (1527, '2020-07-08#1', 0.00, 0.00, 4, '2020-07-15', 1, '2020-07-23 02:26:59'), (1528, '2020-07-08#1', 0.00, 0.00, 4, '2020-07-16', 1, '2020-07-23 02:26:59'), (1529, '2020-07-08#1', 0.00, 0.00, 4, '2020-07-17', 1, '2020-07-23 02:26:59'), (1530, '2020-07-08#1', 0.00, 0.00, 4, '2020-07-18', 1, '2020-07-23 02:26:59'), (1531, '2020-07-08#1', 0.00, 0.00, 4, '2020-07-19', 1, '2020-07-23 02:26:59'), (1532, '2020-07-08#1', 0.00, 0.00, 4, '2020-07-20', 1, '2020-07-23 02:26:59'), (1533, '2020-07-08#1', 300.00, 3.00, 3, '2020-07-21', 1, '2020-07-23 02:26:59'), (1534, '2020-07-08#1', 0.00, 0.00, 4, '2020-07-22', 1, '2020-07-23 02:26:59'), (1535, '2020-07-22#1', 100.00, 1.00, 1, '2020-07-23', 1, '2020-07-23 02:29:29'), (1536, '2020-07-22#4', 100.00, 1.00, 1, '2020-07-23', 1, '2020-07-23 02:48:01'), (1537, '2020-07-07#1', 200.00, 2.00, 3, '2020-07-23', 1, '2020-07-23 02:57:04'), (1538, '2020-07-05#6', 100.00, 1.00, 1, '2020-07-06', 1, '2020-07-23 03:09:43'), (1539, '2020-07-05#6', 100.00, 1.00, 1, '2020-07-07', 1, '2020-07-23 03:09:43'), (1540, '2020-07-05#6', 100.00, 1.00, 1, '2020-07-08', 1, '2020-07-23 03:09:43'), (1541, '2020-07-05#6', 100.00, 1.00, 1, '2020-07-09', 1, '2020-07-23 03:09:43'), (1542, '2020-07-05#6', 100.00, 1.00, 1, '2020-07-10', 1, '2020-07-23 03:09:43'), (1543, '2020-07-05#6', 200.00, 2.00, 3, '2020-07-11', 1, '2020-07-23 03:09:43'), (1544, '2020-07-05#6', 0.00, 0.00, 4, '2020-07-12', 1, '2020-07-23 03:09:43'), (1545, '2020-07-05#6', 100.00, 1.00, 1, '2020-07-13', 1, '2020-07-23 03:09:43'), (1546, '2020-07-05#6', 100.00, 1.00, 1, '2020-07-14', 1, '2020-07-23 03:09:43'), (1547, '2020-07-05#6', 100.00, 1.00, 1, '2020-07-15', 1, '2020-07-23 03:09:43'), (1548, '2020-07-05#6', 100.00, 1.00, 1, '2020-07-16', 1, '2020-07-23 03:09:43'), (1549, '2020-07-05#6', 100.00, 1.00, 1, '2020-07-17', 1, '2020-07-23 03:09:43'), (1550, '2020-07-05#6', 100.00, 1.00, 1, '2020-07-18', 1, '2020-07-23 03:09:43'), (1551, '2020-07-05#6', 0.00, 0.00, 4, '2020-07-19', 1, '2020-07-23 03:09:43'), (1552, '2020-07-05#6', 200.00, 2.00, 3, '2020-07-20', 1, '2020-07-23 03:09:43'), (1553, '2020-07-05#6', 100.00, 1.00, 1, '2020-07-21', 1, '2020-07-23 03:09:43'), (1554, '2020-07-05#6', 100.00, 1.00, 1, '2020-07-22', 1, '2020-07-23 03:09:43'), (1561, '2020-07-15#2', 0.00, 0.00, 4, '2020-07-22', 1, '2020-07-23 15:09:43'), (1562, '2020-07-16#3', 0.00, 0.00, 4, '2020-07-22', 1, '2020-07-23 15:09:43'), (1563, '2020-07-17#1', 0.00, 0.00, 4, '2020-07-22', 1, '2020-07-23 15:09:43'), (1564, '2020-07-21#1', 0.00, 0.00, 4, '2020-07-22', 1, '2020-07-23 15:09:43'), (1565, '2020-07-21#3', 0.00, 0.00, 4, '2020-07-22', 1, '2020-07-23 15:09:43'), (1566, '2020-07-21#6', 100.00, 1.00, 1, '2020-07-23', 1, '2020-07-23 03:10:23'), (1567, '2020-07-20#1', 100.00, 2.00, 3, '2020-07-23', 1, '2020-07-23 03:11:16'), (1568, '2020-06-30#4', 200.00, 2.00, 3, '2020-07-23', 1, '2020-07-23 03:11:57'), (1569, '2020-07-20#3', 100.00, 1.00, 1, '2020-07-23', 1, '2020-07-23 03:13:04'), (1570, '2020-07-16#5', 50.00, 1.00, 1, '2020-07-17', 1, '2020-07-23 03:20:54'), (1571, '2020-07-16#5', 50.00, 1.00, 1, '2020-07-18', 1, '2020-07-23 03:20:54'), (1572, '2020-07-16#5', 0.00, 0.00, 4, '2020-07-19', 1, '2020-07-23 03:20:54'), (1573, '2020-07-16#5', 100.00, 2.00, 3, '2020-07-20', 1, '2020-07-23 03:20:54'), (1574, '2020-07-16#5', 50.00, 1.00, 1, '2020-07-21', 1, '2020-07-23 03:20:54'), (1575, '2020-07-16#5', 50.00, 1.00, 1, '2020-07-22', 1, '2020-07-23 03:20:54'), (1576, '2020-07-21#4', 100.00, 1.00, 1, '2020-07-23', 1, '2020-07-23 03:29:15'), (1577, '2020-07-03#2', 150.00, 1.00, 1, '2020-07-04', 1, '2020-07-23 03:37:55'), (1578, '2020-07-03#2', 150.00, 1.00, 1, '2020-07-05', 1, '2020-07-23 03:37:55'), (1579, '2020-07-03#2', 300.00, 2.00, 3, '2020-07-06', 1, '2020-07-23 03:37:55'), (1580, '2020-07-03#2', 0.00, 0.00, 4, '2020-07-07', 1, '2020-07-23 03:37:55'), (1581, '2020-07-03#2', 300.00, 2.00, 3, '2020-07-08', 1, '2020-07-23 03:37:55'), (1582, '2020-07-03#2', 0.00, 0.00, 4, '2020-07-09', 1, '2020-07-23 03:37:55'), (1583, '2020-07-03#2', 300.00, 2.00, 3, '2020-07-10', 1, '2020-07-23 03:37:55'), (1584, '2020-07-03#2', 0.00, 0.00, 4, '2020-07-11', 1, '2020-07-23 03:37:55'), (1585, '2020-07-03#2', 0.00, 0.00, 4, '2020-07-12', 1, '2020-07-23 03:37:55'), (1586, '2020-07-03#2', 300.00, 2.00, 3, '2020-07-13', 1, '2020-07-23 03:37:55'), (1587, '2020-07-03#2', 300.00, 2.00, 3, '2020-07-14', 1, '2020-07-23 03:37:55'), (1588, '2020-07-03#2', 0.00, 0.00, 4, '2020-07-15', 1, '2020-07-23 03:37:55'), (1589, '2020-07-03#2', 150.00, 1.00, 1, '2020-07-16', 1, '2020-07-23 03:37:55'), (1590, '2020-07-03#2', 150.00, 1.00, 1, '2020-07-17', 1, '2020-07-23 03:37:55'), (1591, '2020-07-03#2', 150.00, 1.00, 1, '2020-07-18', 1, '2020-07-23 03:37:55'), (1592, '2020-07-03#2', 0.00, 0.00, 4, '2020-07-19', 1, '2020-07-23 03:37:55'), (1593, '2020-07-03#2', 300.00, 2.00, 3, '2020-07-20', 1, '2020-07-23 03:37:55'), (1594, '2020-07-03#2', 300.00, 2.00, 3, '2020-07-21', 1, '2020-07-23 03:37:55'), (1595, '2020-07-03#2', 0.00, 0.00, 4, '2020-07-22', 1, '2020-07-23 03:37:55'), (1596, '2020-07-18#6', 100.00, 1.00, 1, '2020-07-23', 1, '2020-07-23 03:41:31'), (1597, '2020-07-20#4', 50.00, 1.00, 1, '2020-07-23', 1, '2020-07-23 03:42:42'), (1598, '2020-06-29#0', 200.00, 22.00, 7, '2020-07-23', 1, '2020-07-23 03:54:45'), (1599, '2020-07-13#3', 100.00, 1.00, 1, '2020-07-23', 1, '2020-07-23 03:59:06'), (1600, '2020-07-20#5', 50.00, 1.00, 1, '2020-07-23', 1, '2020-07-23 04:00:20'), (1601, '2020-07-20#8', 50.00, 1.00, 1, '2020-07-23', 1, '2020-07-23 04:01:34'), (1602, '2020-07-13#1', 100.00, 1.00, 1, '2020-07-23', 1, '2020-07-23 04:02:57'), (1603, '2020-07-12#2', 50.00, 1.00, 1, '2020-07-23', 1, '2020-07-23 04:04:13'), (1604, '2020-06-26#0', 300.00, 21.00, 7, '2020-07-23', 1, '2020-07-23 04:12:49'), (1605, '2020-07-12#4', 50.00, 1.00, 1, '2020-07-13', 1, '2020-07-23 04:28:05'), (1606, '2020-07-12#4', 50.00, 1.00, 1, '2020-07-14', 1, '2020-07-23 04:28:05'), (1607, '2020-07-12#4', 50.00, 1.00, 1, '2020-07-15', 1, '2020-07-23 04:28:05'), (1608, '2020-07-12#4', 50.00, 1.00, 1, '2020-07-16', 1, '2020-07-23 04:28:05'), (1609, '2020-07-12#4', 150.00, 3.00, 3, '2020-07-17', 1, '2020-07-23 04:28:05'), (1610, '2020-07-12#4', 0.00, 0.00, 4, '2020-07-18', 1, '2020-07-23 04:28:05'), (1611, '2020-07-12#4', 0.00, 0.00, 4, '2020-07-19', 1, '2020-07-23 04:28:05'), (1612, '2020-07-12#4', 50.00, 1.00, 1, '2020-07-20', 1, '2020-07-23 04:28:05'), (1613, '2020-07-12#4', 50.00, 1.00, 1, '2020-07-21', 1, '2020-07-23 04:28:05'), (1614, '2020-07-12#4', 50.00, 1.00, 1, '2020-07-22', 1, '2020-07-23 04:28:05'), (1615, '2020-06-29#3', 100.00, 1.00, 1, '2020-07-23', 1, '2020-07-23 04:29:30'), (1616, '2020-07-07#3', 200.00, 2.00, 3, '2020-07-23', 1, '2020-07-23 04:31:06'), (1617, '2020-07-21#2', 150.00, 1.00, 1, '2020-07-23', 1, '2020-07-23 04:31:37'), (1618, '2020-07-12#4', 50.00, 1.00, 1, '2020-07-23', 1, '2020-07-23 04:32:53'), (1619, '2020-07-03#2', 150.00, 1.00, 1, '2020-07-23', 1, '2020-07-23 04:34:03'), (1620, '2020-07-08#0', 50.00, 1.00, 1, '2020-07-23', 1, '2020-07-23 04:36:59'), (1621, '2020-07-05#4', 100.00, 1.00, 1, '2020-07-23', 1, '2020-07-23 04:37:43'), (1622, '2020-07-15#1', 100.00, 1.00, 1, '2020-07-23', 1, '2020-07-23 04:39:15'), (1623, '2020-07-06#4', 100.00, 1.00, 1, '2020-07-23', 1, '2020-07-23 04:41:50'), (1624, '2020-07-17#0', 3150.00, 21.00, 6, '2020-07-23', 1, '2020-07-23 04:46:05'), (1625, '2020-07-22#3', 150.00, 1.00, 1, '2020-07-23', 1, '2020-07-23 04:51:19'), (1626, '2020-07-21#0', 100.00, 1.00, 1, '2020-07-23', 1, '2020-07-23 04:52:32'), (1627, '2020-07-21#10', 150.00, 1.00, 1, '2020-07-23', 1, '2020-07-23 04:52:54'), (1628, '2020-07-06#5', 100.00, 1.00, 1, '2020-07-23', 1, '2020-07-23 04:53:41'), (1629, '2020-07-17#3', 100.00, 1.00, 1, '2020-07-23', 1, '2020-07-23 05:00:39'), (1630, '2020-07-20#7', 250.00, 1.00, 1, '2020-07-23', 1, '2020-07-23 05:03:36'), (1631, '2020-07-22#0', 50.00, 1.00, 1, '2020-07-23', 1, '2020-07-23 05:04:10'), (1632, '2020-07-15#8', 100.00, 1.00, 1, '2020-07-23', 1, '2020-07-23 05:06:22'), (1633, '2020-07-18#1', 200.00, 1.00, 1, '2020-07-23', 1, '2020-07-23 05:08:10'), (1634, '2020-07-06#3', 100.00, 1.00, 1, '2020-07-23', 1, '2020-07-23 05:08:58'), (1635, '2020-07-09#0', 100.00, 1.00, 1, '2020-07-23', 1, '2020-07-23 05:09:31'), (1636, '2020-07-09#5', 50.00, 1.00, 1, '2020-07-23', 1, '2020-07-23 05:10:27'), (1637, '2020-07-11#5', 200.00, 2.00, 3, '2020-07-23', 1, '2020-07-23 05:12:46'), (1638, '2020-07-14#2', 200.00, 2.00, 3, '2020-07-23', 1, '2020-07-23 05:13:42'), (1639, '2020-07-15#0', 100.00, 1.00, 1, '2020-07-23', 1, '2020-07-23 05:13:58'), (1640, '2020-07-20#11', 150.00, 1.00, 1, '2020-07-23', 1, '2020-07-23 05:14:46'), (1641, '2020-07-15#5', 200.00, 2.00, 3, '2020-07-23', 1, '2020-07-23 05:18:09'), (1642, '2020-06-24#0', 100.00, 1.00, 1, '2020-07-23', 1, '2020-07-23 05:25:46'), (1643, '2020-07-11#0', 300.00, 3.00, 3, '2020-07-23', 1, '2020-07-23 05:26:56'), (1644, '2020-07-02#2', 200.00, 2.00, 3, '2020-07-23', 1, '2020-07-23 05:27:43'), (1645, '2020-07-02#0', 250.00, 19.00, 7, '2020-07-23', 1, '2020-07-23 05:28:18'), (1646, '2020-07-10#2', 100.00, 2.00, 3, '2020-07-23', 1, '2020-07-23 05:29:22'), (1647, '2020-06-30#0', 50.00, 1.00, 1, '2020-07-23', 1, '2020-07-23 05:34:58'), (1648, '2020-07-07#0', 50.00, 1.00, 1, '2020-07-23', 1, '2020-07-23 05:35:37'), (1649, '2020-07-15#7', 550.00, 1.00, 1, '2020-07-23', 1, '2020-07-23 05:36:50'), (1650, '2020-07-18#2', 300.00, 3.00, 3, '2020-07-23', 1, '2020-07-23 05:38:08'), (1651, '2020-07-20#2', 50.00, 1.00, 1, '2020-07-23', 1, '2020-07-23 05:38:37'), (1652, '2020-07-05#5', 100.00, 1.00, 1, '2020-07-23', 1, '2020-07-23 05:40:40'), (1653, '2020-07-15#4', 100.00, 1.00, 1, '2020-07-23', 1, '2020-07-23 05:42:03'), (1654, '2020-07-21#7', 150.00, 1.00, 1, '2020-07-23', 1, '2020-07-23 05:45:43'), (1655, '2020-07-18#7', 100.00, 1.00, 1, '2020-07-23', 1, '2020-07-23 05:46:53'), (1656, '2020-07-18#3', 50.00, 1.00, 1, '2020-07-23', 1, '2020-07-23 05:59:19'), (1657, '2020-07-08#2', 50.00, 1.00, 1, '2020-07-09', 1, '2020-07-23 06:03:26'), (1658, '2020-07-08#2', 50.00, 1.00, 1, '2020-07-10', 1, '2020-07-23 06:03:26'), (1659, '2020-07-08#2', 50.00, 1.00, 1, '2020-07-11', 1, '2020-07-23 06:03:26'), (1660, '2020-07-08#2', 50.00, 1.00, 1, '2020-07-12', 1, '2020-07-23 06:03:26'), (1661, '2020-07-08#2', 50.00, 1.00, 1, '2020-07-13', 1, '2020-07-23 06:03:26'), (1662, '2020-07-08#2', 50.00, 1.00, 1, '2020-07-14', 1, '2020-07-23 06:03:26'), (1663, '2020-07-08#2', 50.00, 1.00, 1, '2020-07-15', 1, '2020-07-23 06:03:26'), (1664, '2020-07-08#2', 50.00, 1.00, 1, '2020-07-16', 1, '2020-07-23 06:03:26'), (1665, '2020-07-08#2', 50.00, 1.00, 1, '2020-07-17', 1, '2020-07-23 06:03:26'), (1666, '2020-07-08#2', 100.00, 2.00, 3, '2020-07-18', 1, '2020-07-23 06:03:26'), (1667, '2020-07-08#2', 0.00, 0.00, 4, '2020-07-19', 1, '2020-07-23 06:03:26'), (1668, '2020-07-08#2', 50.00, 1.00, 1, '2020-07-20', 1, '2020-07-23 06:03:26'), (1669, '2020-07-08#2', 50.00, 1.00, 1, '2020-07-21', 1, '2020-07-23 06:03:26'), (1670, '2020-07-08#2', 50.00, 1.00, 1, '2020-07-22', 1, '2020-07-23 06:03:26'), (1671, '2020-07-08#2', 50.00, 1.00, 1, '2020-07-23', 1, '2020-07-23 06:03:40'), (1672, '2020-07-16#1', 150.00, 1.00, 1, '2020-07-23', 1, '2020-07-23 06:05:22'), (1673, '2020-07-16#4', 100.00, 1.00, 1, '2020-07-23', 1, '2020-07-23 06:06:32'), (1674, '2020-07-21#5', 100.00, 1.00, 1, '2020-07-23', 1, '2020-07-23 06:11:04'), (1675, '2020-07-05#6', 100.00, 1.00, 1, '2020-07-23', 1, '2020-07-23 06:13:24'), (1676, '2020-07-16#5', 50.00, 1.00, 1, '2020-07-23', 1, '2020-07-23 06:14:11'), (1677, '2020-07-16#0', 50.00, 1.00, 1, '2020-07-23', 1, '2020-07-23 06:15:09'), (1678, '2020-07-18#0', 300.00, 2.00, 3, '2020-07-23', 1, '2020-07-23 06:16:15'), (1679, '2020-06-30#3', 100.00, 1.00, 1, '2020-07-23', 1, '2020-07-23 06:17:13'), (1680, '2020-07-13#0', 50.00, 1.00, 1, '2020-07-23', 1, '2020-07-23 06:27:02'), (1681, '2020-07-18#4', 100.00, 1.00, 1, '2020-07-23', 1, '2020-07-23 06:35:28'), (1682, '2020-07-11#4', 100.00, 2.00, 3, '2020-07-23', 1, '2020-07-23 06:41:23'), (1683, '2020-07-12#3', 200.00, 2.00, 3, '2020-07-23', 1, '2020-07-23 06:44:34'), (1684, '2020-07-22#5', 100.00, 1.00, 1, '2020-07-22', 1, '2020-07-23 06:49:02'), (1685, '2020-07-14#3', 150.00, 3.00, 3, '2020-07-23', 1, '2020-07-23 06:55:26'), (1686, '2020-07-14#1', 200.00, 2.00, 3, '2020-07-23', 1, '2020-07-23 07:01:38'), (1687, '2020-07-14#0', 50.00, 1.00, 1, '2020-07-23', 1, '2020-07-23 07:05:38'), (1688, '2020-07-06#0', 100.00, 1.00, 1, '2020-07-23', 1, '2020-07-23 07:10:16'), (1689, '2020-07-05#2', 100.00, 1.00, 1, '2020-07-23', 1, '2020-07-23 07:18:48'), (1690, '2020-06-29#4', 0.00, 0.00, 4, '2020-07-22', 1, '2020-07-23 19:38:12'), (1691, '2020-06-22#0', 0.00, 0.00, 4, '2020-07-22', 1, '2020-07-23 19:41:12'), (1692, '2020-06-28#1', 0.00, 0.00, 4, '2020-07-22', 1, '2020-07-23 19:50:38'), (1693, '2020-06-29#2', 0.00, 0.00, 4, '2020-07-22', 1, '2020-07-23 19:50:38'), (1694, '2020-07-03#0', 0.00, 0.00, 4, '2020-07-22', 1, '2020-07-23 19:50:38'), (1695, '2020-07-11#1', 0.00, 0.00, 4, '2020-07-22', 1, '2020-07-23 19:50:38'), (1696, '2020-07-17#2', 0.00, 0.00, 4, '2020-07-23', 1, '2020-07-23 08:50:27'), (1697, '2020-07-09#2', 0.00, 0.00, 4, '2020-07-23', 1, '2020-07-23 08:51:07'), (1698, '2020-07-05#3', 50.00, 1.00, 1, '2020-07-23', 1, '2020-07-23 08:53:17'), (1699, '2020-07-14#5', 200.00, 2.00, 3, '2020-07-23', 1, '2020-07-23 09:38:30'), (1700, '2020-04-03#0', 0.00, 0.00, 4, '2020-07-23', 1, '2020-07-23 09:43:58'), (1701, '2020-06-23#0', 0.00, 0.00, 4, '2020-07-23', 1, '2020-07-23 09:44:04'), (1702, '2020-06-25#0', 0.00, 0.00, 4, '2020-07-23', 1, '2020-07-23 09:44:09'), (1703, '2020-06-29#6', 0.00, 0.00, 4, '2020-07-23', 1, '2020-07-23 09:44:15'), (1704, '2020-06-30#1', 0.00, 0.00, 4, '2020-07-23', 1, '2020-07-23 09:44:21'), (1705, '2020-06-30#2', 0.00, 0.00, 4, '2020-07-23', 1, '2020-07-23 09:44:26'), (1706, '2020-07-03#1', 0.00, 0.00, 4, '2020-07-23', 1, '2020-07-23 09:44:31'), (1707, '2020-07-05#0', 0.00, 0.00, 4, '2020-07-23', 1, '2020-07-23 09:44:36'), (1708, '2020-07-06#1', 0.00, 0.00, 4, '2020-07-23', 1, '2020-07-23 09:44:42'), (1709, '2020-07-06#2', 0.00, 0.00, 4, '2020-07-23', 1, '2020-07-23 09:44:47'), (1710, '2020-07-07#2', 0.00, 0.00, 4, '2020-07-23', 1, '2020-07-23 09:44:52'), (1711, '2020-07-08#1', 0.00, 0.00, 4, '2020-07-23', 1, '2020-07-23 09:44:59'), (1712, '2020-07-09#1', 0.00, 0.00, 4, '2020-07-23', 1, '2020-07-23 09:45:03'), (1713, '2020-07-09#4', 0.00, 0.00, 4, '2020-07-23', 1, '2020-07-23 09:45:09'), (1714, '2020-07-10#0', 0.00, 0.00, 4, '2020-07-23', 1, '2020-07-23 09:45:14'), (1715, '2020-07-10#1', 0.00, 0.00, 4, '2020-07-23', 1, '2020-07-23 09:45:19'), (1716, '2020-07-11#2', 0.00, 0.00, 4, '2020-07-23', 1, '2020-07-23 09:45:23'), (1717, '2020-07-11#7', 0.00, 0.00, 4, '2020-07-23', 1, '2020-07-23 09:45:30'), (1718, '2020-07-12#0', 0.00, 0.00, 4, '2020-07-23', 1, '2020-07-23 09:45:34'), (1719, '2020-07-12#1', 0.00, 0.00, 4, '2020-07-23', 1, '2020-07-23 09:45:39'), (1720, '2020-07-13#2', 0.00, 0.00, 4, '2020-07-23', 1, '2020-07-23 09:45:44'), (1721, '2020-07-14#4', 0.00, 0.00, 4, '2020-07-23', 1, '2020-07-23 09:45:49'), (1722, '2020-07-15#3', 0.00, 0.00, 4, '2020-07-23', 1, '2020-07-23 09:45:55'), (1723, '2020-07-15#6', 0.00, 0.00, 4, '2020-07-23', 1, '2020-07-23 09:45:59'), (1724, '2020-07-15#9', 0.00, 0.00, 4, '2020-07-23', 1, '2020-07-23 09:46:05'), (1725, '2020-07-16#2', 0.00, 0.00, 4, '2020-07-23', 1, '2020-07-23 09:46:10'), (1726, '2020-07-17#4', 0.00, 0.00, 4, '2020-07-23', 1, '2020-07-23 09:46:15'), (1727, '2020-07-18#5', 0.00, 0.00, 4, '2020-07-23', 1, '2020-07-23 09:46:20'), (1728, '2020-07-18#8', 0.00, 0.00, 4, '2020-07-23', 1, '2020-07-23 09:46:25'), (1729, '2020-07-20#0', 0.00, 0.00, 4, '2020-07-23', 1, '2020-07-23 09:46:30'), (1730, '2020-07-20#10', 0.00, 0.00, 4, '2020-07-23', 1, '2020-07-23 09:46:35'), (1731, '2020-07-20#6', 0.00, 0.00, 4, '2020-07-23', 1, '2020-07-23 09:46:40'), (1732, '2020-07-21#9', 0.00, 0.00, 4, '2020-07-23', 1, '2020-07-23 09:46:45'), (1733, '2020-07-22#5', 0.00, 0.00, 4, '2020-07-23', 1, '2020-07-23 09:46:51'), (1734, '2020-06-28#0', 0.00, 0.00, 4, '2020-07-23', 1, '2020-07-24 00:04:09'), (1735, '2020-07-20#3', 100.00, 1.00, 1, '2020-07-24', 1, '2020-07-24 11:42:44'), (1736, '2020-07-18#5', 200.00, 2.00, 3, '2020-07-24', 1, '2020-07-24 11:46:40'), (1737, '2020-07-12#0', 100.00, 2.00, 3, '2020-07-24', 1, '2020-07-24 11:50:25'), (1738, '2020-07-23#0', 150.00, 1.00, 1, '2020-07-23', 1, '2020-07-24 11:52:04'), (1739, '2020-07-23#1', 0.00, 0.00, 4, '2020-07-23', 1, '2020-07-24 11:53:51'), (1740, '2020-07-23#3', 150.00, 1.00, 1, '2020-07-23', 1, '2020-07-24 11:55:21'), (1741, '2020-07-23#2', 0.00, 0.00, 4, '2020-07-23', 1, '2020-07-24 11:55:21'), (1742, '2020-07-23#4', 0.00, 0.00, 4, '2020-07-23', 1, '2020-07-24 11:56:51'), (1743, '2020-07-23#6', 100.00, 2.00, 3, '2020-07-23', 1, '2020-07-24 11:58:55'), (1744, '2020-07-23#5', 0.00, 0.00, 4, '2020-07-23', 1, '2020-07-24 11:58:55'), (1745, '2020-07-22#4', 100.00, 1.00, 1, '2020-07-24', 1, '2020-07-24 12:34:36'), (1746, '2020-07-21#8', 50.00, 1.00, 1, '2020-07-24', 1, '2020-07-24 12:52:44'), (1747, '2020-07-07#2', 200.00, 2.00, 3, '2020-07-24', 1, '2020-07-24 01:29:02'), (1748, '2020-07-23#1', 100.00, 1.00, 1, '2020-07-24', 1, '2020-07-24 01:32:01'), (1749, '2020-07-23#7', 500.00, 5.00, 3, '2020-07-24', 1, '2020-07-24 01:34:12'), (1750, '2020-07-20#8', 50.00, 1.00, 1, '2020-07-24', 1, '2020-07-24 01:37:42'), (1751, '2020-07-11#2', 100.00, 2.00, 3, '2020-07-24', 1, '2020-07-24 01:50:04'), (1752, '2020-07-03#2', 150.00, 1.00, 1, '2020-07-24', 1, '2020-07-24 01:53:20'), (1753, '2020-07-22#1', 100.00, 1.00, 1, '2020-07-24', 1, '2020-07-24 02:06:58'), (1754, '2020-06-29#3', 300.00, 21.00, 7, '2020-07-24', 1, '2020-07-24 02:11:40'), (1755, '2020-07-21#9', 100.00, 1.00, 1, '2020-07-24', 1, '2020-07-24 02:17:34'), (1756, '2020-07-15#3', 100.00, 2.00, 3, '2020-07-24', 1, '2020-07-24 02:33:29'), (1757, '2020-07-10#0', 200.00, 4.00, 3, '2020-07-24', 1, '2020-07-24 02:36:02'), (1758, '2020-07-11#3', 100.00, 1.00, 1, '2020-07-24', 1, '2020-07-24 02:37:23'), (1759, '2020-07-20#4', 50.00, 1.00, 1, '2020-07-24', 1, '2020-07-24 02:41:39'), (1760, '2020-07-04#0', 0.00, 0.00, 4, '2020-07-05', 1, '2020-07-24 02:47:36');
INSERT INTO `abono` VALUES (1761, '2020-07-04#0', 0.00, 0.00, 4, '2020-07-06', 1, '2020-07-24 02:47:36'), (1762, '2020-07-04#0', 0.00, 0.00, 4, '2020-07-07', 1, '2020-07-24 02:47:36'), (1763, '2020-07-04#0', 0.00, 0.00, 4, '2020-07-08', 1, '2020-07-24 02:47:36'), (1764, '2020-07-04#0', 0.00, 0.00, 4, '2020-07-09', 1, '2020-07-24 02:47:36'), (1765, '2020-07-04#0', 0.00, 0.00, 4, '2020-07-10', 1, '2020-07-24 02:47:36'), (1766, '2020-07-04#0', 0.00, 0.00, 4, '2020-07-11', 1, '2020-07-24 02:47:36'), (1767, '2020-07-04#0', 0.00, 0.00, 4, '2020-07-12', 1, '2020-07-24 02:47:36'), (1768, '2020-07-04#0', 0.00, 0.00, 4, '2020-07-13', 1, '2020-07-24 02:47:36'), (1769, '2020-07-04#0', 0.00, 0.00, 4, '2020-07-14', 1, '2020-07-24 02:47:36'), (1770, '2020-07-04#0', 900.00, 18.00, 3, '2020-07-15', 1, '2020-07-24 02:47:36'), (1771, '2020-07-04#0', 0.00, 0.00, 4, '2020-07-16', 1, '2020-07-24 02:47:36'), (1772, '2020-07-04#0', 0.00, 0.00, 4, '2020-07-17', 1, '2020-07-24 02:47:36'), (1773, '2020-07-04#0', 0.00, 0.00, 4, '2020-07-18', 1, '2020-07-24 02:47:36'), (1774, '2020-07-04#0', 0.00, 0.00, 4, '2020-07-19', 1, '2020-07-24 02:47:36'), (1775, '2020-07-04#0', 0.00, 0.00, 4, '2020-07-20', 1, '2020-07-24 02:47:36'), (1776, '2020-07-04#0', 0.00, 0.00, 4, '2020-07-21', 1, '2020-07-24 02:47:36'), (1777, '2020-07-04#0', 0.00, 0.00, 4, '2020-07-22', 1, '2020-07-24 02:47:36'), (1778, '2020-07-04#0', 0.00, 0.00, 4, '2020-07-23', 1, '2020-07-24 02:47:36'), (1779, '2020-07-23#7', 0.00, 0.00, 4, '2020-07-23', 1, '2020-07-24 14:47:36'), (1780, '2020-07-04#0', 100.00, 2.00, 3, '2020-07-24', 1, '2020-07-24 02:48:52'), (1781, '2020-07-11#6', 100.00, 1.00, 1, '2020-07-24', 1, '2020-07-24 02:56:38'), (1782, '2020-07-20#12', 100.00, 1.00, 1, '2020-07-21', 1, '2020-07-24 02:58:58'), (1783, '2020-07-20#12', 100.00, 1.00, 1, '2020-07-22', 1, '2020-07-24 02:58:58'), (1784, '2020-07-20#12', 100.00, 1.00, 1, '2020-07-23', 1, '2020-07-24 02:58:58'), (1785, '2020-07-23#4', 100.00, 1.00, 1, '2020-07-24', 1, '2020-07-24 03:00:03'), (1786, '2020-07-09#1', 100.00, 2.00, 3, '2020-07-24', 1, '2020-07-24 03:17:15'), (1787, '2020-07-15#4', 100.00, 1.00, 1, '2020-07-24', 1, '2020-07-24 03:24:45'), (1788, '2020-06-30#4', 100.00, 23.00, 7, '2020-07-24', 1, '2020-07-24 03:26:45'), (1789, '2020-07-21#5', 100.00, 1.00, 1, '2020-07-24', 1, '2020-07-24 03:31:32'), (1790, '2020-07-10#1', 100.00, 2.00, 3, '2020-07-24', 1, '2020-07-24 03:34:49'), (1791, '2020-07-22#6', 100.00, 1.00, 1, '2020-07-23', 1, '2020-07-24 03:55:29'), (1792, '2020-07-15#1', 100.00, 1.00, 1, '2020-07-24', 1, '2020-07-24 03:55:52'), (1793, '2020-07-22#2', 200.00, 1.00, 1, '2020-07-24', 1, '2020-07-24 03:56:53'), (1794, '2020-07-20#9', 150.00, 1.00, 1, '2020-07-24', 1, '2020-07-24 03:57:34'), (1795, '2020-06-30#0', 50.00, 1.00, 1, '2020-07-24', 1, '2020-07-24 04:03:53'), (1796, '2020-07-07#0', 50.00, 1.00, 1, '2020-07-24', 1, '2020-07-24 04:04:07'), (1797, '2020-07-16#2', 300.00, 3.00, 3, '2020-07-24', 1, '2020-07-24 04:07:21'), (1798, '2020-06-24#0', 100.00, 1.00, 1, '2020-07-24', 1, '2020-07-24 04:22:24'), (1799, '2020-07-12#2', 50.00, 1.00, 1, '2020-07-24', 1, '2020-07-24 04:28:17'), (1800, '2020-07-13#1', 100.00, 1.00, 1, '2020-07-24', 1, '2020-07-24 04:29:04'), (1801, '2020-07-17#5', 100.00, 1.00, 1, '2020-07-24', 1, '2020-07-24 04:43:44'), (1802, '2020-07-16#5', 50.00, 1.00, 1, '2020-07-24', 1, '2020-07-24 04:50:28'), (1803, '2020-07-05#6', 600.00, 18.00, 7, '2020-07-24', 1, '2020-07-24 04:51:19'), (1804, '2020-07-08#2', 50.00, 1.00, 1, '2020-07-24', 1, '2020-07-24 05:01:53'), (1805, '2020-07-18#7', 100.00, 1.00, 1, '2020-07-24', 1, '2020-07-24 05:09:57'), (1806, '2020-07-08#0', 50.00, 1.00, 1, '2020-07-24', 1, '2020-07-24 05:12:38'), (1807, '2020-07-09#0', 100.00, 1.00, 1, '2020-07-24', 1, '2020-07-24 05:13:10'), (1808, '2020-07-20#11', 150.00, 1.00, 1, '2020-07-24', 1, '2020-07-24 05:14:31'), (1809, '2020-07-13#0', 50.00, 1.00, 1, '2020-07-24', 1, '2020-07-24 05:17:42'), (1810, '2020-07-18#1', 200.00, 1.00, 1, '2020-07-24', 1, '2020-07-24 06:59:00'), (1811, '2020-07-12#4', 150.00, 3.00, 3, '2020-07-24', 1, '2020-07-24 06:59:30'), (1812, '2020-07-06#1', 100.00, 1.00, 1, '2020-07-24', 1, '2020-07-24 07:00:33'), (1813, '2020-07-05#1', 150.00, 1.00, 1, '2020-07-24', 1, '2020-07-24 07:00:48'), (1814, '2020-07-06#4', 100.00, 1.00, 1, '2020-07-24', 1, '2020-07-24 07:01:11'), (1815, '2020-07-20#10', 50.00, 1.00, 1, '2020-07-24', 1, '2020-07-24 07:01:31'), (1816, '2020-07-16#4', 100.00, 1.00, 1, '2020-07-24', 1, '2020-07-24 07:01:54'), (1817, '2020-07-05#3', 50.00, 1.00, 1, '2020-07-24', 1, '2020-07-24 07:02:07'), (1818, '2020-07-16#0', 50.00, 1.00, 1, '2020-07-24', 1, '2020-07-24 07:02:22'), (1819, '2020-07-18#3', 50.00, 1.00, 1, '2020-07-24', 1, '2020-07-24 07:02:42'), (1820, '2020-06-30#3', 100.00, 1.00, 6, '2020-07-24', 1, '2020-07-24 07:04:09'), (1821, '2020-07-05#5', 100.00, 1.00, 1, '2020-07-24', 1, '2020-07-24 07:04:38'), (1822, '2020-07-20#2', 50.00, 1.00, 1, '2020-07-24', 1, '2020-07-24 07:05:01'), (1823, '2020-07-09#5', 50.00, 1.00, 1, '2020-07-24', 1, '2020-07-24 07:06:12'), (1824, '2020-07-20#1', 50.00, 1.00, 1, '2020-07-24', 1, '2020-07-24 07:06:31'), (1830, '2020-07-09#2', 200.00, 2.00, 6, '2020-07-24', 1, '2020-07-24 07:07:02'), (1832, '2020-07-18#6', 100.00, 1.00, 1, '2020-07-24', 1, '2020-07-24 07:09:15'), (1833, '2020-07-22#3', 150.00, 1.00, 1, '2020-07-24', 1, '2020-07-24 07:09:38'), (1834, '2020-07-15#7', 550.00, 1.00, 1, '2020-07-24', 1, '2020-07-24 07:10:31'), (1835, '2020-07-11#4', 50.00, 1.00, 1, '2020-07-24', 1, '2020-07-24 07:11:53'), (1836, '2020-07-18#4', 100.00, 1.00, 1, '2020-07-24', 1, '2020-07-24 07:13:30'), (1837, '2020-07-17#4', 100.00, 2.00, 3, '2020-07-24', 1, '2020-07-24 07:15:24'), (1838, '2020-07-15#0', 100.00, 1.00, 1, '2020-07-24', 1, '2020-07-24 07:29:40'), (1839, '2020-07-06#0', 100.00, 1.00, 1, '2020-07-24', 1, '2020-07-24 07:33:06'), (1840, '2020-07-14#0', 50.00, 1.00, 1, '2020-07-24', 1, '2020-07-24 07:33:51'), (1841, '2020-07-09#4', 200.00, 2.00, 3, '2020-07-24', 1, '2020-07-24 07:39:25'), (1842, '2020-06-30#2', 150.00, 3.00, 6, '2020-07-24', 1, '2020-07-24 08:01:18'), (1843, '2020-07-03#1', 300.00, 2.00, 3, '2020-07-24', 1, '2020-07-24 08:11:57'), (1844, '2020-07-21#7', 150.00, 1.00, 1, '2020-07-24', 1, '2020-07-24 08:25:36'), (1845, '2020-07-12#3', 100.00, 1.00, 1, '2020-07-24', 1, '2020-07-24 08:26:39'), (1846, '2020-07-22#5', 200.00, 2.00, 3, '2020-07-24', 1, '2020-07-24 08:53:21'), (1847, '2020-07-24#0', 150.00, 1.00, 1, '2020-07-24', 1, '2020-07-25 12:17:01'), (1848, '2020-04-03#0', 0.00, 0.00, 4, '2020-07-24', 1, '2020-07-25 12:17:01'), (1849, '2020-06-23#0', 0.00, 0.00, 4, '2020-07-24', 1, '2020-07-25 12:17:01'), (1850, '2020-06-25#0', 0.00, 0.00, 4, '2020-07-24', 1, '2020-07-25 12:17:01'), (1851, '2020-06-29#6', 0.00, 0.00, 4, '2020-07-24', 1, '2020-07-25 12:17:01'), (1852, '2020-06-30#1', 0.00, 0.00, 4, '2020-07-24', 1, '2020-07-25 12:17:01'), (1853, '2020-07-02#2', 0.00, 0.00, 4, '2020-07-24', 1, '2020-07-25 12:17:01'), (1854, '2020-07-05#0', 0.00, 0.00, 4, '2020-07-24', 1, '2020-07-25 12:17:01'), (1855, '2020-07-05#2', 0.00, 0.00, 4, '2020-07-24', 1, '2020-07-25 12:17:01'), (1856, '2020-07-05#4', 0.00, 0.00, 4, '2020-07-24', 1, '2020-07-25 12:17:01'), (1857, '2020-07-06#2', 0.00, 0.00, 4, '2020-07-24', 1, '2020-07-25 12:17:01'), (1858, '2020-07-06#3', 0.00, 0.00, 4, '2020-07-24', 1, '2020-07-25 12:17:01'), (1859, '2020-07-06#5', 0.00, 0.00, 4, '2020-07-24', 1, '2020-07-25 12:17:01'), (1860, '2020-07-07#1', 0.00, 0.00, 4, '2020-07-24', 1, '2020-07-25 12:17:01'), (1861, '2020-07-07#3', 0.00, 0.00, 4, '2020-07-24', 1, '2020-07-25 12:17:01'), (1862, '2020-07-08#1', 0.00, 0.00, 4, '2020-07-24', 1, '2020-07-25 12:17:01'), (1863, '2020-07-10#2', 0.00, 0.00, 4, '2020-07-24', 1, '2020-07-25 12:17:01'), (1864, '2020-07-11#0', 0.00, 0.00, 4, '2020-07-24', 1, '2020-07-25 12:17:01'), (1865, '2020-07-11#5', 0.00, 0.00, 4, '2020-07-24', 1, '2020-07-25 12:17:01'), (1866, '2020-07-11#7', 0.00, 0.00, 4, '2020-07-24', 1, '2020-07-25 12:17:01'), (1867, '2020-07-12#1', 0.00, 0.00, 4, '2020-07-24', 1, '2020-07-25 12:17:01'), (1868, '2020-07-13#2', 0.00, 0.00, 4, '2020-07-24', 1, '2020-07-25 12:17:01'), (1869, '2020-07-13#3', 0.00, 0.00, 4, '2020-07-24', 1, '2020-07-25 12:17:01'), (1870, '2020-07-14#1', 0.00, 0.00, 4, '2020-07-24', 1, '2020-07-25 12:17:01'), (1871, '2020-07-14#2', 0.00, 0.00, 4, '2020-07-24', 1, '2020-07-25 12:17:01'), (1872, '2020-07-14#3', 0.00, 0.00, 4, '2020-07-24', 1, '2020-07-25 12:17:01'), (1873, '2020-07-14#4', 0.00, 0.00, 4, '2020-07-24', 1, '2020-07-25 12:17:01'), (1874, '2020-07-14#5', 0.00, 0.00, 4, '2020-07-24', 1, '2020-07-25 12:17:01'), (1875, '2020-07-15#5', 0.00, 0.00, 4, '2020-07-24', 1, '2020-07-25 12:17:01'), (1876, '2020-07-15#6', 0.00, 0.00, 4, '2020-07-24', 1, '2020-07-25 12:17:01'), (1877, '2020-07-15#8', 0.00, 0.00, 4, '2020-07-24', 1, '2020-07-25 12:17:01'), (1878, '2020-07-15#9', 0.00, 0.00, 4, '2020-07-24', 1, '2020-07-25 12:17:01'), (1879, '2020-07-16#1', 0.00, 0.00, 4, '2020-07-24', 1, '2020-07-25 12:17:01'), (1880, '2020-07-17#2', 0.00, 0.00, 4, '2020-07-24', 1, '2020-07-25 12:17:01'), (1881, '2020-07-17#3', 0.00, 0.00, 4, '2020-07-24', 1, '2020-07-25 12:17:01'), (1882, '2020-07-18#0', 0.00, 0.00, 4, '2020-07-24', 1, '2020-07-25 12:17:01'), (1883, '2020-07-18#2', 0.00, 0.00, 4, '2020-07-24', 1, '2020-07-25 12:17:01'), (1884, '2020-07-18#8', 0.00, 0.00, 4, '2020-07-24', 1, '2020-07-25 12:17:01'), (1885, '2020-07-20#0', 0.00, 0.00, 4, '2020-07-24', 1, '2020-07-25 12:17:01'), (1886, '2020-07-20#12', 0.00, 0.00, 4, '2020-07-24', 1, '2020-07-25 12:17:01'), (1887, '2020-07-20#5', 0.00, 0.00, 4, '2020-07-24', 1, '2020-07-25 12:17:01'), (1888, '2020-07-20#6', 0.00, 0.00, 4, '2020-07-24', 1, '2020-07-25 12:17:01'), (1889, '2020-07-20#7', 0.00, 0.00, 4, '2020-07-24', 1, '2020-07-25 12:17:01'), (1890, '2020-07-21#0', 0.00, 0.00, 4, '2020-07-24', 1, '2020-07-25 12:17:01'), (1891, '2020-07-21#10', 0.00, 0.00, 4, '2020-07-24', 1, '2020-07-25 12:17:01'), (1892, '2020-07-21#2', 0.00, 0.00, 4, '2020-07-24', 1, '2020-07-25 12:17:01'), (1893, '2020-07-21#4', 0.00, 0.00, 4, '2020-07-24', 1, '2020-07-25 12:17:01'), (1894, '2020-07-21#6', 0.00, 0.00, 4, '2020-07-24', 1, '2020-07-25 12:17:01'), (1895, '2020-07-22#0', 0.00, 0.00, 4, '2020-07-24', 1, '2020-07-25 12:17:01'), (1896, '2020-07-22#6', 0.00, 0.00, 4, '2020-07-24', 1, '2020-07-25 12:17:01'), (1897, '2020-07-23#0', 0.00, 0.00, 4, '2020-07-24', 1, '2020-07-25 12:17:01'), (1898, '2020-07-23#2', 0.00, 0.00, 4, '2020-07-24', 1, '2020-07-25 12:17:01'), (1899, '2020-07-23#3', 0.00, 0.00, 4, '2020-07-24', 1, '2020-07-25 12:17:01'), (1900, '2020-07-23#5', 0.00, 0.00, 4, '2020-07-24', 1, '2020-07-25 12:17:01'), (1901, '2020-07-23#6', 0.00, 0.00, 4, '2020-07-24', 1, '2020-07-25 12:17:01'), (1902, '2020-07-24#1', 200.00, 2.00, 3, '2020-07-24', 1, '2020-07-25 12:25:20'), (1903, '2020-07-15#3', 50.00, 1.00, 1, '2020-07-25', 1, '2020-07-25 12:33:31'), (1904, '2020-07-21#8', 50.00, 1.00, 1, '2020-07-25', 1, '2020-07-25 12:44:21'), (1905, '2020-07-23#0', 150.00, 1.00, 1, '2020-07-25', 1, '2020-07-25 12:45:04'), (1906, '2020-07-20#9', 150.00, 1.00, 1, '2020-07-25', 1, '2020-07-25 12:45:24'), (1907, '2020-07-24#2', 0.00, 0.00, 4, '2020-07-24', 1, '2020-07-25 12:46:33'), (1908, '2020-07-24#3', 0.00, 0.00, 4, '2020-07-24', 1, '2020-07-25 12:47:31'), (1909, '2020-07-24#5', 200.00, 1.00, 1, '2020-07-24', 1, '2020-07-25 12:54:16'), (1910, '2020-07-24#4', 0.00, 0.00, 4, '2020-07-24', 1, '2020-07-25 12:54:16'), (1911, '2020-07-11#3', 100.00, 1.00, 1, '2020-07-25', 1, '2020-07-25 12:56:36'), (1912, '2020-07-24#6', 100.00, 1.00, 1, '2020-07-24', 1, '2020-07-25 12:58:47'), (1913, '2020-07-20#10', 100.00, 2.00, 3, '2020-07-25', 1, '2020-07-25 01:05:55'), (1914, '2020-07-20#8', 50.00, 1.00, 1, '2020-07-25', 1, '2020-07-25 01:09:24'), (1915, '2020-07-20#13', 550.00, 1.00, 1, '2020-07-21', 1, '2020-07-25 01:38:15'), (1916, '2020-07-20#13', 550.00, 1.00, 1, '2020-07-22', 1, '2020-07-25 01:38:15'), (1917, '2020-07-20#13', 550.00, 1.00, 1, '2020-07-23', 1, '2020-07-25 01:38:15'), (1918, '2020-07-20#13', 550.00, 1.00, 1, '2020-07-24', 1, '2020-07-25 01:38:15'), (1919, '2020-07-14#2', 200.00, 2.00, 3, '2020-07-25', 1, '2020-07-25 01:45:33'), (1920, '2020-07-21#9', 100.00, 1.00, 1, '2020-07-25', 1, '2020-07-25 01:50:21'), (1921, '2020-07-23#1', 200.00, 2.00, 3, '2020-07-25', 1, '2020-07-25 01:57:46'), (1922, '2020-07-03#2', 450.00, 21.00, 7, '2020-07-25', 1, '2020-07-25 01:59:03'), (1923, '2020-07-20#4', 100.00, 2.00, 3, '2020-07-25', 1, '2020-07-25 02:05:57'), (1924, '2020-07-15#4', 200.00, 2.00, 3, '2020-07-25', 1, '2020-07-25 02:06:55'), (1925, '2020-07-13#3', 100.00, 1.00, 6, '2020-07-25', 1, '2020-07-25 02:38:44'), (1926, '2020-07-21#0', 200.00, 2.00, 3, '2020-07-25', 1, '2020-07-25 02:58:14');
COMMIT;

-- ----------------------------
-- Table structure for actividad_economica
-- ----------------------------
DROP TABLE IF EXISTS `actividad_economica`;
CREATE TABLE `actividad_economica`  (
  `id_actividad_economica` int(11) NOT NULL AUTO_INCREMENT,
  `descripcion` varchar(200) CHARACTER SET utf8 COLLATE utf8_general_ci NOT NULL,
  PRIMARY KEY (`id_actividad_economica`) USING BTREE
) ENGINE = InnoDB AUTO_INCREMENT = 11 CHARACTER SET = utf8 COLLATE = utf8_general_ci;

-- ----------------------------
-- Records of actividad_economica
-- ----------------------------
BEGIN;
INSERT INTO `actividad_economica` VALUES (1, 'Taqueria'), (2, 'Carniceria'), (3, 'Reparacin de Celulares'), (4, 'Pollos aliados'), (5, 'Esttica'), (6, 'Pochi'), (7, 'Taxista'), (8, 'Antojitos'), (9, 'Comerciante'), (10, 'Tienda de Electrnica');
COMMIT;

-- ----------------------------
-- Table structure for aval
-- ----------------------------
DROP TABLE IF EXISTS `aval`;
CREATE TABLE `aval`  (
  `id_aval` int(11) NOT NULL AUTO_INCREMENT,
  `ine` varchar(100) CHARACTER SET utf8 COLLATE utf8_general_ci NOT NULL,
  `nombre` varchar(50) CHARACTER SET utf8 COLLATE utf8_general_ci NOT NULL,
  `apellido_paterno` varchar(20) CHARACTER SET utf8 COLLATE utf8_general_ci NULL DEFAULT NULL,
  `apellido_materno` varchar(20) CHARACTER SET utf8 COLLATE utf8_general_ci NULL DEFAULT NULL,
  `direccion` varchar(250) CHARACTER SET utf8 COLLATE utf8_general_ci NULL DEFAULT NULL,
  `telefono` varchar(12) CHARACTER SET utf8 COLLATE utf8_general_ci NULL DEFAULT NULL,
  `parentesco` varchar(50) CHARACTER SET utf8 COLLATE utf8_general_ci NULL DEFAULT NULL,
  PRIMARY KEY (`id_aval`) USING BTREE
) ENGINE = InnoDB AUTO_INCREMENT = 56 CHARACTER SET = utf8 COLLATE = utf8_general_ci;

-- ----------------------------
-- Records of aval
-- ----------------------------
BEGIN;
INSERT INTO `aval` VALUES (9, '0247040029410', 'FERNANDO ', 'JIMENEZ ', 'OLIVA', NULL, '9331566400', 'AMIGO'), (16, '1029071683966', 'FRANCISCO CAYETANO', 'DAGDUG', 'CORDOVA', NULL, '9331700406', 'AMIGO'), (17, '0574100264368', 'JULIO CESAR', 'FUENTES', 'ALEMAN', NULL, '9341156699', 'COMPAERO'), (19, '0575083367186', 'FERNANDO ', 'JIMENEZ', 'OLIVA', NULL, '9331566400', 'COMPAERO'), (21, '0590073318655', 'FERNANDO ', 'JIMENEZ', 'OLIVA', NULL, '9331566400', 'COMPAERO'), (25, '0999064586355', 'FERNANDO ', 'JIMENEZ', 'OLIVA', NULL, '9331566400', 'COMPAERO'), (26, '0532095624310', 'FERNANDO', 'JIMENEZ', 'OLIVA', NULL, '9331566400', 'COMPAERO'), (27, '0606127804603', 'FERNANDO ', 'JIMENEZ', 'OLIVA', NULL, '9331566400', 'COMPAERO'), (28, '0605005053254', 'FERNANDO ', 'JIMENEZ', 'OLIVA', NULL, '9331566400', 'COMPAERO'), (29, '0557124619438', 'FRANCISCO CAYETANO ', 'DAGDUG', 'CORDOVA', NULL, '9331039150', 'COMPAERO'), (30, '0552094573134', 'FRANCISCO CAYETANO', 'DAGDUG', 'CORDOVA', NULL, '9331039150', 'COMPAERO'), (32, '0572105027131', 'MIGUEL', 'GARCIA ', 'LOPEZ', NULL, '9332084275', 'COMPAERO'), (35, '0552006262621', 'FERNANDO', 'JIMENEZ', 'OLIVA', NULL, '9331566400', 'COMPAERO'), (36, '0575136972414', 'ROBINSON', 'CHABLE', 'CHABLE', NULL, '9331228129', 'ESPOSO'), (37, '0575054683330', 'JOSE ALEJANDRO', 'JIMENEZ', 'GONZALEZ', NULL, '9371217040', 'COMPAERO'), (38, '0574097686269', 'FERNANDO ', 'JIMENEZ', 'OLIVA', NULL, '9331566400', 'COMPAERO'), (39, '0533067047081', 'FERNANDO', 'JIMENEZ', 'OLIVA', NULL, '9331566400', 'COMPAERO'), (40, '0573021878263', 'FERNANDO ', 'JIMENEZ ', 'OLIVA', NULL, '9331566400', 'COMPAERO'), (41, '0575086200731', 'EDUARDO', 'GARCIA', 'LOPEZ', NULL, '93316788442', 'COMPAERO'), (42, '1029080164077', 'FRANCISCO CAYETANO', 'DAGDUG', 'CORDOVA', NULL, '9331039150', ''), (43, '0575117442972', 'JOSE ALEJANDRO', 'JIMENEZ', 'GONZALEZ', NULL, '9371217040', 'COMPAERO'), (44, '0575137958091', 'DAVID', 'HERNANDEZ', 'CRUZ', NULL, '9331683383', 'COMPAERO'), (45, '0535107286828', 'FERNANDO ', 'JIMENEZ', 'OLIVA', NULL, '9331566400', 'COMPAERO'), (46, '0575088369906', 'FERNANDO', 'JIMENEZ', 'OLIVA', NULL, '9331566400', 'COMPAERO'), (47, '0594016777082', 'DAVID', 'HERNANDEZ', 'CRUZ', NULL, '9331683383', 'COMPAERO'), (48, '0569035162211', 'FERNANDO', 'JIMENEZ', 'OLIVA', NULL, '9331566400', 'COMPAERO'), (49, '0593016769783', 'FERNANDO', 'JIMENEZ', 'OLIVA', NULL, '9331566400', 'COMPAERO'), (50, '0573101247149', 'ROSENDO', 'NARANJO', 'MENDEZ', NULL, '9331677842', ''), (51, '0593085739587', 'FERNANDO', 'JIMENEZ', 'OLIVA', NULL, '9331566400', 'COMPAERO'), (52, '0575107111433', 'ENRIQUE ', 'JIMENEZ', 'ALEJANDRO', NULL, '9331578849', 'ESPOSO'), (53, '0559045516681', 'JESUS RAMIRO', 'AGUILAR', 'RABANALES', NULL, '93311174848', 'COMPAERO'), (54, '0532020481403', 'ROBINSON ', 'CHABLE', 'CHABLE', NULL, '9331228129', 'JEFE'), (55, '0559086213493', 'JOSE ALBERTO', 'HERNANDEZ', 'CHABLE', NULL, '9331585417', 'CONOCIDO');
COMMIT;

-- ----------------------------
-- Table structure for calle
-- ----------------------------
DROP TABLE IF EXISTS `calle`;
CREATE TABLE `calle`  (
  `id_calle` int(11) NOT NULL AUTO_INCREMENT,
  `id_colonia` int(11) NULL DEFAULT NULL,
  `nombre` varchar(150) CHARACTER SET utf8 COLLATE utf8_general_ci NULL DEFAULT NULL,
  PRIMARY KEY (`id_calle`) USING BTREE
) ENGINE = InnoDB AUTO_INCREMENT = 2 CHARACTER SET = utf8 COLLATE = utf8_general_ci;

-- ----------------------------
-- Records of calle
-- ----------------------------
BEGIN;
INSERT INTO `calle` VALUES (1, 1, 'Sin Definir');
COMMIT;

-- ----------------------------
-- Table structure for capital
-- ----------------------------
DROP TABLE IF EXISTS `capital`;
CREATE TABLE `capital`  (
  `id_capital` int(11) NOT NULL AUTO_INCREMENT,
  `id_sucursal` int(11) NOT NULL,
  `id_periodo` int(11) NOT NULL,
  `id_usuario` varchar(30) CHARACTER SET utf8 COLLATE utf8_general_ci NOT NULL,
  `id_tipo_capital` int(11) NOT NULL COMMENT '- Ingreso\n- Egreso',
  `id_tipo_concepto` int(11) NOT NULL COMMENT 'Tipo de consecto de ingreso o egreso:\n- Ingreso\n--- Remanente de entrega\n--- Recuperacin de deuda\n--- General\n\n- Egreso\n--- Gasto oficina\n--- Mantenimiento Vehiculos\n--- General\n',
  `emisor` varchar(45) CHARACTER SET utf8 COLLATE utf8_general_ci NULL DEFAULT NULL,
  `concepto` varchar(500) CHARACTER SET utf8 COLLATE utf8_general_ci NULL DEFAULT NULL,
  `empresa` varchar(120) CHARACTER SET utf8 COLLATE utf8_general_ci NULL DEFAULT NULL,
  `monto` decimal(10, 2) NULL DEFAULT NULL,
  `hora` varchar(20) CHARACTER SET utf8 COLLATE utf8_general_ci NULL DEFAULT NULL,
  `folio_ticket` varchar(50) CHARACTER SET utf8 COLLATE utf8_general_ci NULL DEFAULT NULL,
  `comprobante` longblob NULL,
  `fecha` date NULL DEFAULT NULL COMMENT 'Fecha del Ingreso/Egreso',
  `id_estado` int(11) NOT NULL,
  `fecha_reg` datetime(0) NULL DEFAULT NULL COMMENT 'Fecha en que se registro',
  PRIMARY KEY (`id_capital`) USING BTREE
) ENGINE = InnoDB AUTO_INCREMENT = 1 CHARACTER SET = utf8 COLLATE = utf8_general_ci;

-- ----------------------------
-- Records of capital
-- ----------------------------
BEGIN;
COMMIT;

-- ----------------------------
-- Table structure for ciudad
-- ----------------------------
DROP TABLE IF EXISTS `ciudad`;
CREATE TABLE `ciudad`  (
  `id_ciudad` int(11) NOT NULL AUTO_INCREMENT,
  `id_provinvia` int(11) NULL DEFAULT NULL,
  `nombre` varchar(50) CHARACTER SET utf8 COLLATE utf8_general_ci NOT NULL,
  PRIMARY KEY (`id_ciudad`) USING BTREE
) ENGINE = InnoDB AUTO_INCREMENT = 4 CHARACTER SET = utf8 COLLATE = utf8_general_ci;

-- ----------------------------
-- Records of ciudad
-- ----------------------------
BEGIN;
INSERT INTO `ciudad` VALUES (1, 1, 'Comalcalco'), (2, 1, 'Paraiso'), (3, 1, 'Cunduacan');
COMMIT;

-- ----------------------------
-- Table structure for cobro_dia
-- ----------------------------
DROP TABLE IF EXISTS `cobro_dia`;
CREATE TABLE `cobro_dia`  (
  `folio_credito` varchar(50) CHARACTER SET utf8 COLLATE utf8_general_ci NOT NULL,
  `ine` varchar(100) CHARACTER SET utf8 COLLATE utf8_general_ci NULL DEFAULT NULL,
  `id_ruta` int(11) NULL DEFAULT NULL,
  `id_usuario` varchar(30) CHARACTER SET utf8 COLLATE utf8_general_ci NULL DEFAULT NULL,
  PRIMARY KEY (`folio_credito`) USING BTREE
) ENGINE = InnoDB CHARACTER SET = utf8 COLLATE = utf8_general_ci;

-- ----------------------------
-- Records of cobro_dia
-- ----------------------------
BEGIN;
INSERT INTO `cobro_dia` VALUES ('2020-04-03#0', '0555088335002', 3, 'oficina'), ('2020-06-23#0', '0555125028201', 3, 'oficina'), ('2020-06-24#0', '0555009813409', 3, 'oficina'), ('2020-06-25#0', '0605069824903', 3, 'oficina'), ('2020-06-29#6', '0587087211240', 3, 'oficina'), ('2020-06-30#0', '0575022035023', 3, 'oficina'), ('2020-06-30#1', '0560068405477', 3, 'oficina'), ('2020-07-02#2', '0606099645751', 3, 'oficina'), ('2020-07-03#1', '0551073318559', 3, 'oficina'), ('2020-07-03#2', '0555066672560', 3, 'oficina'), ('2020-07-04#0', '0551125137138', 3, 'oficina'), ('2020-07-05#0', '0549054689867', 1, 'jc'), ('2020-07-05#1', '1014059471857', 3, 'oficina'), ('2020-07-05#2', '0574084417336', 3, 'oficina'), ('2020-07-05#3', '0575086200731', 3, 'oficina'), ('2020-07-05#4', '0555054716609', 3, 'oficina'), ('2020-07-05#5', '0575099319437', 3, 'oficina'), ('2020-07-06#0', '0513038801582', 3, 'oficina'), ('2020-07-06#1', '0574122388698', 3, 'oficina'), ('2020-07-06#2', '0573031755131', 3, 'oficina'), ('2020-07-06#3', '0575122020099', 3, 'oficina'), ('2020-07-06#4', '0551121237540', 3, 'oficina'), ('2020-07-06#5', '0594121381898', 3, 'oficina'), ('2020-07-07#0', '0575022035023', 3, 'oficina'), ('2020-07-07#1', '0559106863546', 3, 'oficina'), ('2020-07-07#2', '0533067047081', 3, 'oficina'), ('2020-07-07#3', '0574097686269', 3, 'oficina'), ('2020-07-08#0', '0513064020659', 3, 'oficina'), ('2020-07-08#1', '0521063086682', 3, 'oficina'), ('2020-07-08#2', '0551002164236', 3, 'oficina'), ('2020-07-09#0', '0575096031714', 3, 'oficina'), ('2020-07-09#1', '0605005053254', 3, 'oficina'), ('2020-07-09#2', '0557124619438', 3, 'oficina'), ('2020-07-09#4', '0552094573134', 3, 'oficina'), ('2020-07-09#5', '0572105027131', 3, 'oficina'), ('2020-07-10#0', '0552006262621', 3, 'oficina'), ('2020-07-10#1', '0247040029410', 3, 'oficina'), ('2020-07-10#2', '0559086160135', 3, 'oficina'), ('2020-07-11#0', '1029071683966', 3, 'oficina'), ('2020-07-11#2', '0606127804603', 3, 'oficina'), ('2020-07-11#3', '1CH1648858', 3, 'oficina'), ('2020-07-11#4', '0574100264368', 3, 'oficina'), ('2020-07-11#5', '0518104240385', 3, 'oficina'), ('2020-07-11#6', '0575083367186', 3, 'oficina'), ('2020-07-11#7', '0528041812091', 3, 'oficina'), ('2020-07-12#0', '0575075957170', 3, 'oficina'), ('2020-07-12#1', '0532095624310', 3, 'oficina'), ('2020-07-12#2', '0555086350234', 3, 'oficina'), ('2020-07-12#3', '0999064586355', 3, 'oficina'), ('2020-07-12#4', '0590073318655', 3, 'oficina'), ('2020-07-13#0', '0574013574093', 3, 'oficina'), ('2020-07-13#1', '0555071622254', 3, 'oficina'), ('2020-07-13#2', '0535107286828', 3, 'oficina'), ('2020-07-13#3', '0555002017389', 3, 'oficina'), ('2020-07-14#0', '0513010128629', 3, 'oficina'), ('2020-07-14#1', '0593016769783', 3, 'oficina'), ('2020-07-14#2', '0590099157098', 3, 'oficina'), ('2020-07-14#3', '0575054683330', 3, 'oficina'), ('2020-07-14#4', '0555126868277', 3, 'oficina'), ('2020-07-14#5', '0575038777650', 3, 'oficina'), ('2020-07-15#0', '0551021223872', 3, 'oficina'), ('2020-07-15#1', '0571087694140', 3, 'oficina'), ('2020-07-15#3', '1024086366500', 3, 'oficina'), ('2020-07-15#4', '0555130388552', 3, 'oficina'), ('2020-07-15#5', '0550095557225', 3, 'oficina'), ('2020-07-15#6', '0582046269660', 3, 'oficina'), ('2020-07-15#7', '0529027913208', 3, 'oficina'), ('2020-07-15#8', '0575092959827', 3, 'oficina'), ('2020-07-15#9', '0533049229562', 3, 'oficina'), ('2020-07-16#0', '0573101247149', 3, 'oficina'), ('2020-07-16#1', '1033002128296', 3, 'oficina'), ('2020-07-16#2', '0593085739587', 3, 'oficina'), ('2020-07-16#4', '0551067168016', 3, 'oficina'), ('2020-07-16#5', '0573021878263', 3, 'oficina'), ('2020-07-17#2', '0528095505138', 3, 'oficina'), ('2020-07-17#3', '0575135671466', 3, 'oficina'), ('2020-07-17#4', '05710511160043', 3, 'oficina'), ('2020-07-17#5', '0533128645541', 3, 'oficina'), ('2020-07-18#0', '0555028829509', 3, 'oficina'), ('2020-07-18#1', '0600054711030', 3, 'oficina'), ('2020-07-18#2', '0514086086744', 3, 'oficina'), ('2020-07-18#3', '1028066322271', 3, 'oficina'), ('2020-07-18#4', '0565070873376', 3, 'oficina'), ('2020-07-18#5', '0572053700915', 3, 'oficina'), ('2020-07-18#6', '0581002123061', 3, 'oficina'), ('2020-07-18#7', '0571054975766', 3, 'oficina'), ('2020-07-18#8', '0575079025673', 3, 'oficina'), ('2020-07-20#0', '0576127889805', 3, 'oficina'), ('2020-07-20#1', '0551033708729', 3, 'oficina'), ('2020-07-20#10', '0548038763291', 3, 'oficina'), ('2020-07-20#11', '0575137958091', 3, 'oficina'), ('2020-07-20#12', '0555070141029', 3, 'oficina'), ('2020-07-20#13', '060009391041', 3, 'oficina'), ('2020-07-20#2', '0575107111433', 3, 'oficina'), ('2020-07-20#3', '0559015478447', 3, 'oficina'), ('2020-07-20#4', '0559045516681', 3, 'oficina'), ('2020-07-20#5', '0555104358411', 3, 'oficina'), ('2020-07-20#6', '0569035162211', 3, 'oficina'), ('2020-07-20#7', '0532020481403', 3, 'oficina'), ('2020-07-20#8', '0555069641192', 3, 'oficina'), ('2020-07-20#9', '0555031931676', 3, 'oficina'), ('2020-07-21#0', '0594016777082', 3, 'oficina'), ('2020-07-21#10', '0594054858090', 3, 'oficina'), ('2020-07-21#2', '0555099934111', 3, 'oficina'), ('2020-07-21#4', '0551096033000', 3, 'oficina'), ('2020-07-21#5', '0575086267272', 3, 'oficina'), ('2020-07-21#6', '0559086213493', 3, 'oficina'), ('2020-07-21#7', '0515027465778', 3, 'oficina'), ('2020-07-21#8', '0550100929617', 3, 'oficina'), ('2020-07-21#9', '0514124265880', 3, 'oficina'), ('2020-07-22#0', '0575136972414', 3, 'oficina'), ('2020-07-22#1', '0551072510232', 3, 'oficina'), ('2020-07-22#2', '1029081097346', 3, 'oficina'), ('2020-07-22#3', '0590064716344', 3, 'oficina'), ('2020-07-22#4', '0551105692492', 3, 'oficina'), ('2020-07-22#5', '0525007284994', 3, 'oficina'), ('2020-07-22#6', '0573086108560', 3, 'oficina'), ('2020-07-23#0', '0555131858340', 3, 'oficina'), ('2020-07-23#1', '0515023614153', 3, 'oficina'), ('2020-07-23#2', '0555017683625', 3, 'oficina'), ('2020-07-23#3', '0575070216219', 3, 'oficina'), ('2020-07-23#4', '0573083071300', 3, 'oficina'), ('2020-07-23#5', '0551086077636', 3, 'oficina'), ('2020-07-23#6', '1029080164077', 3, 'oficina'), ('2020-07-23#7', '0559105491965', 3, 'oficina'), ('2020-07-24#0', '0575106592210', 3, 'oficina'), ('2020-07-24#1', '0574079385723', 3, 'oficina'), ('2020-07-24#2', '0555123669850', 3, 'oficina'), ('2020-07-24#3', '0573021878263', 3, 'oficina'), ('2020-07-24#4', '0575016257817', 3, 'oficina'), ('2020-07-24#5', '0559125492498', 3, 'oficina'), ('2020-07-24#6', '0593136097225', 3, 'oficina');
COMMIT;

-- ----------------------------
-- Table structure for colonia
-- ----------------------------
DROP TABLE IF EXISTS `colonia`;
CREATE TABLE `colonia`  (
  `id_colonia` int(11) NOT NULL AUTO_INCREMENT,
  `id_ciudad` int(11) NULL DEFAULT NULL,
  `nombre` varchar(50) CHARACTER SET utf8 COLLATE utf8_general_ci NULL DEFAULT NULL,
  PRIMARY KEY (`id_colonia`) USING BTREE
) ENGINE = InnoDB AUTO_INCREMENT = 2 CHARACTER SET = utf8 COLLATE = utf8_general_ci;

-- ----------------------------
-- Records of colonia
-- ----------------------------
BEGIN;
INSERT INTO `colonia` VALUES (1, 1, 'Centro');
COMMIT;

-- ----------------------------
-- Table structure for configuracion
-- ----------------------------
DROP TABLE IF EXISTS `configuracion`;
CREATE TABLE `configuracion`  (
  `id_configuracion` int(11) NOT NULL AUTO_INCREMENT,
  `no_cobradores` int(11) NULL DEFAULT NULL,
  `licencia_inicio` date NULL DEFAULT NULL,
  `licencia_fin` date NULL DEFAULT NULL,
  `id_moneda` int(11) NULL DEFAULT NULL,
  `id_zona_horaria` int(11) NULL DEFAULT NULL,
  `id_estado` int(11) NOT NULL,
  PRIMARY KEY (`id_configuracion`) USING BTREE
) ENGINE = InnoDB AUTO_INCREMENT = 2 CHARACTER SET = utf8 COLLATE = utf8_general_ci;

-- ----------------------------
-- Records of configuracion
-- ----------------------------
BEGIN;
INSERT INTO `configuracion` VALUES (1, 10, '2020-03-01', '2030-03-01', 1, 1, 1);
COMMIT;

-- ----------------------------
-- Table structure for credito
-- ----------------------------
DROP TABLE IF EXISTS `credito`;
CREATE TABLE `credito`  (
  `folio_credito` varchar(50) CHARACTER SET utf8 COLLATE utf8_general_ci NOT NULL COMMENT 'Barcode or QR code',
  `descripcion` varchar(100) CHARACTER SET utf8 COLLATE utf8_general_ci NULL DEFAULT NULL,
  `id_usuario` varchar(30) CHARACTER SET utf8 COLLATE utf8_general_ci NULL DEFAULT NULL COMMENT 'Usuario quien registra el credito',
  `id_usuario_establecimiento` int(11) NOT NULL COMMENT 'Usuario a quien se le otorga el credito',
  `id_periodo` int(11) NULL DEFAULT NULL,
  `id_tipo_cobro` int(11) NOT NULL,
  `monto_credito` decimal(10, 2) NOT NULL COMMENT 'Monto del prestamo',
  `monto_pago` decimal(10, 2) NOT NULL COMMENT 'Monto Pago Diario',
  `monto_total` decimal(10, 2) NOT NULL COMMENT 'Monto Total a Pagar con intereses',
  `fecha_entrega` date NOT NULL,
  `fecha_inicio_cobro` date NOT NULL,
  `fecha_siguiente_pago` date NULL DEFAULT NULL,
  `pagos_total` int(11) NULL DEFAULT NULL COMMENT 'Numero de pagos total a realizar',
  `id_estado_credito` int(11) NOT NULL,
  `id_estado` int(11) NOT NULL,
  `id_tipo_credito` int(11) NOT NULL COMMENT 'Tipo de operqacin:\n1- Nuevo cliente\n2- Renovacin credito\n3- Nuevo credito a cliente Con credito activo\n4- Moroso',
  `fecha_reg` datetime(0) NULL DEFAULT NULL,
  PRIMARY KEY (`folio_credito`) USING BTREE
) ENGINE = InnoDB CHARACTER SET = utf8 COLLATE = utf8_general_ci;

-- ----------------------------
-- Records of credito
-- ----------------------------
BEGIN;
INSERT INTO `credito` VALUES ('2020-04-03#0', '', 'oficina2', 55, 4, 1, 1000.00, 50.00, 1200.00, '2020-04-03', '2020-07-04', '2020-07-25', 24, 1, 1, 3, '2020-07-18 07:14:48'), ('2020-06-22#0', '', 'oficina2', 7, 6, 1, 2000.00, 100.00, 2400.00, '2020-06-22', '2020-06-23', '2020-07-21', 25, 6, 2, 1, '2020-07-13 06:25:58'), ('2020-06-23#0', '', 'oficina2', 38, 6, 1, 2000.00, 100.00, 2400.00, '2020-06-23', '2020-06-24', '2020-07-25', 24, 1, 1, 1, '2020-07-22 06:41:16'), ('2020-06-24#0', '', 'oficina2', 13, 6, 1, 2000.00, 100.00, 2400.00, '2020-06-24', '2020-06-25', '2020-07-25', 25, 1, 1, 1, '2020-07-22 04:39:22'), ('2020-06-25#0', '', 'oficina2', 105, 6, 1, 30000.00, 800.00, 39200.00, '2020-06-25', '2020-06-29', '2020-07-25', 49, 1, 1, 1, '2020-07-22 05:58:23'), ('2020-06-26#0', '', 'oficina2', 100, 6, 1, 2000.00, 100.00, 2400.00, '2020-06-26', '2020-06-27', '2020-07-23', 24, 6, 2, 1, '2020-07-22 08:17:54'), ('2020-06-28#0', '', 'oficina2', 97, 6, 1, 2000.00, 100.00, 2400.00, '2020-06-28', '2020-06-29', '2020-07-23', 24, 4, 1, 1, '2020-07-17 03:03:50'), ('2020-06-28#1', '', 'oficina2', 98, 6, 1, 1000.00, 50.00, 1200.00, '2020-06-28', '2020-06-29', '2020-07-21', 24, 7, 2, 1, '2020-07-17 09:28:04'), ('2020-06-29#0', '', 'oficina2', 80, 6, 1, 2000.00, 100.00, 2400.00, '2020-06-29', '2020-06-30', '2020-07-23', 24, 6, 2, 1, '2020-07-17 05:14:16'), ('2020-06-29#1', '', 'oficina2', 87, 6, 1, 2000.00, 100.00, 2400.00, '2020-06-29', '2020-06-30', '2020-07-23', 24, 6, 2, 3, '2020-07-17 05:37:13'), ('2020-06-29#2', '', 'oficina2', 89, 6, 1, 2000.00, 100.00, 2400.00, '2020-06-29', '2020-06-30', '2020-07-21', 24, 7, 2, 3, '2020-07-17 07:07:00'), ('2020-06-29#3', '', 'oficina2', 75, 6, 1, 2000.00, 100.00, 2400.00, '2020-06-29', '2020-06-30', '2020-07-24', 24, 7, 2, 3, '2020-07-17 07:11:12'), ('2020-06-29#4', '', 'oficina2', 83, 6, 1, 2000.00, 100.00, 2400.00, '2020-06-29', '2020-06-30', '2020-07-21', 24, 7, 2, 3, '2020-07-17 07:22:36'), ('2020-06-29#5', '', 'oficina2', 91, 6, 1, 1000.00, 50.00, 1200.00, '2020-06-29', '2020-06-30', '2020-07-23', 24, 6, 2, 1, '2020-07-18 06:45:04'), ('2020-06-29#6', '', 'oficina2', 77, 6, 1, 2000.00, 100.00, 2400.00, '2020-06-29', '2020-06-30', '2020-07-25', 24, 1, 1, 1, '2020-07-21 03:10:14'), ('2020-06-29#7', '', 'oficina2', 92, 6, 1, 1000.00, 50.00, 1200.00, '2020-06-29', '2020-06-30', '2020-07-23', 24, 6, 2, 3, '2020-07-21 05:07:27'), ('2020-06-30#0', '', 'oficina2', 69, 6, 1, 1000.00, 50.00, 1200.00, '2020-06-30', '2020-07-01', '2020-07-25', 24, 1, 1, 3, '2020-07-17 04:07:00'), ('2020-06-30#1', '', 'oficina2', 110, 6, 1, 1000.00, 50.00, 1200.00, '2020-06-30', '2020-07-01', '2020-07-25', 24, 1, 1, 1, '2020-07-21 04:38:08'), ('2020-06-30#2', '', 'oficina2', 65, 6, 1, 1000.00, 50.00, 1200.00, '2020-06-30', '2020-07-01', '2020-07-24', 24, 6, 2, 1, '2020-07-21 04:57:00'), ('2020-06-30#3', '', 'oficina2', 66, 6, 1, 2000.00, 100.00, 2400.00, '2020-06-30', '2020-07-01', '2020-07-24', 24, 6, 2, 1, '2020-07-21 05:26:20'), ('2020-06-30#4', '', 'oficina2', 74, 6, 1, 2000.00, 100.00, 2400.00, '2020-06-30', '2020-07-01', '2020-07-24', 24, 7, 2, 3, '2020-07-21 07:00:07'), ('2020-07-02#0', '', 'oficina2', 61, 7, 1, 1000.00, 50.00, 1200.00, '2020-07-02', '2020-07-03', '2020-07-23', 24, 7, 2, 1, '2020-07-17 12:46:32'), ('2020-07-02#2', '', 'oficina2', 58, 7, 1, 2000.00, 100.00, 2400.00, '2020-07-02', '2020-07-03', '2020-07-25', 24, 1, 1, 1, '2020-07-17 01:34:42'), ('2020-07-02#3', '', 'oficina2', 57, 7, 1, 2000.00, 100.00, 2400.00, '2020-07-02', '2020-07-03', '2020-07-23', 24, 6, 2, 1, '2020-07-22 07:13:04'), ('2020-07-03#0', '', 'oficina2', 108, 7, 1, 2000.00, 100.00, 2400.00, '2020-07-03', '2020-07-04', '2020-07-21', 24, 7, 2, 2, '2020-07-17 01:05:43'), ('2020-07-03#1', '', 'oficina2', 168, 7, 1, 3000.00, 150.00, 3600.00, '2020-07-03', '2020-07-04', '2020-07-25', 24, 1, 1, 1, '2020-07-22 04:11:54'), ('2020-07-03#2', '', 'oficina2', 173, 7, 1, 3000.00, 150.00, 3600.00, '2020-07-03', '2020-07-04', '2020-07-25', 24, 7, 2, 1, '2020-07-23 03:37:54'), ('2020-07-04#0', '', 'oficina2', 122, 7, 1, 1000.00, 50.00, 1200.00, '2020-07-04', '2020-07-05', '2020-07-25', 24, 1, 1, 1, '2020-07-24 02:47:35'), ('2020-07-05#0', '', 'OFICINA1', 33, 7, 1, 5000.00, 250.00, 6000.00, '2020-07-05', '2020-07-06', '2020-07-25', 24, 1, 1, 1, '2020-07-14 02:36:25'), ('2020-07-05#1', '', 'oficina2', 52, 7, 1, 3000.00, 150.00, 3600.00, '2020-07-05', '2020-07-06', '2020-07-25', 24, 1, 1, 3, '2020-07-17 05:31:10'), ('2020-07-05#2', '', 'oficina2', 131, 7, 1, 2000.00, 100.00, 2400.00, '2020-07-05', '2020-07-06', '2020-07-25', 24, 1, 1, 1, '2020-07-18 07:05:53'), ('2020-07-05#3', '', 'oficina2', 54, 7, 1, 1000.00, 50.00, 1200.00, '2020-07-05', '2020-07-06', '2020-07-25', 24, 1, 1, 1, '2020-07-20 08:19:36'), ('2020-07-05#4', '', 'oficina2', 49, 7, 1, 2000.00, 100.00, 2400.00, '2020-07-05', '2020-07-06', '2020-07-25', 24, 1, 1, 1, '2020-07-21 10:57:23'), ('2020-07-05#5', '', 'oficina2', 119, 7, 1, 2000.00, 100.00, 2400.00, '2020-07-05', '2020-07-06', '2020-07-25', 24, 1, 1, 1, '2020-07-22 07:22:08'), ('2020-07-05#6', '', 'oficina2', 51, 7, 1, 2000.00, 100.00, 2400.00, '2020-07-05', '2020-07-06', '2020-07-24', 24, 7, 2, 1, '2020-07-23 03:09:42'), ('2020-07-06#0', '', 'oficina2', 115, 7, 1, 2000.00, 100.00, 2400.00, '2020-07-06', '2020-07-07', '2020-07-25', 24, 1, 1, 1, '2020-07-17 01:27:14'), ('2020-07-06#1', '', 'oficina2', 120, 7, 1, 2000.00, 100.00, 2400.00, '2020-07-06', '2020-07-07', '2020-07-25', 24, 1, 1, 1, '2020-07-18 07:36:38'), ('2020-07-06#2', '', 'oficina2', 15, 7, 1, 2000.00, 100.00, 2400.00, '2020-07-06', '2020-07-07', '2020-07-25', 24, 1, 1, 1, '2020-07-21 04:26:46'), ('2020-07-06#3', '', 'oficina2', 124, 7, 1, 2000.00, 100.00, 2400.00, '2020-07-06', '2020-07-07', '2020-07-25', 24, 1, 1, 1, '2020-07-21 06:16:40'), ('2020-07-06#4', '', 'oficina2', 47, 7, 1, 2000.00, 100.00, 2400.00, '2020-07-06', '2020-07-07', '2020-07-25', 24, 1, 1, 1, '2020-07-22 03:41:44'), ('2020-07-06#5', '', 'oficina2', 169, 7, 1, 2000.00, 100.00, 2400.00, '2020-07-06', '2020-07-07', '2020-07-25', 24, 1, 1, 1, '2020-07-22 04:22:37'), ('2020-07-07#0', '', 'oficina2', 69, 7, 1, 1000.00, 50.00, 1200.00, '2020-07-07', '2020-07-08', '2020-07-25', 24, 1, 1, 2, '2020-07-17 04:16:20'), ('2020-07-07#1', '', 'oficina2', 44, 7, 1, 2000.00, 100.00, 2400.00, '2020-07-07', '2020-07-08', '2020-07-25', 24, 1, 1, 1, '2020-07-18 06:16:11'), ('2020-07-07#2', '', 'oficina2', 46, 7, 1, 2000.00, 100.00, 2400.00, '2020-07-07', '2020-07-08', '2020-07-25', 24, 1, 1, 1, '2020-07-21 05:15:44'), ('2020-07-07#3', '', 'oficina2', 45, 7, 1, 2000.00, 100.00, 2400.00, '2020-07-07', '2020-07-08', '2020-07-25', 24, 1, 1, 3, '2020-07-22 03:29:01'), ('2020-07-08#0', '', 'oficina2', 34, 7, 1, 1000.00, 50.00, 1200.00, '2020-07-08', '2020-07-09', '2020-07-25', 24, 1, 1, 1, '2020-07-22 07:32:10'), ('2020-07-08#1', '', 'oficina2', 31, 7, 1, 2000.00, 100.00, 2400.00, '2020-07-08', '2020-07-09', '2020-07-25', 24, 1, 1, 1, '2020-07-23 02:26:58'), ('2020-07-08#2', '', 'oficina2', 177, 7, 1, 1000.00, 50.00, 1200.00, '2020-07-08', '2020-07-09', '2020-07-25', 24, 1, 1, 1, '2020-07-23 06:03:25'), ('2020-07-09#0', '', 'oficina2', 127, 7, 1, 2000.00, 100.00, 2400.00, '2020-07-09', '2020-07-10', '2020-07-25', 24, 1, 1, 1, '2020-07-17 06:13:38'), ('2020-07-09#1', '', 'oficina2', 28, 7, 1, 1000.00, 50.00, 1200.00, '2020-07-09', '2020-07-10', '2020-07-25', 24, 1, 1, 1, '2020-07-20 08:27:54'), ('2020-07-09#2', '', 'oficina2', 29, 7, 1, 2000.00, 100.00, 2400.00, '2020-07-09', '2020-07-10', '2020-07-25', 24, 1, 1, 3, '2020-07-21 03:01:26'), ('2020-07-09#3', '', 'oficina2', 36, 7, 1, 1000.00, 50.00, 1200.00, '2020-07-09', '2020-07-10', '2020-07-23', 24, 2, 1, 1, '2020-07-21 04:11:38'), ('2020-07-09#4', '', 'oficina2', 30, 7, 1, 2000.00, 100.00, 2400.00, '2020-07-09', '2020-07-10', '2020-07-25', 24, 1, 1, 1, '2020-07-21 10:49:08'), ('2020-07-09#5', '', 'oficina2', 32, 7, 1, 1000.00, 50.00, 1200.00, '2020-07-09', '2020-07-10', '2020-07-25', 24, 1, 1, 1, '2020-07-22 06:18:06'), ('2020-07-10#0', '', 'oficina2', 35, 7, 1, 1000.00, 50.00, 1200.00, '2020-07-10', '2020-07-11', '2020-07-25', 24, 1, 1, 3, '2020-07-17 03:28:35'), ('2020-07-10#1', '', 'oficina2', 9, 7, 1, 1000.00, 50.00, 1200.00, '2020-07-10', '2020-07-11', '2020-07-25', 24, 1, 1, 3, '2020-07-17 05:27:50'), ('2020-07-10#2', '', 'oficina2', 42, 7, 1, 1000.00, 50.00, 1200.00, '2020-07-10', '2020-07-11', '2020-07-25', 24, 1, 1, 1, '2020-07-21 04:32:10'), ('2020-07-11#0', '', 'oficina2', 16, 7, 1, 2000.00, 100.00, 2400.00, '2020-07-11', '0000-00-00', '2020-07-25', 24, 1, 1, 3, '2020-07-17 12:49:02'), ('2020-07-11#1', '', 'oficina2', 108, 7, 1, 1000.00, 50.00, 1200.00, '2020-07-11', '2020-07-12', '2020-07-21', 24, 7, 2, 1, '2020-07-17 01:00:49'), ('2020-07-11#2', '', 'oficina2', 27, 7, 1, 1000.00, 50.00, 1200.00, '2020-07-11', '2020-07-12', '2020-07-25', 24, 1, 1, 3, '2020-07-17 02:16:20'), ('2020-07-11#3', '', 'oficina2', 24, 7, 1, 2000.00, 100.00, 2400.00, '2020-07-11', '2020-07-12', '2020-07-25', 24, 1, 1, 3, '2020-07-17 03:41:21'), ('2020-07-11#4', '', 'oficina2', 17, 7, 1, 1000.00, 50.00, 1200.00, '2020-07-11', '2020-07-12', '2020-07-25', 24, 1, 1, 3, '2020-07-18 07:18:45'), ('2020-07-11#5', '', 'oficina2', 68, 7, 1, 2000.00, 100.00, 2400.00, '2020-07-11', '2020-07-12', '2020-07-25', 24, 1, 1, 1, '2020-07-20 05:33:23'), ('2020-07-11#6', '', 'oficina2', 19, 7, 1, 2000.00, 100.00, 2400.00, '2020-07-11', '2020-07-12', '2020-07-25', 24, 1, 1, 1, '2020-07-21 04:15:25'), ('2020-07-11#7', '', 'oficina2', 112, 7, 1, 1000.00, 50.00, 1200.00, '2020-07-11', '2020-07-12', '2020-07-25', 24, 1, 1, 1, '2020-07-21 06:35:49'), ('2020-07-12#0', '', 'oficina2', 96, 7, 1, 1000.00, 50.00, 1200.00, '2020-07-12', '2020-07-13', '2020-07-25', 24, 1, 1, 1, '2020-07-17 01:56:54'), ('2020-07-12#1', '', 'oficina2', 26, 7, 1, 1000.00, 50.00, 1200.00, '2020-07-12', '2020-07-13', '2020-07-25', 24, 1, 1, 3, '2020-07-17 03:19:02'), ('2020-07-12#2', '', 'oficina2', 23, 7, 1, 1000.00, 50.00, 1200.00, '2020-07-12', '2020-07-13', '2020-07-25', 24, 1, 1, 1, '2020-07-21 03:53:58'), ('2020-07-12#3', '', 'oficina2', 25, 7, 1, 2000.00, 100.00, 2400.00, '2020-07-12', '2020-07-13', '2020-07-25', 24, 1, 1, 1, '2020-07-23 02:16:10'), ('2020-07-12#4', '', 'oficina2', 21, 7, 1, 1000.00, 50.00, 1200.00, '2020-07-12', '2020-07-13', '2020-07-25', 24, 1, 1, 1, '2020-07-23 04:28:04'), ('2020-07-13#0', '', 'oficina2', 123, 7, 1, 1000.00, 50.00, 1200.00, '2020-07-13', '2020-07-14', '2020-07-25', 24, 1, 1, 1, '2020-07-20 08:12:35'), ('2020-07-13#1', '', 'oficina2', 133, 7, 1, 2000.00, 100.00, 2400.00, '2020-07-13', '2020-07-14', '2020-07-25', 24, 1, 1, 1, '2020-07-21 03:50:08'), ('2020-07-13#2', '', 'oficina2', 90, 7, 1, 1000.00, 50.00, 1200.00, '2020-07-13', '2020-07-14', '2020-07-25', 24, 1, 1, 1, '2020-07-21 04:01:19'), ('2020-07-13#3', '', 'oficina2', 132, 7, 1, 1000.00, 100.00, 1000.00, '2020-07-13', '2020-07-14', '2020-07-25', 10, 6, 2, 4, '2020-07-22 04:26:46'), ('2020-07-14#0', '', 'oficina2', 134, 7, 1, 1000.00, 50.00, 1200.00, '2020-07-14', '2020-07-15', '2020-07-25', 24, 1, 1, 1, '2020-07-17 01:13:44'), ('2020-07-14#1', '', 'oficina2', 140, 7, 1, 2000.00, 100.00, 2400.00, '2020-07-14', '2020-07-15', '2020-07-25', 24, 1, 1, 3, '2020-07-17 03:06:51'), ('2020-07-14#2', '', 'oficina2', 82, 7, 1, 2000.00, 100.00, 2400.00, '2020-07-14', '2020-07-15', '2020-07-25', 24, 1, 1, 1, '2020-07-17 03:24:19'), ('2020-07-14#3', '', 'oficina2', 37, 7, 1, 1000.00, 50.00, 1200.00, '2020-07-14', '2020-07-15', '2020-07-25', 24, 1, 1, 3, '2020-07-18 06:08:36'), ('2020-07-14#4', '', 'oficina2', 10, 7, 1, 2000.00, 100.00, 2400.00, '2020-07-14', '2020-07-15', '2020-07-25', 24, 1, 1, 1, '2020-07-21 03:44:20'), ('2020-07-14#5', '', 'oficina2', 129, 7, 1, 1500.00, 100.00, 1500.00, '2020-07-14', '2020-07-15', '2020-07-25', 15, 1, 1, 1, '2020-07-21 05:20:37'), ('2020-07-15#0', '', 'oficina2', 81, 7, 1, 2000.00, 100.00, 2400.00, '2020-07-15', '2020-07-16', '2020-07-25', 24, 1, 1, 1, '2020-07-17 02:19:07'), ('2020-07-15#1', '', 'oficina2', 136, 7, 1, 2000.00, 100.00, 2400.00, '2020-07-15', '2020-07-16', '2020-07-25', 24, 1, 1, 3, '2020-07-17 03:49:26'), ('2020-07-15#2', '', 'oficina2', 137, 7, 1, 1000.00, 50.00, 1200.00, '2020-07-15', '2020-07-16', '2020-07-23', 24, 2, 4, 3, '2020-07-20 04:58:41'), ('2020-07-15#3', '', 'oficina2', 137, 7, 1, 1000.00, 50.00, 1200.00, '2020-07-15', '2020-07-16', '2020-07-25', 24, 1, 1, 3, '2020-07-20 04:58:41'), ('2020-07-15#4', '', 'oficina2', 135, 7, 1, 2000.00, 100.00, 2400.00, '2020-07-15', '2020-07-16', '2020-07-25', 24, 1, 1, 1, '2020-07-20 06:54:48'), ('2020-07-15#5', '', 'oficina2', 138, 7, 1, 2000.00, 100.00, 2400.00, '2020-07-15', '2020-07-16', '2020-07-25', 24, 1, 1, 1, '2020-07-20 08:30:42'), ('2020-07-15#6', '', 'oficina2', 130, 7, 1, 6000.00, 300.00, 7200.00, '2020-07-15', '2020-07-16', '2020-07-25', 24, 1, 1, 1, '2020-07-20 08:34:51'), ('2020-07-15#7', '', 'oficina2', 144, 7, 1, 11000.00, 550.00, 13200.00, '2020-07-15', '2020-07-16', '2020-07-25', 24, 1, 1, 1, '2020-07-20 08:38:32'), ('2020-07-15#8', '', 'oficina2', 121, 7, 1, 2000.00, 100.00, 2400.00, '2020-07-15', '2020-07-16', '2020-07-25', 24, 1, 1, 1, '2020-07-21 04:04:20'), ('2020-07-15#9', '', 'oficina2', 139, 7, 1, 5000.00, 250.00, 6000.00, '2020-07-15', '2020-07-16', '2020-07-25', 24, 1, 1, 1, '2020-07-21 10:35:58'), ('2020-07-16#0', '', 'oficina2', 141, 7, 1, 1000.00, 50.00, 1200.00, '2020-07-16', '2020-07-17', '2020-07-25', 24, 1, 1, 1, '2020-07-17 07:12:25'), ('2020-07-16#1', '', 'oficina2', 14, 7, 1, 3000.00, 150.00, 3600.00, '2020-07-16', '2020-07-17', '2020-07-25', 24, 1, 1, 1, '2020-07-18 06:04:34'), ('2020-07-16#2', '', 'oficina2', 142, 7, 1, 2000.00, 100.00, 2400.00, '2020-07-16', '2020-07-17', '2020-07-25', 24, 1, 1, 1, '2020-07-20 09:08:22'), ('2020-07-16#3', '', 'oficina2', 102, 7, 1, 2000.00, 100.00, 2400.00, '2020-07-16', '2020-07-17', '2020-07-23', 24, 2, 4, 1, '2020-07-21 07:32:32'), ('2020-07-16#4', '', 'oficina2', 102, 7, 1, 2000.00, 100.00, 2400.00, '2020-07-16', '2020-07-17', '2020-07-25', 24, 1, 1, 1, '2020-07-21 07:39:02'), ('2020-07-16#5', '', 'oficina2', 51, 7, 1, 1000.00, 50.00, 1200.00, '2020-07-16', '2020-07-17', '2020-07-25', 24, 1, 1, 2, '2020-07-23 03:20:53'), ('2020-07-17#0', '', 'oficina2', 63, 7, 1, 3000.00, 150.00, 3600.00, '2020-07-17', '2020-07-18', '2020-07-23', 24, 7, 2, 1, '2020-07-18 06:55:55'), ('2020-07-17#1', '', 'oficina2', 145, 7, 1, 1000.00, 50.00, 1200.00, '2020-07-17', '2020-07-18', '2020-07-23', 24, 2, 4, 1, '2020-07-20 08:52:39'), ('2020-07-17#2', '', 'oficina2', 170, 7, 1, 1000.00, 50.00, 1200.00, '2020-07-17', '2020-07-18', '2020-07-25', 24, 1, 1, 3, '2020-07-22 04:50:43'), ('2020-07-17#3', '', 'oficina2', 85, 7, 1, 2000.00, 100.00, 2400.00, '2020-07-17', '2020-07-18', '2020-07-25', 24, 1, 1, 1, '2020-07-22 06:05:21'), ('2020-07-17#4', '', 'oficina2', 171, 7, 1, 1000.00, 50.00, 1200.00, '2020-07-17', '2020-07-18', '2020-07-25', 24, 1, 1, 1, '2020-07-22 06:57:19'), ('2020-07-17#5', '', 'oficina2', 145, 7, 1, 2000.00, 100.00, 2400.00, '2020-07-17', '2020-07-18', '2020-07-25', 24, 1, 1, 1, '2020-07-23 01:33:41'), ('2020-07-18#0', '', 'oficina2', 109, 7, 1, 3000.00, 150.00, 3600.00, '2020-07-18', '2020-07-19', '2020-07-25', 24, 1, 1, 1, '2020-07-18 07:26:03'), ('2020-07-18#1', '', 'oficina2', 118, 7, 1, 4000.00, 200.00, 4800.00, '2020-07-18', '2020-07-19', '2020-07-25', 24, 1, 1, 1, '2020-07-18 09:49:04'), ('2020-07-18#2', '', 'oficina2', 143, 7, 1, 2000.00, 100.00, 2400.00, '2020-07-18', '2020-07-19', '2020-07-25', 24, 1, 1, 1, '2020-07-18 09:55:23'), ('2020-07-18#3', '', 'oficina2', 113, 7, 1, 1000.00, 50.00, 1200.00, '2020-07-18', '2020-07-19', '2020-07-25', 24, 1, 1, 1, '2020-07-20 05:04:29'), ('2020-07-18#4', '', 'oficina2', 104, 7, 1, 2000.00, 100.00, 2400.00, '2020-07-18', '2020-07-19', '2020-07-25', 24, 1, 1, 1, '2020-07-20 07:01:39'), ('2020-07-18#5', '', 'oficina2', 146, 7, 1, 2000.00, 100.00, 2400.00, '2020-07-18', '2020-07-19', '2020-07-25', 24, 1, 1, 1, '2020-07-20 09:00:37'), ('2020-07-18#6', '', 'oficina2', 72, 7, 1, 2000.00, 100.00, 2400.00, '2020-07-18', '2020-07-19', '2020-07-25', 24, 1, 1, 1, '2020-07-21 02:45:47'), ('2020-07-18#7', '', 'oficina2', 107, 7, 1, 2000.00, 100.00, 2400.00, '2020-07-18', '2020-07-19', '2020-07-25', 24, 1, 1, 1, '2020-07-21 04:42:01'), ('2020-07-18#8', '', 'oficina2', 147, 7, 1, 2000.00, 100.00, 2400.00, '2020-07-18', '2020-07-19', '2020-07-25', 24, 1, 1, 1, '2020-07-22 06:44:43'), ('2020-07-20#0', '', 'oficina2', 59, 7, 1, 2000.00, 100.00, 2400.00, '2020-07-20', '2020-07-21', '2020-07-25', 24, 1, 1, 1, '2020-07-20 08:31:54'), ('2020-07-20#1', '', 'oficina2', 106, 7, 1, 1000.00, 50.00, 1200.00, '2020-07-20', '2020-07-21', '2020-07-25', 24, 1, 1, 1, '2020-07-20 09:05:21'), ('2020-07-20#10', '', 'oficina2', 101, 7, 1, 1000.00, 50.00, 1200.00, '2020-07-20', '2020-07-21', '2020-07-25', 24, 1, 1, 1, '2020-07-21 07:14:17'), ('2020-07-20#11', '', 'oficina2', 83, 7, 1, 3000.00, 150.00, 3600.00, '2020-07-20', '2020-07-21', '2020-07-25', 24, 1, 1, 1, '2020-07-21 07:15:40'), ('2020-07-20#12', '', 'oficina2', 181, 7, 1, 1600.00, 100.00, 1600.00, '2020-07-20', '2020-07-21', '2020-07-25', 16, 1, 1, 1, '2020-07-24 02:58:57'), ('2020-07-20#13', '', 'oficina2', 185, 7, 1, 10000.00, 550.00, 9900.00, '2020-07-20', '2020-07-21', '2020-07-25', 18, 1, 1, 1, '2020-07-25 01:38:15'), ('2020-07-20#2', '', 'oficina2', 148, 7, 1, 1000.00, 50.00, 1200.00, '2020-07-20', '2020-07-21', '2020-07-25', 24, 1, 1, 3, '2020-07-21 12:34:08'), ('2020-07-20#3', '', 'oficina2', 149, 7, 1, 2000.00, 100.00, 2400.00, '2020-07-20', '2020-07-21', '2020-07-25', 24, 1, 1, 1, '2020-07-21 12:36:52'), ('2020-07-20#4', '', 'oficina2', 150, 7, 1, 1000.00, 50.00, 1200.00, '2020-07-20', '2020-07-21', '2020-07-25', 24, 1, 1, 1, '2020-07-21 01:36:39'), ('2020-07-20#5', '', 'oficina2', 67, 7, 1, 1000.00, 50.00, 1200.00, '2020-07-20', '2020-07-21', '2020-07-25', 24, 1, 1, 1, '2020-07-21 02:48:32'), ('2020-07-20#6', '', 'oficina2', 103, 7, 1, 1000.00, 50.00, 1200.00, '2020-07-20', '2020-07-21', '2020-07-25', 24, 1, 1, 1, '2020-07-21 05:00:15'), ('2020-07-20#7', '', 'oficina2', 153, 7, 1, 5000.00, 250.00, 6000.00, '2020-07-20', '2020-07-21', '2020-07-25', 24, 1, 1, 1, '2020-07-21 07:05:35'), ('2020-07-20#8', '', 'oficina2', 154, 7, 1, 1000.00, 50.00, 1200.00, '2020-07-20', '2020-07-21', '2020-07-25', 24, 1, 1, 1, '2020-07-21 07:09:09'), ('2020-07-20#9', '', 'oficina2', 40, 7, 1, 3000.00, 150.00, 3600.00, '2020-07-20', '2020-07-21', '2020-07-25', 24, 1, 1, 1, '2020-07-21 07:12:30'), ('2020-07-21#0', '', 'oficina2', 98, 7, 1, 2000.00, 100.00, 2400.00, '2020-07-21', '2020-07-22', '2020-07-25', 24, 1, 1, 1, '2020-07-21 03:18:48'), ('2020-07-21#1', '', 'oficina2', 89, 7, 1, 2000.00, 100.00, 2400.00, '2020-07-21', '2020-07-22', '2020-07-23', 24, 2, 4, 1, '2020-07-21 03:30:43'), ('2020-07-21#10', '', 'oficina2', 116, 7, 1, 3000.00, 150.00, 3600.00, '2020-07-21', '2020-07-22', '2020-07-25', 24, 1, 1, 1, '2020-07-21 10:40:36'), ('2020-07-21#2', '', 'oficina2', 114, 7, 1, 3000.00, 150.00, 3600.00, '2020-07-21', '2020-07-22', '2020-07-25', 24, 1, 1, 1, '2020-07-21 03:33:16'), ('2020-07-21#3', '', 'oficina2', 98, 7, 1, 2000.00, 100.00, 2400.00, '2020-07-21', '2020-07-22', '2020-07-23', 24, 2, 4, 1, '2020-07-21 10:11:00'), ('2020-07-21#4', '', 'oficina2', 78, 7, 1, 2000.00, 100.00, 2400.00, '2020-07-21', '2020-07-22', '2020-07-25', 24, 1, 1, 1, '2020-07-21 10:11:47'), ('2020-07-21#5', '', 'oficina2', 89, 7, 1, 2000.00, 100.00, 2400.00, '2020-07-21', '2020-07-22', '2020-07-25', 24, 1, 1, 1, '2020-07-21 10:13:39'), ('2020-07-21#6', '', 'oficina2', 164, 7, 1, 2000.00, 100.00, 2400.00, '2020-07-21', '2020-07-22', '2020-07-25', 24, 1, 1, 1, '2020-07-21 10:18:39'), ('2020-07-21#7', '', 'oficina2', 94, 7, 1, 3000.00, 150.00, 3600.00, '2020-07-21', '2020-07-22', '2020-07-25', 24, 1, 1, 1, '2020-07-21 10:26:42'), ('2020-07-21#8', '', 'oficina2', 39, 7, 1, 1000.00, 50.00, 1200.00, '2020-07-21', '2020-07-22', '2020-07-25', 24, 1, 1, 1, '2020-07-21 10:27:42'), ('2020-07-21#9', '', 'oficina2', 165, 7, 1, 2000.00, 100.00, 2400.00, '2020-07-21', '2020-07-22', '2020-07-25', 24, 1, 1, 1, '2020-07-21 10:40:02'), ('2020-07-22#0', '', 'oficina2', 36, 7, 1, 1000.00, 50.00, 1200.00, '2020-07-22', '2020-07-23', '2020-07-25', 24, 1, 1, 1, '2020-07-23 12:49:25'), ('2020-07-22#1', '', 'oficina2', 97, 7, 1, 2000.00, 100.00, 2400.00, '2020-07-22', '2020-07-23', '2020-07-25', 24, 1, 1, 1, '2020-07-23 12:51:17'), ('2020-07-22#2', '', 'oficina2', 93, 7, 1, 4000.00, 200.00, 4800.00, '2020-07-22', '2020-07-23', '2020-07-25', 24, 1, 1, 1, '2020-07-23 12:52:22'), ('2020-07-22#3', '', 'oficina2', 71, 7, 1, 3000.00, 150.00, 2400.00, '2020-07-22', '2020-07-23', '2020-07-25', 24, 1, 1, 1, '2020-07-23 12:54:25'), ('2020-07-22#4', '', 'oficina2', 172, 7, 1, 2000.00, 100.00, 2400.00, '2020-07-22', '2020-07-23', '2020-07-25', 24, 1, 1, 1, '2020-07-23 01:05:46'), ('2020-07-22#5', '', 'oficina2', 178, 7, 1, 2000.00, 100.00, 2400.00, '2020-07-22', '2020-07-23', '2020-07-25', 24, 1, 1, 1, '2020-07-23 06:49:01'), ('2020-07-22#6', '', 'oficina2', 182, 7, 1, 1500.00, 100.00, 1800.00, '2020-07-22', '2020-07-23', '2020-07-25', 18, 1, 1, 4, '2020-07-24 03:55:28'), ('2020-07-23#0', '', 'oficina2', 179, 7, 1, 3000.00, 150.00, 3600.00, '2020-07-23', '2020-07-24', '2020-07-25', 24, 1, 1, 1, '2020-07-24 11:52:04'), ('2020-07-23#1', '', 'oficina2', 92, 7, 1, 2000.00, 100.00, 2400.00, '2020-07-23', '2020-07-24', '2020-07-25', 24, 1, 1, 1, '2020-07-24 11:53:00'), ('2020-07-23#2', '', 'oficina2', 87, 7, 1, 2000.00, 100.00, 2400.00, '2020-07-23', '2020-07-24', '2020-07-25', 24, 1, 1, 1, '2020-07-24 11:53:51'), ('2020-07-23#3', '', 'oficina2', 57, 7, 1, 3000.00, 150.00, 3600.00, '2020-07-23', '2020-07-24', '2020-07-25', 24, 1, 1, 1, '2020-07-24 11:55:21'), ('2020-07-23#4', '', 'oficina2', 80, 7, 1, 2000.00, 100.00, 2400.00, '2020-07-23', '2020-07-24', '2020-07-25', 24, 1, 1, 1, '2020-07-24 11:56:03'), ('2020-07-23#5', '', 'oficina2', 100, 7, 1, 2000.00, 100.00, 2400.00, '2020-07-23', '2020-07-24', '2020-07-25', 24, 1, 1, 1, '2020-07-24 11:56:51'), ('2020-07-23#6', '', 'oficina2', 61, 7, 1, 1000.00, 50.00, 1200.00, '2020-07-23', '2020-07-24', '2020-07-25', 24, 1, 1, 1, '2020-07-24 11:58:55'), ('2020-07-23#7', '', 'oficina2', 180, 7, 1, 1000.00, 100.00, 1200.00, '2020-07-23', '2020-07-24', '2020-07-25', 12, 1, 1, 1, '2020-07-24 01:33:47'), ('2020-07-24#0', '', 'oficina2', 56, 7, 1, 3000.00, 150.00, 3600.00, '2020-07-24', '2020-07-25', '2020-07-25', 24, 1, 1, 1, '2020-07-25 12:17:01'), ('2020-07-24#1', '', 'oficina2', 111, 7, 1, 2000.00, 100.00, 2400.00, '2020-07-24', '2020-07-25', '2020-07-25', 24, 1, 1, 1, '2020-07-25 12:25:20'), ('2020-07-24#2', '', 'oficina2', 75, 7, 1, 3000.00, 150.00, 3600.00, '2020-07-24', '2020-07-25', '2020-07-25', 24, 1, 1, 1, '2020-07-25 12:26:51'), ('2020-07-24#3', '', 'oficina2', 51, 7, 1, 2000.00, 100.00, 2400.00, '2020-07-24', '2020-07-25', '2020-07-25', 24, 1, 1, 1, '2020-07-25 12:46:33'), ('2020-07-24#4', '', 'oficina2', 74, 7, 1, 2000.00, 100.00, 2400.00, '2020-07-24', '2020-07-25', '2020-07-25', 24, 1, 1, 1, '2020-07-25 12:47:30'), ('2020-07-24#5', '', 'oficina2', 183, 7, 1, 4000.00, 200.00, 4800.00, '2020-07-24', '2020-07-25', '2020-07-25', 24, 1, 1, 1, '2020-07-25 12:54:16'), ('2020-07-24#6', '', 'oficina2', 184, 7, 1, 2000.00, 100.00, 2400.00, '2020-07-24', '2020-07-25', '2020-07-25', 24, 1, 1, 1, '2020-07-25 12:58:46'), ('2020-07-25#0', '', 'oficina2', 76, 7, 1, 2100.00, 105.00, 2520.00, '2020-07-25', '2020-07-26', '2020-07-26', 24, 1, 1, 1, '2020-07-25 01:21:22');
COMMIT;

-- ----------------------------
-- Table structure for empresa
-- ----------------------------
DROP TABLE IF EXISTS `empresa`;
CREATE TABLE `empresa`  (
  `id_empresa` varchar(50) CHARACTER SET utf8 COLLATE utf8_general_ci NOT NULL,
  `razon_social` varchar(250) CHARACTER SET utf8 COLLATE utf8_general_ci NULL DEFAULT NULL,
  `direccion` varchar(250) CHARACTER SET utf8 COLLATE utf8_general_ci NULL DEFAULT NULL,
  `id_ciudad` int(11) NULL DEFAULT NULL,
  `cp` int(11) NULL DEFAULT NULL,
  `telefono` varchar(12) CHARACTER SET utf8 COLLATE utf8_general_ci NULL DEFAULT NULL,
  `id_configuracion` int(11) NOT NULL,
  `id_estado` int(11) NOT NULL,
  PRIMARY KEY (`id_empresa`) USING BTREE
) ENGINE = InnoDB CHARACTER SET = utf8 COLLATE = utf8_general_ci;

-- ----------------------------
-- Records of empresa
-- ----------------------------
BEGIN;
INSERT INTO `empresa` VALUES ('RFC45GENERICO', 'CDJ COP Asociados', 'Colonia Centro', 1, 86300, '9331452145', 1, 1);
COMMIT;

-- ----------------------------
-- Table structure for estadistica_cliente
-- ----------------------------
DROP TABLE IF EXISTS `estadistica_cliente`;
CREATE TABLE `estadistica_cliente`  (
  `folio_credito` varchar(50) CHARACTER SET utf8 COLLATE utf8_general_ci NOT NULL,
  `ine` varchar(100) CHARACTER SET utf8 COLLATE utf8_general_ci NULL DEFAULT NULL,
  `monto_credito` decimal(10, 2) NULL DEFAULT NULL,
  `fecha_entrega` datetime(0) NULL DEFAULT NULL,
  `pagos_total` int(11) NULL DEFAULT NULL,
  `no_pagos` decimal(10, 2) NULL DEFAULT NULL,
  `no_abonos` int(11) NULL DEFAULT NULL,
  `no_adelantos` decimal(10, 2) NULL DEFAULT NULL,
  `no_atrasos` int(11) NULL DEFAULT NULL,
  PRIMARY KEY (`folio_credito`) USING BTREE
) ENGINE = InnoDB CHARACTER SET = utf8 COLLATE = utf8_general_ci;

-- ----------------------------
-- Records of estadistica_cliente
-- ----------------------------
BEGIN;
INSERT INTO `estadistica_cliente` VALUES ('2020-04-03#0', '0555088335002', 1000.00, '2020-04-03 00:00:00', 24, 19.00, 0, 2.00, 10), ('2020-06-22#0', '0535127612623', 2000.00, '2020-06-22 00:00:00', 25, 25.00, 0, 0.00, 12), ('2020-06-23#0', '0555125028201', 2000.00, '2020-06-23 00:00:00', 24, 21.00, 0, 0.00, 20), ('2020-06-24#0', '0555009813409', 2000.00, '2020-06-24 00:00:00', 24, 24.00, 0, 0.00, 6), ('2020-06-25#0', '0605069824903', 30000.00, '2020-06-25 00:00:00', 49, 16.00, 0, 0.00, 11), ('2020-06-26#0', '0551086077636', 2000.00, '2020-06-26 00:00:00', 24, 24.00, 0, 0.00, 9), ('2020-06-28#0', '0551072510232', 2000.00, '2020-06-28 00:00:00', 24, 24.00, 0, 1.00, 9), ('2020-06-28#1', '0594016777082', 1000.00, '2020-06-28 00:00:00', 24, 24.00, 0, 0.00, 4), ('2020-06-29#0', '0573083071300', 2000.00, '2020-06-29 00:00:00', 24, 24.00, 0, 1.00, 5), ('2020-06-29#1', '0555017683625', 2000.00, '2020-06-29 00:00:00', 24, 24.00, 0, 0.00, 6), ('2020-06-29#2', '0575086267272', 2000.00, '2020-06-29 00:00:00', 24, 24.00, 0, 0.00, 4), ('2020-06-29#3', '0555123669850', 2000.00, '2020-06-29 00:00:00', 24, 24.00, 0, 0.00, 3), ('2020-06-29#4', '0575137958091', 2000.00, '2020-06-29 00:00:00', 24, 24.00, 0, 1.00, 6), ('2020-06-29#5', '0523002122045', 1000.00, '2020-06-29 00:00:00', 24, 24.00, 0, 0.00, 6), ('2020-06-29#6', '0587087211240', 2000.00, '2020-06-29 00:00:00', 24, 9.00, 0, 0.00, 16), ('2020-06-29#7', '0515023614153', 1000.00, '2020-06-29 00:00:00', 24, 24.00, 0, 5.00, 6), ('2020-06-30#0', '0575022035023', 1000.00, '2020-06-30 00:00:00', 24, 23.00, 0, 11.00, 13), ('2020-06-30#1', '0560068405477', 1000.00, '2020-06-30 00:00:00', 24, 12.00, 0, 0.00, 21), ('2020-06-30#2', '0575034264589', 1000.00, '2020-06-30 00:00:00', 24, 24.00, 0, 0.00, 12), ('2020-06-30#3', '0530002742426', 2000.00, '2020-06-30 00:00:00', 24, 24.00, 0, 1.00, 3), ('2020-06-30#4', '0575016257817', 2000.00, '2020-06-30 00:00:00', 24, 24.00, 0, 2.00, 6), ('2020-07-02#0', '0575075957170', 1000.00, '2020-07-02 00:00:00', 24, 24.00, 0, 21.00, 20), ('2020-07-02#2', '0606099645751', 2000.00, '2020-07-02 00:00:00', 24, 21.00, 0, 7.00, 12), ('2020-07-02#3', '0575070216219', 2000.00, '2020-07-02 00:00:00', 24, 24.00, 0, 0.00, 4), ('2020-07-03#0', '0552046396824', 2000.00, '2020-07-03 00:00:00', 24, 24.00, 0, 0.00, 8), ('2020-07-03#1', '0551073318559', 3000.00, '2020-07-03 00:00:00', 24, 21.00, 0, 0.00, 12), ('2020-07-03#2', '0555066672560', 3000.00, '2020-07-03 00:00:00', 24, 24.00, 0, 5.00, 7), ('2020-07-04#0', '0551125137138', 1000.00, '2020-07-04 00:00:00', 24, 20.00, 0, 17.00, 18), ('2020-07-05#0', '0549054689867', 5000.00, '2020-07-05 00:00:00', 24, 7.00, 0, 0.00, 12), ('2020-07-05#1', '1014059471857', 3000.00, '2020-07-05 00:00:00', 24, 20.00, 0, 1.00, 3), ('2020-07-05#2', '0574084417336', 2000.00, '2020-07-05 00:00:00', 24, 18.00, 0, 3.00, 8), ('2020-07-05#3', '0575086200731', 1000.00, '2020-07-05 00:00:00', 24, 18.00, 0, 0.00, 3), ('2020-07-05#4', '0555054716609', 2000.00, '2020-07-05 00:00:00', 24, 17.00, 0, 0.00, 7), ('2020-07-05#5', '0575099319437', 2000.00, '2020-07-05 00:00:00', 24, 18.00, 0, 0.00, 0), ('2020-07-05#6', '0573021878263', 2000.00, '2020-07-05 00:00:00', 24, 24.00, 0, 1.00, 2), ('2020-07-06#0', '0513038801582', 2000.00, '2020-07-06 00:00:00', 24, 16.00, 0, 2.00, 5), ('2020-07-06#1', '0574122388698', 2000.00, '2020-07-06 00:00:00', 24, 9.00, 1, 0.00, 9), ('2020-07-06#2', '0573031755131', 2000.00, '2020-07-06 00:00:00', 24, 17.00, 0, 11.00, 12), ('2020-07-06#3', '0575122020099', 2000.00, '2020-07-06 00:00:00', 24, 15.00, 0, 0.00, 5), ('2020-07-06#4', '0551121237540', 2000.00, '2020-07-06 00:00:00', 24, 16.00, 0, 2.00, 5), ('2020-07-06#5', '0594121381898', 2000.00, '2020-07-06 00:00:00', 24, 17.00, 0, 0.00, 3), ('2020-07-07#0', '0575022035023', 1000.00, '2020-07-07 00:00:00', 24, 15.00, 0, 0.00, 5), ('2020-07-07#1', '0559106863546', 2000.00, '2020-07-07 00:00:00', 24, 26.00, 0, 11.00, 4), ('2020-07-07#2', '0533067047081', 2000.00, '2020-07-07 00:00:00', 24, 16.00, 0, 2.00, 6), ('2020-07-07#3', '0574097686269', 2000.00, '2020-07-07 00:00:00', 24, 16.00, 0, 0.00, 8), ('2020-07-08#0', '0513064020659', 1000.00, '2020-07-08 00:00:00', 24, 15.00, 0, 0.00, 3), ('2020-07-08#1', '0521063086682', 2000.00, '2020-07-08 00:00:00', 24, 11.00, 0, 4.00, 12), ('2020-07-08#2', '0551002164236', 1000.00, '2020-07-08 00:00:00', 24, 16.00, 0, 1.00, 1), ('2020-07-09#0', '0575096031714', 2000.00, '2020-07-09 00:00:00', 24, 15.00, 0, 0.00, 2), ('2020-07-09#1', '0605005053254', 1000.00, '2020-07-09 00:00:00', 24, 15.00, 0, 1.00, 3), ('2020-07-09#2', '0557124619438', 2000.00, '2020-07-09 00:00:00', 24, 18.00, 0, 0.00, 4), ('2020-07-09#3', '0575136972414', 1000.00, '2020-07-09 00:00:00', 24, 24.00, 0, 0.00, 1), ('2020-07-09#4', '0552094573134', 2000.00, '2020-07-09 00:00:00', 24, 15.00, 0, 0.00, 6), ('2020-07-09#5', '0572105027131', 1000.00, '2020-07-09 00:00:00', 24, 15.00, 0, 2.00, 4), ('2020-07-10#0', '0552006262621', 1000.00, '2020-07-10 00:00:00', 24, 13.00, 0, 2.00, 8), ('2020-07-10#1', '0247040029410', 1000.00, '2020-07-10 00:00:00', 24, 12.00, 0, 4.00, 8), ('2020-07-10#2', '0559086160135', 1000.00, '2020-07-10 00:00:00', 24, 13.00, 0, 1.00, 7), ('2020-07-11#0', '1029071683966', 2000.00, '2020-07-11 00:00:00', 24, 12.00, 0, 5.00, 9), ('2020-07-11#1', '0552046396824', 1000.00, '2020-07-11 00:00:00', 24, 24.00, 0, 1.00, 5), ('2020-07-11#2', '0606127804603', 1000.00, '2020-07-11 00:00:00', 24, 13.00, 0, 1.00, 6), ('2020-07-11#3', '1CH1648858', 2000.00, '2020-07-11 00:00:00', 24, 14.00, 0, 0.00, 2), ('2020-07-11#4', '0574100264368', 1000.00, '2020-07-11 00:00:00', 24, 13.00, 0, 0.00, 5), ('2020-07-11#5', '0518104240385', 2000.00, '2020-07-11 00:00:00', 24, 12.00, 0, 4.00, 7), ('2020-07-11#6', '0575083367186', 2000.00, '2020-07-11 00:00:00', 24, 13.00, 0, 0.00, 2), ('2020-07-11#7', '0528041812091', 1000.00, '2020-07-11 00:00:00', 24, 10.00, 0, 5.00, 9), ('2020-07-12#0', '0575075957170', 1000.00, '2020-07-12 00:00:00', 24, 12.00, 0, 0.00, 3), ('2020-07-12#1', '0532095624310', 1000.00, '2020-07-12 00:00:00', 24, 12.00, 0, 6.00, 8), ('2020-07-12#2', '0555086350234', 1000.00, '2020-07-12 00:00:00', 24, 12.00, 0, 3.00, 3), ('2020-07-12#3', '0999064586355', 2000.00, '2020-07-12 00:00:00', 24, 11.00, 0, 0.00, 2), ('2020-07-12#4', '0590073318655', 1000.00, '2020-07-12 00:00:00', 24, 14.00, 0, 4.00, 2), ('2020-07-13#0', '0574013574093', 1000.00, '2020-07-13 00:00:00', 24, 11.00, 0, 2.00, 2), ('2020-07-13#1', '0555071622254', 2000.00, '2020-07-13 00:00:00', 24, 11.00, 0, 0.00, 1), ('2020-07-13#2', '0535107286828', 1000.00, '2020-07-13 00:00:00', 24, 12.00, 0, 4.00, 5), ('2020-07-13#3', '0555002017389', 1000.00, '2020-07-13 00:00:00', 10, 10.00, 0, 0.00, 3), ('2020-07-14#0', '0513010128629', 1000.00, '2020-07-14 00:00:00', 24, 9.00, 0, 0.00, 1), ('2020-07-14#1', '0593016769783', 2000.00, '2020-07-14 00:00:00', 24, 9.00, 0, 0.00, 4), ('2020-07-14#2', '0590099157098', 2000.00, '2020-07-14 00:00:00', 24, 11.00, 0, 1.00, 5), ('2020-07-14#3', '0575054683330', 1000.00, '2020-07-14 00:00:00', 24, 8.00, 0, 0.00, 6), ('2020-07-14#4', '0555126868277', 2000.00, '2020-07-14 00:00:00', 24, 8.00, 0, 0.00, 6), ('2020-07-14#5', '0575038777650', 1500.00, '2020-07-14 00:00:00', 15, 7.00, 0, 0.00, 5), ('2020-07-15#0', '0551021223872', 2000.00, '2020-07-15 00:00:00', 24, 9.00, 0, 0.00, 2), ('2020-07-15#1', '0571087694140', 2000.00, '2020-07-15 00:00:00', 24, 9.00, 0, 0.00, 1), ('2020-07-15#2', '1024086366500', 1000.00, '2020-07-15 00:00:00', 24, 3.00, 0, 0.00, 3), ('2020-07-15#3', '1024086366500', 1000.00, '2020-07-15 00:00:00', 24, 9.00, 0, 0.00, 3), ('2020-07-15#4', '0555130388552', 2000.00, '2020-07-15 00:00:00', 24, 11.00, 0, 2.00, 1), ('2020-07-15#5', '0550095557225', 2000.00, '2020-07-15 00:00:00', 24, 6.00, 0, 0.00, 4), ('2020-07-15#6', '0582046269660', 6000.00, '2020-07-15 00:00:00', 24, 3.32, 4, 0.00, 5), ('2020-07-15#7', '0529027913208', 11000.00, '2020-07-15 00:00:00', 24, 8.00, 0, 0.00, 1), ('2020-07-15#8', '0575092959827', 2000.00, '2020-07-15 00:00:00', 24, 6.00, 0, 0.00, 3), ('2020-07-15#9', '0533049229562', 5000.00, '2020-07-15 00:00:00', 24, 5.00, 0, 0.00, 7), ('2020-07-16#0', '0573101247149', 1000.00, '2020-07-16 00:00:00', 24, 8.00, 0, 0.00, 2), ('2020-07-16#1', '1033002128296', 3000.00, '2020-07-16 00:00:00', 24, 7.00, 0, 0.00, 3), ('2020-07-16#2', '0593085739587', 2000.00, '2020-07-16 00:00:00', 24, 10.00, 0, 6.00, 4), ('2020-07-16#3', '0551067168016', 2000.00, '2020-07-16 00:00:00', 24, 0.00, 0, 0.00, 2), ('2020-07-16#4', '0551067168016', 2000.00, '2020-07-16 00:00:00', 24, 7.00, 0, 0.00, 4), ('2020-07-16#5', '0573021878263', 1000.00, '2020-07-16 00:00:00', 24, 8.00, 0, 0.00, 1), ('2020-07-17#0', '0575117442972', 3000.00, '2020-07-17 00:00:00', 24, 24.00, 0, 0.00, 4), ('2020-07-17#1', '0533128645541', 1000.00, '2020-07-17 00:00:00', 24, 0.00, 0, 0.00, 1), ('2020-07-17#2', '0528095505138', 1000.00, '2020-07-17 00:00:00', 24, 8.00, 0, 6.00, 5), ('2020-07-17#3', '0575135671466', 2000.00, '2020-07-17 00:00:00', 24, 5.00, 0, 0.00, 2), ('2020-07-17#4', '05710511160043', 1000.00, '2020-07-17 00:00:00', 24, 9.00, 0, 5.00, 3), ('2020-07-17#5', '0533128645541', 2000.00, '2020-07-17 00:00:00', 24, 7.00, 0, 0.00, 1), ('2020-07-18#0', '0555028829509', 3000.00, '2020-07-18 00:00:00', 24, 4.00, 0, 0.00, 3), ('2020-07-18#1', '0600054711030', 4000.00, '2020-07-18 00:00:00', 24, 6.00, 0, 0.00, 1), ('2020-07-18#2', '0514086086744', 2000.00, '2020-07-18 00:00:00', 24, 6.00, 0, 1.00, 4), ('2020-07-18#3', '1028066322271', 1000.00, '2020-07-18 00:00:00', 24, 6.00, 0, 0.00, 1), ('2020-07-18#4', '0565070873376', 2000.00, '2020-07-18 00:00:00', 24, 6.00, 0, 0.00, 1), ('2020-07-18#5', '0572053700915', 2000.00, '2020-07-18 00:00:00', 24, 7.00, 0, 3.00, 2), ('2020-07-18#6', '0581002123061', 2000.00, '2020-07-18 00:00:00', 24, 6.00, 0, 0.00, 2), ('2020-07-18#7', '0571054975766', 2000.00, '2020-07-18 00:00:00', 24, 5.00, 0, 0.00, 2), ('2020-07-18#8', '0575079025673', 2000.00, '2020-07-18 00:00:00', 24, 7.00, 0, 5.00, 5), ('2020-07-20#0', '0576127889805', 2000.00, '2020-07-20 00:00:00', 24, 3.00, 0, 2.00, 4), ('2020-07-20#1', '0551033708729', 1000.00, '2020-07-20 00:00:00', 24, 4.00, 0, 0.00, 2), ('2020-07-20#10', '0548038763291', 1000.00, '2020-07-20 00:00:00', 24, 6.00, 0, 0.00, 2), ('2020-07-20#11', '0575137958091', 3000.00, '2020-07-20 00:00:00', 24, 4.00, 0, 0.00, 1), ('2020-07-20#12', '0555070141029', 1600.00, '2020-07-20 00:00:00', 16, 3.00, 0, 0.00, 1), ('2020-07-20#13', '060009391041', 10000.00, '2020-07-20 00:00:00', 18, 4.00, 0, 0.00, 0), ('2020-07-20#2', '0575107111433', 1000.00, '2020-07-20 00:00:00', 24, 4.00, 0, 0.00, 1), ('2020-07-20#3', '0559015478447', 2000.00, '2020-07-20 00:00:00', 24, 3.00, 0, 0.00, 0), ('2020-07-20#4', '0559045516681', 1000.00, '2020-07-20 00:00:00', 24, 6.00, 0, 0.00, 1), ('2020-07-20#5', '0555104358411', 1000.00, '2020-07-20 00:00:00', 24, 3.00, 0, 0.00, 2), ('2020-07-20#6', '0569035162211', 1000.00, '2020-07-20 00:00:00', 24, 2.00, 0, 0.00, 4), ('2020-07-20#7', '0532020481403', 5000.00, '2020-07-20 00:00:00', 24, 3.00, 0, 0.00, 2), ('2020-07-20#8', '0555069641192', 1000.00, '2020-07-20 00:00:00', 24, 5.00, 0, 0.00, 1), ('2020-07-20#9', '0555031931676', 3000.00, '2020-07-20 00:00:00', 24, 5.00, 0, 0.00, 1), ('2020-07-21#0', '0594016777082', 2000.00, '2020-07-21 00:00:00', 24, 4.00, 0, 0.00, 2), ('2020-07-21#1', '0575086267272', 2000.00, '2020-07-21 00:00:00', 24, 0.00, 0, 0.00, 1), ('2020-07-21#10', '0594054858090', 3000.00, '2020-07-21 00:00:00', 24, 2.00, 0, 0.00, 2), ('2020-07-21#2', '0555099934111', 3000.00, '2020-07-21 00:00:00', 24, 1.00, 0, 0.00, 3), ('2020-07-21#3', '0594016777082', 2000.00, '2020-07-21 00:00:00', 24, 0.00, 0, 0.00, 2), ('2020-07-21#4', '0551096033000', 2000.00, '2020-07-21 00:00:00', 24, 2.00, 0, 0.00, 2), ('2020-07-21#5', '0575086267272', 2000.00, '2020-07-21 00:00:00', 24, 3.00, 0, 0.00, 1), ('2020-07-21#6', '0559086213493', 2000.00, '2020-07-21 00:00:00', 24, 2.00, 0, 0.00, 2), ('2020-07-21#7', '0515027465778', 3000.00, '2020-07-21 00:00:00', 24, 3.00, 0, 0.00, 1), ('2020-07-21#8', '0550100929617', 1000.00, '2020-07-21 00:00:00', 24, 4.00, 0, 0.00, 1), ('2020-07-21#9', '0514124265880', 2000.00, '2020-07-21 00:00:00', 24, 3.00, 0, 0.00, 2), ('2020-07-22#0', '0575136972414', 1000.00, '2020-07-22 00:00:00', 24, 1.00, 0, 0.00, 2), ('2020-07-22#1', '0551072510232', 2000.00, '2020-07-22 00:00:00', 24, 2.00, 0, 0.00, 1), ('2020-07-22#2', '1029081097346', 4000.00, '2020-07-22 00:00:00', 24, 2.00, 0, 0.00, 1), ('2020-07-22#3', '0590064716344', 3000.00, '2020-07-22 00:00:00', 24, 2.00, 0, 0.00, 1), ('2020-07-22#4', '0551105692492', 2000.00, '2020-07-22 00:00:00', 24, 2.00, 0, 0.00, 1), ('2020-07-22#5', '0525007284994', 2000.00, '2020-07-22 00:00:00', 24, 3.00, 0, 0.00, 1), ('2020-07-22#6', '0573086108560', 1500.00, '2020-07-22 00:00:00', 18, 1.00, 0, 0.00, 1), ('2020-07-23#0', '0555131858340', 3000.00, '2020-07-23 00:00:00', 24, 2.00, 0, 0.00, 1), ('2020-07-23#1', '0515023614153', 2000.00, '2020-07-23 00:00:00', 24, 3.00, 0, 0.00, 1), ('2020-07-23#2', '0555017683625', 2000.00, '2020-07-23 00:00:00', 24, 0.00, 0, 0.00, 2), ('2020-07-23#3', '0575070216219', 3000.00, '2020-07-23 00:00:00', 24, 1.00, 0, 0.00, 1), ('2020-07-23#4', '0573083071300', 2000.00, '2020-07-23 00:00:00', 24, 1.00, 0, 0.00, 1), ('2020-07-23#5', '0551086077636', 2000.00, '2020-07-23 00:00:00', 24, 0.00, 0, 0.00, 2), ('2020-07-23#6', '1029080164077', 1000.00, '2020-07-23 00:00:00', 24, 2.00, 0, 1.00, 1), ('2020-07-23#7', '0559105491965', 1000.00, '2020-07-23 00:00:00', 12, 5.00, 0, 4.00, 1), ('2020-07-24#0', '0575106592210', 3000.00, '2020-07-24 00:00:00', 24, 1.00, 0, 0.00, 0), ('2020-07-24#1', '0574079385723', 2000.00, '2020-07-24 00:00:00', 24, 2.00, 0, 1.00, 0), ('2020-07-24#2', '0555123669850', 3000.00, '2020-07-24 00:00:00', 24, 0.00, 0, 0.00, 1), ('2020-07-24#3', '0573021878263', 2000.00, '2020-07-24 00:00:00', 24, 0.00, 0, 0.00, 1), ('2020-07-24#4', '0575016257817', 2000.00, '2020-07-24 00:00:00', 24, 0.00, 0, 0.00, 1), ('2020-07-24#5', '0559125492498', 4000.00, '2020-07-24 00:00:00', 24, 1.00, 0, 0.00, 0), ('2020-07-24#6', '0593136097225', 2000.00, '2020-07-24 00:00:00', 24, 1.00, 0, 0.00, 0);
COMMIT;

-- ----------------------------
-- Table structure for estado
-- ----------------------------
DROP TABLE IF EXISTS `estado`;
CREATE TABLE `estado`  (
  `id_estado` int(11) NOT NULL AUTO_INCREMENT COMMENT '1 - Activo\n2 - Inactivo\n3 - Suspendido \n4 - Eliminado\n5 - Verificar',
  `descripcion` varchar(50) CHARACTER SET utf8 COLLATE utf8_general_ci NULL DEFAULT NULL,
  PRIMARY KEY (`id_estado`) USING BTREE
) ENGINE = InnoDB AUTO_INCREMENT = 6 CHARACTER SET = utf8 COLLATE = utf8_general_ci;

-- ----------------------------
-- Records of estado
-- ----------------------------
BEGIN;
INSERT INTO `estado` VALUES (1, 'Activo'), (2, 'Inactivo'), (3, 'Suspendido'), (4, 'Eliminado'), (5, 'Verificar');
COMMIT;

-- ----------------------------
-- Table structure for estado_credito
-- ----------------------------
DROP TABLE IF EXISTS `estado_credito`;
CREATE TABLE `estado_credito`  (
  `id_estado_credito` int(11) NOT NULL AUTO_INCREMENT,
  `descripcion` varchar(20) CHARACTER SET utf8 COLLATE utf8_general_ci NULL DEFAULT NULL,
  PRIMARY KEY (`id_estado_credito`) USING BTREE
) ENGINE = InnoDB AUTO_INCREMENT = 8 CHARACTER SET = utf8 COLLATE = utf8_general_ci;

-- ----------------------------
-- Records of estado_credito
-- ----------------------------
BEGIN;
INSERT INTO `estado_credito` VALUES (1, 'Activo'), (2, 'Inactivo'), (3, 'Congelado'), (4, 'Condonado'), (6, 'Terminado'), (7, 'Renovado');
COMMIT;

-- ----------------------------
-- Table structure for estado_solicitud
-- ----------------------------
DROP TABLE IF EXISTS `estado_solicitud`;
CREATE TABLE `estado_solicitud`  (
  `id_estado_solicitud` int(11) NOT NULL AUTO_INCREMENT,
  `descripcion` varchar(50) CHARACTER SET utf8 COLLATE utf8_general_ci NULL DEFAULT NULL,
  PRIMARY KEY (`id_estado_solicitud`) USING BTREE
) ENGINE = InnoDB AUTO_INCREMENT = 4 CHARACTER SET = utf8 COLLATE = utf8_general_ci;

-- ----------------------------
-- Records of estado_solicitud
-- ----------------------------
BEGIN;
INSERT INTO `estado_solicitud` VALUES (1, 'Aprobado'), (2, 'En espera'), (3, 'Rechazado');
COMMIT;

-- ----------------------------
-- Table structure for moneda
-- ----------------------------
DROP TABLE IF EXISTS `moneda`;
CREATE TABLE `moneda`  (
  `id_moneda` int(11) NOT NULL AUTO_INCREMENT,
  `abreviatura` varchar(5) CHARACTER SET utf8 COLLATE utf8_general_ci NULL DEFAULT NULL,
  `descripcion` varchar(50) CHARACTER SET utf8 COLLATE utf8_general_ci NULL DEFAULT NULL,
  PRIMARY KEY (`id_moneda`) USING BTREE
) ENGINE = InnoDB AUTO_INCREMENT = 3 CHARACTER SET = utf8 COLLATE = utf8_general_ci;

-- ----------------------------
-- Records of moneda
-- ----------------------------
BEGIN;
INSERT INTO `moneda` VALUES (1, 'MXN', 'Pesos Mexicanos'), (2, 'USD', 'Dolar Estadonidense');
COMMIT;

-- ----------------------------
-- Table structure for pais
-- ----------------------------
DROP TABLE IF EXISTS `pais`;
CREATE TABLE `pais`  (
  `id_pais` int(11) NOT NULL AUTO_INCREMENT,
  `nombre` varchar(50) CHARACTER SET utf8 COLLATE utf8_general_ci NOT NULL,
  PRIMARY KEY (`id_pais`) USING BTREE
) ENGINE = InnoDB AUTO_INCREMENT = 2 CHARACTER SET = utf8 COLLATE = utf8_general_ci;

-- ----------------------------
-- Records of pais
-- ----------------------------
BEGIN;
INSERT INTO `pais` VALUES (1, 'Mxico');
COMMIT;

-- ----------------------------
-- Table structure for periodo
-- ----------------------------
DROP TABLE IF EXISTS `periodo`;
CREATE TABLE `periodo`  (
  `id_periodo` int(11) NOT NULL AUTO_INCREMENT,
  `id_sucursal` int(11) NOT NULL,
  `anio` int(11) NOT NULL,
  `mes` int(11) NOT NULL,
  `capital_inicio` decimal(10, 2) NULL DEFAULT NULL,
  `capital_fin` decimal(10, 2) NULL DEFAULT NULL,
  PRIMARY KEY (`id_periodo`) USING BTREE
) ENGINE = InnoDB AUTO_INCREMENT = 21 CHARACTER SET = utf8 COLLATE = utf8_general_ci;

-- ----------------------------
-- Records of periodo
-- ----------------------------
BEGIN;
INSERT INTO `periodo` VALUES (1, 1, 2020, 1, 0.00, 0.00), (2, 1, 2020, 2, 0.00, 0.00), (3, 1, 2020, 3, 0.00, 0.00), (4, 1, 2020, 4, 0.00, 0.00), (5, 1, 2020, 5, 0.00, 0.00), (6, 1, 2020, 6, 0.00, 0.00), (7, 1, 2020, 7, 0.00, 0.00), (8, 1, 2020, 8, 0.00, 0.00), (9, 1, 2020, 9, 0.00, 0.00), (10, 1, 2020, 10, 0.00, 0.00), (11, 1, 2020, 11, 0.00, 0.00), (12, 1, 2020, 12, 0.00, 0.00), (13, 1, 2021, 1, 0.00, 0.00), (14, 1, 2021, 2, 0.00, 0.00), (15, 1, 2021, 3, 0.00, 0.00), (16, 1, 2021, 4, 0.00, 0.00), (17, 1, 2021, 5, 0.00, 0.00), (18, 1, 2021, 6, 0.00, 0.00), (19, 1, 2021, 7, 0.00, 0.00), (20, 1, 2021, 8, 0.00, 0.00);
COMMIT;

-- ----------------------------
-- Table structure for permiso
-- ----------------------------
DROP TABLE IF EXISTS `permiso`;
CREATE TABLE `permiso`  (
  `id_permiso` int(11) NOT NULL AUTO_INCREMENT,
  `categoria` varchar(50) CHARACTER SET utf8 COLLATE utf8_general_ci NULL DEFAULT NULL,
  `descripcion` varchar(200) CHARACTER SET utf8 COLLATE utf8_general_ci NOT NULL,
  `id_estado` int(11) NOT NULL,
  PRIMARY KEY (`id_permiso`) USING BTREE
) ENGINE = InnoDB AUTO_INCREMENT = 1 CHARACTER SET = utf8 COLLATE = utf8_general_ci;

-- ----------------------------
-- Records of permiso
-- ----------------------------
BEGIN;
COMMIT;

-- ----------------------------
-- Table structure for persona
-- ----------------------------
DROP TABLE IF EXISTS `persona`;
CREATE TABLE `persona`  (
  `ine` varchar(100) CHARACTER SET utf8 COLLATE utf8_general_ci NOT NULL,
  `ine_ref` varchar(30) CHARACTER SET utf8 COLLATE utf8_general_ci NULL DEFAULT NULL COMMENT 'INE de usuario que est refiriendo',
  `alias` varchar(60) CHARACTER SET utf8 COLLATE utf8_general_ci NULL DEFAULT NULL,
  `nombre` varchar(50) CHARACTER SET utf8 COLLATE utf8_general_ci NOT NULL,
  `apellido_paterno` varchar(20) CHARACTER SET utf8 COLLATE utf8_general_ci NOT NULL,
  `apellido_materno` varchar(20) CHARACTER SET utf8 COLLATE utf8_general_ci NOT NULL,
  `id_calle` int(11) NULL DEFAULT NULL,
  `direccion` varchar(250) CHARACTER SET utf8 COLLATE utf8_general_ci NULL DEFAULT NULL,
  `no_casa` varchar(10) CHARACTER SET utf8 COLLATE utf8_general_ci NULL DEFAULT NULL,
  `referencias` varchar(250) CHARACTER SET utf8 COLLATE utf8_general_ci NULL DEFAULT NULL,
  `foto_casa` longblob NULL,
  `telefono` varchar(12) CHARACTER SET utf8 COLLATE utf8_general_ci NULL DEFAULT NULL,
  `correo` varchar(100) CHARACTER SET utf8 COLLATE utf8_general_ci NULL DEFAULT NULL,
  `foto` longblob NULL,
  `ine_img` longblob NULL,
  `id_tipo_inmueble` int(11) NULL DEFAULT NULL,
  `id_estado` int(11) NOT NULL,
  `fecha_reg` datetime(0) NOT NULL COMMENT 'Fecha de Registro de Persona',
  PRIMARY KEY (`ine`) USING BTREE
) ENGINE = InnoDB CHARACTER SET = utf8 COLLATE = utf8_general_ci;

-- ----------------------------
-- Records of persona
-- ----------------------------
BEGIN;
INSERT INTO `persona` VALUES ('0247040029410', NULL, 'TAXI 01 PLUS', 'ESMIDER', 'PEREZ ', 'ESCALANTE', 1, 'CALLE CRUZ GUERRERO COL. JOSE MARIA PINO SUAREZ 86029', '138', 'CENTRO, TABASCO', NULL, '9331206016', '', NULL, NULL, 1, 5, '2020-07-13 06:52:48'), ('0513010128629', NULL, 'Zumba', 'Graciela', 'Gomez', 'Perez', 1, 'Calle Peten, Manzana 1, Lote 4, Fraccionamiento Villa Maya', '', '', NULL, '9331578434', '', NULL, NULL, 1, 5, '2020-07-16 07:47:23'), ('0513038801582', NULL, 'TAXI #12', 'DARWIN', 'MORALES', 'RAMIREZ', 1, 'CALLE PEPET, FRACCIONAMIENTO VILLA MAYA', 'MZA 1 LT 4', 'COMALCALCO, TABASCO', NULL, '9331576699', '', NULL, NULL, 1, 5, '2020-07-16 04:58:21'), ('0513064020659', NULL, 'TAXI #13', 'JOSE MANUEL', 'SANCHEZ', 'CORDOVA', 1, 'CALLE VILLA ALDAMA, COL. INFONAVIT, C.P. 86320', 'MZA 12 LT2', 'COMALCALCO, TABASCO', NULL, '9331041265', '', NULL, NULL, 1, 5, '2020-07-14 01:52:04'), ('0513086294087', NULL, 'Tortas Soriana', 'Yuridia ', 'Cordova', 'Sanchez', 1, 'C. Revolucin/ Col Bicentenario', '', 'Al final de la Calle', NULL, '9331701896', '', NULL, NULL, 1, 5, '2020-07-21 09:03:35'), ('0513087809934', NULL, 'Bianca Mazorca', 'Bianca Selene', 'Orueta', 'Alejandro', 1, 'Calle. Carlos Echeverria, Col. belen', '117', '', NULL, '9331587329', '', NULL, NULL, 1, 5, '2020-07-13 08:29:28'), ('0513111013971', NULL, 'Trabajadora  de yuridia, soriana', 'Maria del Carmen ', 'Perez', 'Alejandro', 1, 'C Revolucin/ colonia bicentenario', '', 'Al final de la Calle', NULL, '9331600398', '', NULL, NULL, 1, 5, '2020-07-21 08:52:26'), ('0514086086744', NULL, 'DECORACIONES', 'ALEJANDRO', 'RICARDEZ', 'GARCIA', 1, 'CALLE JUSTO SIERRA, COL. SAN SILVERIO C.P 86320, COMALCALCO , TABASCO', '31', '', NULL, '9331017034', '', NULL, NULL, 1, 5, '2020-07-18 09:52:01'), ('0514124265880', NULL, 'TAQUERO', 'SERGIO', 'GOMEZ', 'COLORADO', 1, 'BLVD LEANDRO ROVIROSA WADE, COL. SAN SILVERIO, C.P.86320 COMALCALCO, TABASCO', '247', '', NULL, '9331195436', '', NULL, NULL, 1, 5, '2020-07-21 10:21:42'), ('0515002161105', NULL, 'Tacos Maca', 'Vicente ', 'Caraveo', 'Gonzalez', 1, 'C Reforma Norte/ Col San Miguel', '478', 'Frente al Templo', NULL, '9331231467', '', NULL, NULL, 1, 5, '2020-07-21 10:35:55'), ('0515023614153', NULL, 'TAXI #101', 'EDGAR', 'ASCENCIO ', 'VALENCIA', 1, 'CALLE REFORMA NORTE, COL. SAN SILVERIO C.P.86320', '589', 'COMALCALCO, TABASCO', NULL, '9331700908', '', NULL, NULL, 1, 5, '2020-07-14 06:39:34'), ('0515027465778', NULL, 'TAXI # 25', 'ONESIMO', 'CORTES', 'GIL', 1, 'CALLE IGNACIO COMONFORT, COL. SAN SILVERIO, C.P.86320', '03', 'COMALCALCO, TABASCO', NULL, '9332099480', '', NULL, NULL, 1, 5, '2020-07-14 06:52:22'), ('0515132616390', NULL, 'Alfonso Rodriguez', 'Alfonso', 'Rodriguez', 'Hernandez', 1, 'calle reforma norte', '519', 'Frente al kinder federico froebel', NULL, '', '', NULL, NULL, 1, 5, '2020-07-13 06:29:12'), ('0516005686312', NULL, 'Carlos Frutero', 'Carlos Ramn', 'Perez', 'Perez', 1, '', '', '', NULL, '', '', NULL, NULL, 1, 5, '2020-07-14 04:23:27'), ('0517078814647', NULL, 'Grecia Esttica', 'Jesus', 'Lopez', 'Almeida', 1, 'c. Sanchez Marmol/ Col San Francisco', '437', '', NULL, '', '', NULL, NULL, 1, 5, '2020-07-23 04:07:36'), ('0518076624147', NULL, 'Taquero', 'Andrs', 'Hernandez', 'De La Cruz', 1, 'Calle Gil y Saenz', '', 'Enfrente de la central de camion de basura', NULL, '9331399440', '', NULL, NULL, 1, 5, '2020-07-21 10:28:22'), ('0518104240385', NULL, 'POCHI CHICHICAPA', 'AXEL ALEJANDRO', 'JUAREZ', 'CUREO', 1, 'CALLE ANDRES SANCHEZ MAGALLANES, COL. CENTRO C.P 86300 ', 'S/N', 'COMALCALCO, TABASCO', NULL, '9331470253', '', NULL, NULL, 1, 5, '2020-07-14 04:37:16'), ('0519064015737', NULL, 'Maritza Pronosticos', 'Maritza Lorena', 'De Los Santos', 'Naranjo', 1, 'C. David Bosada', '328 int', 'Frente al consultorio dental', NULL, '9331240184', '', NULL, NULL, 1, 5, '2020-07-21 07:58:30'), ('0519130443029', NULL, 'IRENE COSTURAS', 'IRENE ', 'GARCIA', 'OSORIO', 1, 'CALLE ALDAMA NORTE', '104 A', '', NULL, '9331104020', '', NULL, NULL, 1, 5, '2020-07-21 04:03:27'), ('0521002102794', NULL, 'Alvaro Checador', 'Alvaro', 'Sastr', 'Madrigal', 1, 'Calle Monserrat / Fraccionamiento Santo Domingo', '131', '', NULL, '', '', NULL, NULL, 1, 5, '2020-07-14 04:44:17'), ('0521053783730', NULL, 'La Jaiva Brava', 'Demetrio', 'Lopez', 'Gil', 1, 'Calle Reforma sur, Col. Centro', '118  A', '', NULL, '9331564315', '', NULL, NULL, 1, 5, '2020-07-14 02:59:15'), ('0521054618541', NULL, 'Taco Loco', 'Armando', 'Rabanales', 'Prez', 1, 'Calle reforma', '112', 'a dos casas de casa Mazatlan', NULL, '9331562633', '', NULL, NULL, 1, 5, '2020-07-13 08:07:09'), ('0521063086682', NULL, 'VENDE COMIDA', 'ARTURO', 'ACOSTA', 'SILVAN', 1, 'CALLE MARTINICA, FRACC. SANTO DOMINGO, C.P. 86340', '112', 'COMALCALCO,TABASCO', NULL, '9331573905', '', NULL, NULL, 1, 5, '2020-07-14 01:45:15'), ('0522039185582', NULL, 'Seberiano Peques', 'Seberiano', 'Gallegos', 'Bautista', 1, 'Calle Arista / Col Centro', '323', '', NULL, '9331583339', '', NULL, NULL, 1, 5, '2020-07-14 04:58:03'), ('0523002122045', NULL, 'TAXI #21', 'ANGEL GUADALUPE', 'GONZALEZ', 'TORREZ', 1, 'CALLE CUNDUACAN, COL. BUENA VISTA C.P.86359', 'S/N', 'COMALCALCO, TABASCO', NULL, '9331528891', '', NULL, NULL, 1, 5, '2020-07-14 06:30:39'), ('0524053937312', NULL, 'PASTELERO', 'VICTOR MANUEL', 'MENDEZ', 'ALEJANDRO', 1, 'CALLE PEDRO C COLORADO, COL. CENTRO, C.P. 86300', '302-A', 'COMALCALCO, TABASCO', NULL, '9331214279', '', NULL, NULL, 1, 5, '2020-07-14 02:15:15'), ('0525007284994', NULL, 'ESPOSA GATO', 'FLOR DE LIZ', 'LOPEZ', 'ARJONA', 1, 'CALLE ESCOBEDO, COL. CENTRO, COMALCALCO, TABASCO', '212', '', NULL, '9331254592', '', NULL, NULL, 1, 5, '2020-07-23 06:47:50'), ('0525012816575', NULL, 'MARISA VENDE PAN', 'Marisa ', 'Ortiz', 'Falconi', 1, 'Calle Lerdo', '613', 'por estetica glamour woman', NULL, '9331678608', '', NULL, NULL, 1, 5, '2020-07-21 04:51:36'), ('0525120996267', NULL, 'Hija Panadera', 'Carolina', 'Gordillo', 'Ortiz', 1, 'C. Lerdo de Tejada', '613', 'Por Boutique Woman', NULL, '9331678608', '', NULL, NULL, 1, 5, '2020-07-21 07:47:22'), ('0527114325739', NULL, 'Antojitos Genesis', 'Veronica ', 'Jimenez', 'Jimenez', 1, 'C. Emiliano zapata / Col. vicente guerrero', '222', '', NULL, '9331121978', '', NULL, NULL, 1, 5, '2020-07-14 03:33:51'), ('0528041812091', NULL, 'TAXI #29', 'CARLOS ALBERTO', 'RAMOS', 'GOMEZ', 1, 'PROLONGACION ANTONIO FERRER LEON, COL. MORELOS, C.P. 86360', '57 D4', 'COMALCALCO, TABASCO', NULL, '9332070446', '', NULL, NULL, 1, 5, '2020-07-15 03:13:39'), ('0528095505138', NULL, 'CHECADOR CENTRAL', 'ROBERTO', 'MIRON', 'CASTILLO', 1, 'PROLONGACION DE PIPILA DEPARTAMENTO 2, COL. MORELOS, COMALCALCO, TABASCO', '', '', NULL, '9331177933', '', NULL, NULL, 1, 5, '2020-07-22 04:48:41'), ('0529027913208', NULL, 'MEDEL BOLIS', 'MEDEL', 'VALENZUELA', 'VENTURA', 1, 'CALLE EMILIANO ZAPAT, COL. VICENTE GUERRERO, C.P.86350, COMALCALCO, TABASCO', '510', '', NULL, '9332074357', '', NULL, NULL, 1, 5, '2020-07-20 08:37:13'), ('0530002742426', NULL, 'TAXI #223', 'MIGUEL', 'TORREZ', 'RAMIREZ', 1, 'CALLE IGNACIO GUTIERREZ , COL. VICENTE GUERRERO, C.P 86350', '219', 'COMALCALCO, TABASCO.', NULL, '9331050259', '', NULL, NULL, 1, 5, '2020-07-14 04:28:07'), ('0531103025588', NULL, 'VENDE ROPA', 'EMMA DEL CARMEN', 'OLAN', 'JIMENEZ', 1, 'CARRETERA A CHICHICAPA, FRACC. LAS ROSAS , C.P 86360', 'S/N', 'COMALCALCO, TABASCO', NULL, '9331567481', '', NULL, NULL, 1, 5, '2020-07-14 04:14:19'), ('0532020481403', NULL, 'EL PADRINO', 'JOSE TRINIDAD', 'LOPEZ', 'GARCIA', 1, 'CALLE IGNACIO ZARAGOZA, COL. VICENTE GUERRERO C.P. 86350, COMALCALCO, TABASCO', '1108', '', NULL, '9331053207', '', NULL, NULL, 1, 5, '2020-07-21 07:05:01'), ('0532095624310', NULL, 'TAXI #16', 'VICTOR MANUEL', 'GALLEGOS ', 'ALCUDIA', 1, 'CALLE BENITO JUAREZ, COL. SANTA AMALIA C.P. 86370', '1144', 'COMALCALCO, TABASCO', NULL, '9331064038', '', NULL, NULL, 1, 5, '2020-07-14 01:14:38'), ('0533049229562', NULL, 'Pemex', 'Javier', 'Bernardo', 'Gernimo', 1, 'Calle Luis Felipe Enrique De La Fuente, Col. Santa Amalia', '', '', NULL, '9331181598', '', NULL, NULL, 1, 5, '2020-07-16 07:57:37'), ('0533067047081', NULL, 'TAXI #213', 'LUIS ANGEL', 'ZAPATA', 'RODRIGUEZ', 1, 'CALLE LUIS FELIPE ENRIQUEZ DE LA FUENTE, COL. SANTA AMALIA, C.P. 86370', '103', 'COMALCALCO, TABASCO', NULL, '9983077345', '', NULL, NULL, 1, 5, '2020-07-14 02:50:30'), ('0533128645541', NULL, 'TAXI #07', 'JOSE REYES', 'CHABLE', 'RAMIREZ', 1, 'CALLE HIDALGO, COL. SANTA AMALIA, C.P.86370, COMALCALCO, TABASCO', '325', '', NULL, '9331217272', '', NULL, NULL, 1, 5, '2020-07-20 08:51:05'), ('0535107286828', NULL, 'TAXI #48', 'MAURICIO ANTONIO', 'NAVARRO', 'DE DIOS', 1, 'CALLE BENITO JUAREZ, COL. SANTA AMALIA, C.P. 86370', '1139 INT', 'COMALCALCO, TABASCO', NULL, '9331369295', '', NULL, NULL, 1, 5, '2020-07-14 06:17:12'), ('0535127612623', NULL, 'TAXI 102', 'FELIPE', 'RICARDEZ', 'FLORES', 1, 'ORIENTE 1RA SECCION ', 'S/N', 'COMALCALCO, TABASCO', NULL, '9333271776', '', NULL, NULL, 1, 5, '2020-07-13 06:05:35'), ('0548038763291', NULL, 'TAXI #207', 'ISIDRO', 'RODRIGUEZ', 'DE LA ROSA', 1, 'CARRETERA A PINO SUAREZ CENTRO TULAR 1RA. SECC. C.P86640', 'S/N', 'COMALCALCO, TABASCO', NULL, '9333032030', '', NULL, NULL, 1, 5, '2020-07-14 07:31:30'), ('0549054689867', NULL, 'Liliana decoraciones', 'Liliana ', '', 'De los Santos', 1, 'Carretera a San Francisco, RIA Occidente 2da secc', '', '', NULL, '9331540906', '', NULL, NULL, 2, 5, '2020-07-14 01:50:32'), ('0550095557225', NULL, 'Taxi #05', 'Martin', 'De la Cruz', 'Javier', 1, 'Carretera Vecinal a Comalcalco R7a Occidente 1ra Seccin', '', '', NULL, '9331103650', '', NULL, NULL, 1, 5, '2020-07-16 07:55:14'), ('0550100929617', NULL, 'TAXI #233', 'JOSE JESUS ', 'PEREZ', 'ALCUDIA', 1, 'CARRETERA VECINAL COMALCALCO PARAISO, R/A OCCIDENTE 1RA. SECC. C.P. 86650', 'S/N', 'COMALCALCO, TABASCO', NULL, '9331480552', '', NULL, NULL, 1, 5, '2020-07-14 02:06:50'), ('0551002164236', NULL, 'POCHI MERCADO', 'FREDY ', 'CASTELLANOS', 'LAZARO', 1, 'CARRETERA A SAN FRANCISCO, R/A ZAPOTAL 2DA. SECC. COMALCALCO, TABASCO.', 'S/N', '', NULL, '9332090712', '', NULL, NULL, 1, 5, '2020-07-23 05:57:34'), ('0551021223872', NULL, 'POCHI ZAPOTAL', 'EFREN', 'CASTILLO ', 'MORALES', 1, 'CARRETERA PRINCIPAL, R/A ZAPOTAL 2DA. SECC. C.P.86640', 'S/N', 'COMALCALCO, TABASCO', NULL, '9331242337', '', NULL, NULL, 1, 5, '2020-07-14 05:41:49'), ('0551033708729', NULL, 'POCHI ZAPOTAL', 'GADDIEL', 'CASTELLANOS', 'GONZALEZ', 1, 'CARRETERA POTRERITOS, R/A ZAPOTAL 3RA SECC. C.P. 86640', 'S/N', 'COMALCALCO, TABASCO', NULL, '9331671126', '', NULL, NULL, 1, 5, '2020-07-14 07:49:32'), ('0551067168016', NULL, 'POCHI ZAPOTAL', 'BERTINO ', 'MADRIGAL', 'DE LOS SANTOS', 1, 'CARRETERA PRINCIPAL, R/A ZAPOTAL 2DA SECC. C.P.86640', 'S/N', 'COMALCALCO, TABASCO', NULL, '9331596208', '', NULL, NULL, 1, 5, '2020-07-14 07:35:45'), ('0551071570300', NULL, 'Olivia  Antojitos', 'Olivia Esther', 'Hernandez ', 'De Los Santos', 1, 'C. Principal/ RIA Zapotal 2da', '', '', NULL, '9332088729', '', NULL, NULL, 1, 5, '2020-07-21 07:20:35'), ('0551072510232', NULL, 'POCHI MERCADO', 'ROLANDO', 'CORDOVA', 'SANCHEZ', 1, 'CARRETERA A POTRERITOS, R/A ZAPOTAL 3RA SECC. C.P.86640', 'S/N', 'COMALCALCO, TABASCO', NULL, '9331158870', '', NULL, NULL, 1, 5, '2020-07-14 07:15:41'), ('0551073318559', NULL, 'POLLERIA ZAPOTAL', 'DANIEL', 'VALENZUELA ', 'MARTINEZ', 1, 'CARRETERA A POTRERITOS, R/A ZAPOTAL 2DA. SECC, COMALCALCO, TABASCO', 'S/N', '', NULL, '9335692823', '', NULL, NULL, 1, 5, '2020-07-22 03:52:20'), ('0551074896841', NULL, 'Mecanico', 'Luis Enrique', 'Chable', 'Gallegos', 1, 'Entrada Don Eduardo, R/a, Zapotal 2da Seccin', '', '', NULL, '9331678384', '', NULL, NULL, 1, 5, '2020-07-16 06:14:11'), ('0551081315140', NULL, 'POCHI ZAPOTAL', 'BARTOLO', 'DOMINGUEZ', 'HERNANDEZ', 1, 'CARRETERA A POTRERITOS, R/A ZAPOTAL 2DA. SECC. C.P 86650', 'S/N', 'COMALCALCO, TABASCO', NULL, '9331490269', '', NULL, NULL, 1, 5, '2020-07-14 05:29:49'), ('0551086077636', NULL, 'POCHI ZAPOTAL', 'JOEL', 'PIA', 'JUAREZ', 1, 'ENTRADA DEL KINDER, R/A ZAPOTAL 2DA. SECC. C.P.86640', 'S/N', 'COMALCALCO, TABASCO', NULL, '9331207447', '', NULL, NULL, 1, 5, '2020-07-14 07:26:18'), ('0551096033000', NULL, 'POCHI ZAPOTAL', 'CHRISTIAN IVAN ', 'CASTELLANOS', 'GONZALEZ', 1, 'CARRETERA PRINCIPAL, R/A ZAPOTAL 2DA. SECC. C.P 86640', 'S/N', 'COMALCALCO, TABASCO', NULL, '9331704063', '', NULL, NULL, 1, 5, '2020-07-14 05:25:45'), ('0551105692492', NULL, 'POCHI MERCADO', 'GUSTAVO ', 'PEREZ', 'HERNANDEZ', 1, 'CARRETERA A POTRERITOS, R/A ZAPOTAL 3RA SECC. COMALCALCO, TABASCO', 'S/N', '', NULL, '9335932030', '', NULL, NULL, 1, 5, '2020-07-23 01:04:58'), ('0551121237540', NULL, 'POCHI ZAPOTAL', 'LUIS ALEJANDRO', 'GONZALEZ', 'DOMINGUEZ', 1, 'CARRETERA A POTRERITOS, R/A ZAPOTAL 3RA. SECC. C.P.86640', 'S/N', 'COMALCALCO, TABASCO', NULL, '9331573625', '', NULL, NULL, 1, 5, '2020-07-14 02:53:32'), ('0551121845476', NULL, 'POCHI ZAPOTAL', 'LAZARO', 'HERNANDEZ', 'GONZALEZ', 1, 'CARRETERA A SAN FRANCISCO, R/A ZAPOTAL 2DA. SECC. C.P 86650', 'S/N', 'COMALCALCO, TABASCO', NULL, '9331730830', '', NULL, NULL, 1, 5, '2020-07-14 02:25:32'), ('0551125137138', NULL, 'Jesus Pochi', 'Jesus Eduardo', 'Hernndez', 'Madrigal', 1, 'Carretera principal, R/a Zapotal 2da Seccin', '', '', NULL, '9331665660', '', NULL, NULL, 1, 5, '2020-07-16 05:53:36'), ('0552006262621', NULL, 'TAXI # 19 PLUS', 'SAMUEL', 'ALCOCER', 'RODRIGUEZ', 1, 'CALLE GUAYACAN, R/A NORTE 2DA. SECC. FRACC. LOS ROBLES, C.P. 86650', 'MZA 3 LT 5', 'COMALCALCO, TABASCO', NULL, '9934264480', '', NULL, NULL, 1, 5, '2020-07-14 01:54:47'), ('0552046396824', NULL, 'TAXI #208 GALLINA', 'FERNANDO', 'JIMENEZ', 'OLIVA', 1, 'CARRETERA FEDERAL COMALCALCO CARDENAS, R/A NORTE 2DA SECC. C.P.86650', 'S/N', 'COMALCALCO, TABASCO', NULL, '9331566400', '', NULL, NULL, 1, 5, '2020-07-14 07:54:45'), ('0552094573134', NULL, 'TAXI # 113', 'OBED ', 'PALMA', 'HERNANDEZ', 1, 'CARRETERA FEDERAL COMALCALCO PARAISO, R/A NORTE 2DA SECC.  C.P. 86650', 'S/N', 'COMALCALCO, TABASCO', NULL, '9332072047', '', NULL, NULL, 1, 5, '2020-07-14 01:42:03'), ('0555002017389', NULL, 'Seberiano Pochi', 'Seberiano', 'Gonzalez', 'Martinez', 1, 'Entrada del Kinder R/a Zapotal 1ra Seccin', '', '', NULL, '9331116767', '', NULL, NULL, 1, 5, '2020-07-16 07:34:21'), ('0555009813409', NULL, 'POCHI ZAPOTAL', 'ANDRES', 'MARQUEZ', 'MENDEZ', 1, 'CARRETERA A ZAPOTAL R/A GREGORIO MENDEZ 3RA SECCION C.P 86650', 'S/N', 'COMALCALCO, TABASCO', NULL, '9331054681', '', NULL, NULL, 1, 5, '2020-07-13 07:32:32'), ('0555017683625', NULL, 'TAXI #04 PLUS', 'EDGAR TIBURCIO ', 'CORDOVA', 'SANCHEZ', 1, 'CARRETERA PRINCIPAL, R/A ZAPOTAL 1RA SECC. C.P 86640', 'S/N', 'COMALCALCO, TABASCO', NULL, '9331290418', '', NULL, NULL, 1, 5, '2020-07-14 06:08:20'), ('0555028829509', NULL, 'VENDE CHANCHAN', 'ANTONIO ', 'ARIAS', 'RABANALES', 1, 'PROL. DE OCELOTE, COL. TOMAS GARRIDO CANAVAL, C.P. 86640', 'S/N', 'COMALCALCO, TABASCO', NULL, '9331218062', '', NULL, NULL, 1, 5, '2020-07-15 02:46:34'), ('0555031931676', NULL, 'TAXI #200', 'MIGUEL ANGEL', 'CHABLE', 'HERNANDEZ', 1, 'CALLE POCHITOQUE, COLONIA TOMAS GARRIDO CANABAL , C.P. 86640', 'MZA 11 LT ', 'COMALCALCO, TABASCO', NULL, '9331308249', '', NULL, NULL, 1, 5, '2020-07-14 02:10:50'), ('0555054716609', NULL, 'LIDER ZAPOTAL', 'CANDELARIO', 'HERNANDEZ ', 'SANTOS', 1, 'CARRETERA PRINCIPAL, R/A ZAPOTAL 1RA. SECC. C.P 86640', 'S/N', 'COMLCALCO, TABASCO', NULL, '9331274032', '', NULL, NULL, 1, 5, '2020-07-14 03:06:31'), ('0555054980528', NULL, 'POCHI TOMAS GARRIDO', 'ALFREDO', 'BRAVO', 'DOMINGUEZ', 1, 'CALLE TULIPANES COL. TOMAS GARRIDO CANABAL C.P 86640', 'S/N', 'COMALCALCO, TABASCO', NULL, '9331299019', '', NULL, NULL, 1, 5, '2020-07-13 07:21:54'), ('0555066672560', NULL, 'POCHI/ SALBUTES CANUL', 'LINO', 'CHABLE', 'HERNANDEZ', 1, 'CARRETERA PRINCIPAL, R/A ZAPOTAL 1RA. SECC. COMALCALCO, TABASCO', 'S/N', '', NULL, '9331161054', '', NULL, NULL, 1, 5, '2020-07-23 03:27:11'), ('0555069641192', NULL, 'POCHI SIN PARADA', 'JULIO CESAR', 'CHABLE', 'DE LOS SANTOS', 1, 'CARRETERA AL MANGAL,R/A ZAPOTAL 1RA SECC. C.P. 86640 COMALCALCO, TABASCO', 'S/N', '', NULL, '9331069080', '', NULL, NULL, 1, 5, '2020-07-21 07:08:24'), ('0555070141029', NULL, 'POCHI', 'IGNACIO ALFREDO', 'GARCIA', 'MOLINA', 1, 'CALLE GUAO, COL.TOMAS GARRIDO CANABAL, COMALCALCO, TABASCO', 'S/N', '', NULL, '9331210845', '', NULL, NULL, 1, 5, '2020-07-24 02:55:56'), ('0555071622254', NULL, 'Vende Pan', 'Miguel', 'Chable', 'Madrigal', 1, 'Calle Leon, Col. Tomas Garrido Canaval', '', '', NULL, '9331565353', '', NULL, NULL, 1, 5, '2020-07-16 07:43:15'), ('0555086350234', NULL, 'VENDE PANUCHOS', 'JOSE ALBERTO', 'HERNANDEZ', 'CHABLE', 1, 'CALLE LEON COL. TOMAS GARRIDO C.P.86640', 'S/N', 'COMALCALCO, TABASCO', NULL, '9331585417', '', NULL, NULL, 1, 5, '2020-07-14 12:00:38'), ('0555088335002', NULL, 'VENDE TACOS ', 'OLGA LIDIA', 'OLAN', 'MURILLO', 1, 'CALLE JUREL, COL. TOMAS GARRIDO CANABAL, C.P. 86640', 'S/N', 'COMALCALCO, TABASCO', NULL, '9331003618', '', NULL, NULL, 1, 5, '2020-07-14 03:44:01'), ('0555099934111', NULL, 'POCHI ZAPOTAL', 'CESAR IVAN', 'HERNANDEZ', 'CORDOVA', 1, 'CARRETERA PRINCIPAL, R/A ZAPOTAL 1RA. SECC C.P. 86650', 'S/N', 'COMALCALCO, TABASCO', NULL, '9331581595', '', NULL, NULL, 1, 5, '2020-07-15 04:17:21'), ('0555104358411', NULL, 'POCHI MERCADO', 'JOEL', 'GONZALEZ', 'OLAN', 1, 'CARRETERA PRINCIPAL, R/A ZAPOTAL 1RA. SECC. C.P.86650', 'S/N', 'COMALCALCO, TABASCO', NULL, '9931140914', '', NULL, NULL, 1, 5, '2020-07-14 04:35:14'), ('0555123669850', NULL, 'POCHI SIN PARADA', 'MARTIN', 'LOPEZ', 'CORDOVA', 1, 'ENTRADA EL CASTAO, R/A ZAPOTAL 1RA. SECC. C.P 86640', 'S/N', 'COMALCALCO, TABASCO', NULL, '9331460571', '', NULL, NULL, 1, 5, '2020-07-14 05:01:01'), ('0555125028201', NULL, 'POCHI MERCADO', 'CARMEN ARTURO', 'DOMINGUEZ', 'RODRIGUEZ', 1, 'CARRETERA PRINCIPAL R/A ZAPOTAL 1RA. SECC. C.P. 86640', 'S/N', 'COMALCALCO, TABASCO', NULL, '9331455363', '', NULL, NULL, 1, 5, '2020-07-14 02:04:14'), ('0555126868277', NULL, 'POCHI TOMAS GARRIDO ', 'AGUSTIN', 'JIMENEZ', 'DIAZ', 1, 'CALLE TIGRE COL. TOMAS GARRIDO', 'S/N', 'COMALCALCO, TABASCO', NULL, '9335939640', '', NULL, NULL, 1, 5, '2020-07-13 07:07:03'), ('0555130388552', NULL, 'Pochi Mercado', 'Carlos Alberto', 'De Los Santos', 'Mendez', 1, 'Calle Jaguar, Col. Tomas Garrido Canaval', '', '', NULL, '9331133770', '', NULL, NULL, 1, 5, '2020-07-16 07:48:53'), ('0555131858340', NULL, 'TAQUERIA/MIGUEL', 'GABRIELA', 'REYES', 'HERNANDEZ', 1, 'CARRETERA PRINCIPAL, R/A ZAPOTAL 1RA. SECC. COMALCALCO, TABASCO', 'S/N', 'POR LA PURIFICADORA DE AGUA', NULL, '9331000244', '', NULL, NULL, 1, 5, '2020-07-24 11:50:06'), ('0555135191466', NULL, 'POCHI ZAPOTAL', 'EDUARDO', 'GONZALEZ', 'HERNANDEZ', 1, 'CARRETERA PRINCIPAL, R/A ZAPOTAL 1RA. SECC, C.P86640', 'S/N', 'COMALCALCO, TABASCO', NULL, '9331681415', '', NULL, NULL, 1, 5, '2020-07-14 07:24:05'), ('0557124619438', NULL, 'TAXI #61', 'TOMAS', 'PEREZ', 'CASTILLO', 1, 'ENTRADA LOS PINOS R/A INDEPENDENCIA 1RA SECC. C.P 86670', 'S/N', 'COMALCALCO,TABASCO', NULL, '9331700406', '', NULL, NULL, 1, 5, '2020-07-14 01:38:07'), ('0559015478447', NULL, 'POCHI MERCADO', 'ISIDRO ', 'GARCIA', 'PEREZ', 1, '', '', '', NULL, '9331245238', '', NULL, NULL, 1, 5, '2020-07-21 12:35:43'), ('0559022492136', NULL, 'Polleria Tec', 'Jos De Los Santos', 'Jimenez', 'Ricardez', 1, 'Carretera San Francisco R/a Occidente 4ta Seccin', '', '', NULL, '9331069627', '', NULL, NULL, 1, 5, '2020-07-16 06:06:32'), ('0559045516681', NULL, 'POCHI SIN PARADA', 'ALVARO', 'OLAN', 'SANCHEZ', 1, 'ENTRADA EL AGUACATE, R/A OCCIDENTE 4TA SECC. C.P 86650 COMALCALCO, TABASCO', 'S/N', '', NULL, '9332079063', '', NULL, NULL, 1, 5, '2020-07-21 01:35:45'), ('0559086160135', NULL, 'POCHI SANTO DOMINGO', 'ERNESTO', 'VAZQUEZ', 'DOMINGUEZ', 1, 'CARRETERA VECINAL COMALCALCO PARAISO, R/A OCCIDENTE 3RA. SECC. C.P 86650', 'S/N', 'COMALCALCO, TABASCO', NULL, '9331231502', '', NULL, NULL, 1, 5, '2020-07-14 02:19:37'), ('0559086213493', NULL, 'TAQUERIA GAS', 'LUIS MIGUEL', 'CORDOVA', 'SEGOVIA', 1, 'CARRETERA VECINAL A PARAISO, R/A OCCIDENTE 3RA. SECC. C.P. 86650 COMALCALCO, TABASCO', 'S/N', '', NULL, '9331263752', '', NULL, NULL, 1, 5, '2020-07-21 10:17:25'), ('0559103499618', NULL, 'POCHI ZAPOTAL', 'ALEX ', 'DE LA CRUZ', 'MARQUEZ', 1, '', '', '', NULL, '', '', NULL, NULL, 1, 5, '2020-07-13 07:16:47'), ('0559105491965', NULL, 'POCHI MERCADO', 'OMAR', 'DOMINGUEZ', 'ALCUDIA', 1, '', '', '', NULL, '9331574513', '', NULL, NULL, 1, 5, '2020-07-24 01:30:51'), ('0559106863546', NULL, 'POCHI SIN PARADA', 'JESUS RAMIRO', 'AGUILAR', 'RABANALES', 1, 'ENTRADA EL AGUACATE, R/A OCCIDENTE 4TA. SECC. C.P.86650', 'S/N', 'COMALCALCO, TABASCO', NULL, '9331174848', '', NULL, NULL, 1, 5, '2020-07-14 02:32:21'), ('0559125492498', NULL, 'MAICOL', 'MAYCOL ALEXIS', 'DE LOS SANTOS', 'PEREZ', 1, 'CARRETERA A SAN FRANCISCO, R/A OCCIDENTE 4TA SECC. COMALCALCO, TABASCO', 'S/N', '', NULL, '9331643090', '', NULL, NULL, 1, 5, '2020-07-25 12:52:01'), ('0559126113306', NULL, 'POCHI ZAPOTAL', 'IGNACIO ASUNCION', 'RODRIGUEZ', 'AGUILAR', 1, 'ENTRADA EL AGUACATE, R/A OCCIDENTE 4TA. SECC. C.P 86650', 'S/N', 'COMALCALCO, TABASCO', NULL, '9331219000', '', NULL, NULL, 1, 5, '2020-07-14 05:03:41'), ('0560021423358', NULL, 'Rosa Fonda JR', 'Rosa Maria', 'Herrera ', 'De La Cruz', 1, 'Carr.a Chichicapa, Ej. Buena Vista', '', '', NULL, '', '', NULL, NULL, 1, 5, '2020-07-23 03:29:19'), ('0560054656842', NULL, 'El Tigre', 'Luis', 'Rodriguez', 'Lopez', 1, 'Crr. Fde comal/Par RIA. Norte 1RA SEC.', '', '', NULL, '9331219000', '', NULL, NULL, 1, 5, '2020-07-21 08:08:37'), ('0560068405477', NULL, 'POCHI TOMAS GARRIDO', 'BERNARDO', 'OLIVE ', 'DE LA CRUZ', 1, 'CARRETERA FEDERAL A PARAISO, R/A NORTE 1RA. SECC. C.P. 86650', 'S/N', 'COMALCALCO, TABASCO', NULL, '9331016555', '', NULL, NULL, 1, 5, '2020-07-15 03:02:37'), ('0560075319004', NULL, 'Medari La Gotita', 'Meradi', 'De La Cruz', 'Herrera', 1, 'Carr. Vecinal a Chichicapa Ej Buena Vista', '', '', NULL, '9331661519', '', NULL, NULL, 1, 5, '2020-07-14 06:05:44'), ('0565070873376', NULL, 'POCHI CHICHICAPA', 'SAMUEL', 'VENTURA', 'LAZARO', 1, 'CALLE FRANCISCO PERALTA, CD. TECOLUTILLA C.P.86640', 'S/N', 'COMALCALCO, TABASCO', NULL, '9332076378', '', NULL, NULL, 1, 5, '2020-07-14 07:43:12'), ('0569035162211', NULL, 'TAXI #29', 'WILBER', 'CORDOVA', 'LEYVA', 1, 'COL. SAN FRANCISCO, R/A SAN FRANCISCO I MADERI 1RA. SECC.C.P.86640', '81', 'COMALCALCO, TABASCO', NULL, '9331527829', '', NULL, NULL, 1, 5, '2020-07-14 07:38:57'), ('05710511160043', NULL, 'TAXI #12 ', 'DARWIN', 'ARIAS', 'AGUILAR', 1, 'CARRETERA PRINCIPAL, R/A POTRERILLO, COMALCALCO TABASCO', '', '', NULL, '9333294341', '', NULL, NULL, 1, 5, '2020-07-22 06:52:37'), ('0571054975766', NULL, 'TAXI #091', 'ROMEL', 'RICARDEZ', 'RICARDEZ', 1, 'CARRETERA A JALPA, R/A CUXCUXAPA C.P.86670', 'S/N', 'COMALCALCO, TABASCO', NULL, '9331226241', '', NULL, NULL, 1, 5, '2020-07-14 07:51:59'), ('0571087694140', NULL, 'Taxi #38', 'Leonel', 'Gonzalez', 'Rodriguez', 1, 'Carretera Jalpa a Cuxcuxapa', '', '', NULL, '9331291033', '', NULL, NULL, 1, 5, '2020-07-16 07:51:48'), ('0572053700915', NULL, 'TAXI #50', 'JOSE DEL CARMEN', 'DIAZ', 'HERNANDEZ', 1, 'CALLE NIOS HEROES, VILLA CHICHICAPA, C.P.86670, COMALCALCO, TABASCO.', 'S/N', '', NULL, '9331477331', '', NULL, NULL, 1, 5, '2020-07-20 08:57:40'), ('0572105027131', NULL, 'POCHI SANTO DOMINGO', 'JULIO CESAR', 'FUENTES', 'ALEMAN', 1, 'CALLE JOSE NARCISO ROVIROSA, VILLA CHICHICAPA, C.P. 86670', 'S/N', 'COMALCALCO, TABASCO', NULL, '9341156699', '', NULL, NULL, 1, 5, '2020-07-14 01:49:27'), ('0573021878263', NULL, 'TAXI #13', 'SANTOS', 'GALLEGOS', 'ALMEIDA', 1, 'CALLE ROSENDO TARACENA ESQUINA MANUEL AVILA, VILLA CHICHICAPA, C.P. 86670', 'S/N', 'COMALCALCO, TABASCO', NULL, '9331242167', '', NULL, NULL, 1, 5, '2020-07-14 03:30:43'), ('0573031755131', NULL, 'TAXI #115', 'ANGEL ', 'ALCUDIA ', 'ULIN', 1, 'CALLE NIOS HEROES , VILLA CHICHICAPA C.P 86670', 'S/N', 'COMALCALCO, TABASCO', NULL, '9331566665', '', NULL, NULL, 1, 5, '2020-07-13 07:44:43'), ('0573083071300', NULL, 'POCHI SANTO DOMINGO', 'VALENTIN', 'PEREZ', 'NARANJO', 1, 'CALLE FRANCISCO J SANTA MARIA VILLA CHICHICAPA C.P. 86670', 'S/N', 'COMALCALCO, TABASCO', NULL, '9332087002', '', NULL, NULL, 1, 5, '2020-07-14 05:34:57'), ('0573086108560', NULL, 'TAXI #14', 'OCTAVIO', 'JIMENEZ', 'LOPEZ', 1, 'CALLE JOSE MARIA MORELOS Y PAVON, VILLA CHICHICAPA, COMALCALCO TABASCO', 'S/N', '', NULL, '9331702896', '', NULL, NULL, 1, 5, '2020-07-24 03:50:55'), ('0573101247149', NULL, 'Doa Pochi', 'Erika Yuliana', 'Alberto', 'Vazquez', 1, 'Prolongacion de Nios Heroes Villa Chichicapa', '', '', NULL, '9331513159', '', NULL, NULL, 1, 5, '2020-07-16 08:02:39'), ('0573121232893', NULL, 'Pochi Santo Domingo', 'Eduardo', 'Garcia', 'Lpez', 1, 'Calle Samuel Cordova, Villa Chichicapa', 'SN', '', NULL, '9331678842', '', NULL, NULL, 1, 5, '2020-07-16 05:05:33'), ('0574013574093', NULL, 'Pochi Santo Domingo', 'Jess', 'Gmez', 'Jimenez', 1, 'Calle 20 de Noviembre, Villa Chichicapa', '', '', NULL, '9331576040', '', NULL, NULL, 1, 5, '2020-07-16 05:56:40'), ('0574076732267', NULL, 'Taquero Soriana', 'Jose Antonio', 'Jimenez', 'Priego', 1, 'C. David Bosada / Villa Chichicapa', '', '', NULL, '', '', NULL, NULL, 1, 5, '2020-07-21 07:13:06'), ('0574079385723', NULL, 'POCHI SANTO DOMINGO', 'CARLOS ALBERTO', 'GOMEZ', 'JIMENEZ', 1, 'CALLE 20 DE NOVIEMBRE, VILLA CHICHICAPA, C.P. 86670', '', 'COMALCALCO, TABASCO', NULL, '9331466122', '', NULL, NULL, 1, 5, '2020-07-15 03:08:08'), ('0574084417336', NULL, 'Pochi Santo Domingo', 'Miguel', 'Garcia', 'Lpez', 1, 'Carretera a Jess Carranza SN, Villa CHichicapa, CP86670', '', '', NULL, '9332084275', '', NULL, NULL, 1, 5, '2020-07-16 06:49:38'), ('0574097686269', NULL, 'TAXI #82', 'HECTOR', 'CORDOVA', 'RAMOS', 1, 'CALLE AUGUSTO HERNANDEZ OLIVE, VILLA CHICHICAPA C.P.86670', '18', 'COMALCALCO, TABASCO', NULL, '9331524711', '', NULL, NULL, 1, 5, '2020-07-14 02:47:02'), ('0574100264368', NULL, 'POCHI CHICHICAPA', 'RAMON', 'LOPEZ', 'ROMERO', 1, 'CALLE ANDRES SANCHEZ MAGALLANES. VILLA CHICHICAPA C.P 86670', 'S/N', 'COMALCALCO, TABASCO', NULL, '9331217605', '', NULL, NULL, 1, 5, '2020-07-13 07:52:12'), ('0574122388698', NULL, 'Pochi Soriana', 'Erick Gibran', 'Gonzlez', 'Jimenez', 1, 'Calle Adolfo Lopez Mateos, Villa Chichicapa', '', '', NULL, '9331178619', '', NULL, NULL, 1, 5, '2020-07-16 05:14:09'), ('0575016257817', NULL, 'TAXI #200', 'SANTIAGO', 'AGUILAR', 'ALBERTO', 1, 'CALLE MANUEL GURRIA ORDOEZ  MZA 17 LT13 R/A JESUS CARRANZA, COL. GOBERNADORES C.P.86670', 'CASA 2', 'COMALCALCO, TABASCO', NULL, '9848764236', '', NULL, NULL, 1, 5, '2020-07-14 04:58:51'), ('0575022035023', NULL, 'TAXI #210', 'YSIDRO ', 'DOMINGUEZ', 'RODRIGUEZ', 1, 'CARRETERA VECINAL A CHICHICAPA, EJIDO SANTO DOMINGO, C.P86650', 'S/N', 'COMALCALCO, TABASCO', NULL, '9331219265', '', NULL, NULL, 1, 5, '2020-07-14 04:41:14'), ('0575033907544', NULL, 'Borrogo', 'Ren', 'Hernandez', 'Lpez', 1, 'Col. Gobernadores', 'Calle 1', 'Mza 14, Lt 17', NULL, '', '', NULL, NULL, 1, 5, '2020-07-21 07:36:41'), ('0575034264589', NULL, 'TAXI #24', 'JERONIMO', 'CASTELLANOS ', 'ALMEIDA', 1, 'CALLE MANUEL GURRIA MZA 04 LT 20 R/A JESUS CARRANZA, FRACC. GOBERNADORES C.P 86670', 'CASA 2', 'COMALCALCO, TABASCO', NULL, '9331222961', '', NULL, NULL, 1, 5, '2020-07-14 04:24:23'), ('0575038777650', NULL, 'Taxi', 'Luis Rodolfo', 'Gamboa', 'Larraga', 1, 'Calle 5 Manzana 4, Lote 3, Casa 2, R7a Jesus Carranza, Franccionamiento La Quinta', '', '', NULL, '9331586253', '', NULL, NULL, 1, 5, '2020-07-16 06:18:23'), ('0575054683330', NULL, 'POZOLERIA', 'JESUS', 'HERNANDEZ', 'GONZALEZ', 1, 'ENTRADA A LA GRANJA, EJIDO SANTO DOMINGO, C.P. 86650', 'S/N', 'COMALCALCO, TABASCO', NULL, '9331161046', '', NULL, NULL, 1, 5, '2020-07-14 02:01:28'), ('0575070216219', NULL, 'VENTA DE COMIDA ', 'CHRISTIAN', 'LOPEZ', 'PEREZ', 1, 'CARRETERA VECINAL A CHICHICAP, EJIDO SANTO DOMINGO, C.P. 86650', 'S/N', 'COMALCALCO, TABASCO', NULL, '7775348515', '', NULL, NULL, 1, 5, '2020-07-14 03:58:30'), ('0575075957170', NULL, 'POCHI SANTO DOMINGO', 'MARCO ANTONIO', 'NARANJO', 'MENDEZ', 1, 'ENTRADA A LA PERA, EJIDO SANTO DOMINGO, C.P.86650', 'S/N', 'COMALCALCO,TABASCO', NULL, '9331180091', '', NULL, NULL, 1, 5, '2020-07-14 07:09:48'), ('0575079025673', NULL, 'TAXI #93', 'GERARDO ALBERTO', 'IZQUIERDO', 'HERNANDEZ', 1, 'CALLE PASEO GOBERNADORES MZA20 LT 7, FRACCIONAMIENTO GOBERNADORES C.P.86670, COMALCALCO, TABASCO', 'CASA 01', '', NULL, '9331510277', '', NULL, NULL, 1, 5, '2020-07-20 09:14:53'), ('0575083367186', NULL, 'TAXI #02', 'ETNI GABRIEL', 'TIQUE', 'DE LOS SANTOS', 1, 'CALLE 13 MZA 12 LT 07 R/A J CARRANZA ,FRACCIONAMIENTO LA QUINTA C.P 86670', 'CASA 1', 'COMALCALCO, TABASCO', NULL, '9332078352', '', NULL, NULL, 1, 5, '2020-07-13 08:09:58'), ('0575086200731', NULL, 'POCHI SANTO DOMINGO', 'ROSENDO', 'NARANJO', 'MENDEZ', 1, 'ENTRADA DE LA PERA, EJIDO SANTO DOMINGO, C.P. 86340', 'S/N', 'COMALCALCO, TABASCO', NULL, '9331512406', '', NULL, NULL, 1, 5, '2020-07-14 03:38:55'), ('0575086267272', NULL, 'TAXI #42 PLUS', 'WILBER ', 'MORALES', 'OLAN', 1, 'CARRETERA VECINAL A CHICHICAPA, EJIDO SANTO DOMINGO C.P.86340', 'S/N', 'COMALCALCO, TABASCO', NULL, '9981039084', '', NULL, NULL, 1, 5, '2020-07-14 06:14:24'), ('0575088369906', NULL, 'TAXI #76', 'MARTIN', 'GARCIA', 'CRUZ', 1, 'CALLE ENRIQUE PRIEGO OROPEZA MZA 2 LT 12 R/A JESUS CARRANZA. COL. GOBERNANDORES, C.P.86670', 'CASA 2', 'COMALCALCO, TABASCO', NULL, '9331068624', '', NULL, NULL, 1, 5, '2020-07-14 07:02:43'), ('0575092959827', NULL, 'Pochi Santo Domingo', 'Florentino', 'Gutierrez', 'Dominguez', 1, 'Calle Salvador Neme, Manzana 5, Lote 15, Casa 1, R/a Jess Carranza, Fraccionamiento Gobernadores', '', '', NULL, '9331630307', '', NULL, NULL, 1, 5, '2020-07-16 05:23:03'), ('0575096031714', NULL, 'Pochi Santo Domingo', 'Jos Enrique', 'Hernandez', 'Alejandro', 1, 'Entrada a la Granja, Ejido Santo Domingo', '', '', NULL, '9331163407', '', NULL, NULL, 1, 5, '2020-07-16 06:09:43'), ('0575099319437', NULL, 'Pochi Santo Domingo', 'Enrique', 'Jimenez', 'Alejandro', 1, 'Entrada la granja, ejido Santo Domingo', '', '', NULL, '9331578849', '', NULL, NULL, 1, 5, '2020-07-16 05:11:54'), ('0575106592210', NULL, 'POLLERIA ', 'YARET ALEJANDRA', 'ARIAS', 'HERNANDEZ', 1, 'COL. 27 DE FEBRERO, EJIDO SANTO DOMINGO, C.P.86650', 'S/N', 'COMALCALCO, TABASCO', NULL, '9335939339', '', NULL, NULL, 1, 5, '2020-07-14 03:55:10'), ('0575107111433', NULL, 'PERFUMES', 'MARIA DEL CARMEN ', 'DOMINGUEZ', 'GOMEZ', 1, 'ENTRADA A LA GRANJA, EJIDO SANTO DOMINGO, C.P 86650, COMALCALCO, TABASCO.', 'S/N', '', NULL, '93310627095', '', NULL, NULL, 1, 5, '2020-07-21 12:33:24'), ('0575117442972', NULL, 'POCHI SANTO DOMINGO', 'ARCADIO ', 'ROSAS ', 'JIMENEZ', 1, 'COLONIA 27 DE FEBRERO, EJIDO SANTO DOMINGO, C.P. 86650', 'S/N', 'COMALCALCO, TABASCO', NULL, '9335933350', '', NULL, NULL, 1, 5, '2020-07-14 04:20:18'), ('0575122020099', NULL, 'Pochi Santo Domingo', 'Jos Alejandro', 'Jimenez', 'Gonzalez', 1, 'Entrada a la Granja SN, Ejido Santo Domingo', '', '', NULL, '9371217040', '', NULL, NULL, 1, 5, '2020-07-16 06:00:37'), ('0575135671466', NULL, 'POCHI SANTO DOMINGO', 'ROBINSON', 'CHABLE', 'CHABLE', 1, 'CARRETERA PRINCIPAL EJIDO SANTO DOMINGO  C.P. 86340', 'S/N', 'COMALCALCO, TABASCO', NULL, '9331228129', '', NULL, NULL, 1, 5, '2020-07-14 06:04:49'), ('0575136972414', NULL, 'VENDE POZOL', 'MARTHA PATRICIA', 'HERNANDEZ', 'PEREZ', 1, 'CARRETERA PRINCIPAL, EJIDO SANTO DOMINGO, C.P.86340', 'S/N', 'COMALCALCO, TABASCO', NULL, '9331228129', '', NULL, NULL, 1, 5, '2020-07-14 01:57:54'), ('0575137958091', NULL, 'POCHI SANTO DOMINGO', 'OMAR', 'ARIAS', 'DOMINGUEZ', 1, 'CALLE MANUEL R MORA MZA 09 LT 14, R/A J CARRANZA, COL.GOBERNADORES  C.P86670', 'CASA 1', 'COMALCALCO, TABASCO', NULL, '9331219924', '', NULL, NULL, 1, 5, '2020-07-14 05:48:27'), ('0576127889805', NULL, 'TALLER TORREZ', 'ERICK ', 'ALCUDIA', 'HERNANDEZ', 1, 'ENTRADA EL COCOHITE, R/A MIGUEL HIDALGO, C.P. 86640', 'S/N', 'COMALCALCO, TABASCO', NULL, '9331527251', '', NULL, NULL, 1, 5, '2020-07-14 04:08:48'), ('0581002123061', NULL, 'TAXI #72', 'CARLOS CESAR', 'CORDOVA', 'LOPEZ', 1, 'CARRETERA PRINCIPAL, R/A GREGORIO MENDEZ 1RA. SECC. C.P. 86650', 'S/N', 'COMALCALCO, TABASCO', NULL, '9331579841', '', NULL, NULL, 1, 5, '2020-07-14 04:53:47'), ('0581104350887', NULL, 'POCHI GREGORIO MENDEZ', 'ARISTIDES', 'VELAZQUEZ', 'ALCUDIA', 1, 'EJ. MIGUEL HIDALGO R/A GREGORIO MENDEZ 1RA SECC. C.P 86650', 'S/N', 'COMALCALCO, TABASCO', NULL, '8995489507', '', NULL, NULL, 1, 5, '2020-07-13 11:58:06'), ('0582046269660', NULL, 'Ferre', 'Miguel Angel', 'Javier', 'Martinez', 1, 'Carretera Villa Aldama SN, R/a Reyes Hernandez 1ra Secc CP:86650', '', '', NULL, '9331158870', '', NULL, NULL, 1, 5, '2020-07-16 06:41:47'), ('0582054645706', NULL, 'Ricardo Aceitera', 'Ricardo', 'Olan ', 'Hernandez', 1, 'crr. com/teco. / RIA. Reyes hdz 1ra secc', '', '', NULL, '9331301263', '', NULL, NULL, 1, 5, '2020-07-23 04:48:24'), ('0587087211240', NULL, 'POCHI SORIANA', 'SAUL', 'DE LOS SANTOS', 'PEREZ', 1, 'CARRETERA VILLA ALDAMA, R/A LEON ZARATE, 1RA SECC. C.P 86640', 'S/N', 'COMALCALCO, TABASCO', NULL, '9332085928', '', NULL, NULL, 1, 5, '2020-07-14 05:11:03'), ('0587088793526', NULL, 'Bombera Chedrahui', 'Marlene Virginia', 'Ramos', 'Dominguez', 1, 'Carr, Aldama/ RIA Len Zarate 1ra Secc', '', '', NULL, '9331036391', '', NULL, NULL, 1, 5, '2020-07-21 08:16:46'), ('0590064716344', NULL, 'TAXI #125', 'JOSE MANUEL', 'PULIDO', 'SUAREZ', 1, 'CARRETERA PRINCIPAL, R/A REYES HERNANDEZ 2DA. SECC. C.P.86650', 'S/N', 'COMALCALCO, TABASCO', NULL, '9331587101', '', NULL, NULL, 1, 5, '2020-07-14 04:48:40'), ('0590073318655', NULL, 'TAXI #45', 'LAZARO', 'GONZALEZ', 'JIMENEZ', 1, 'CARRETERA A TECOLUTILLA R/A REYES HERNADEZ  2DA SECC C.P 86650', 'S/N', 'COMALCALCO, TABASCO', NULL, '9331005750', '', NULL, NULL, 1, 5, '2020-07-13 11:54:33'), ('0590075029212', NULL, 'Mariano Electrico', 'Mariano', 'Mingueta', 'Soberano', 1, 'Crre. Principal /RIA Reyes Hdz 2da Secc', '', '', NULL, '9331121978', '', NULL, NULL, 1, 5, '2020-07-14 05:58:11'), ('0590099157098', NULL, 'POLLERIA CHELO', 'ARTURO', 'RODRIGUEZ', 'BOLAINA', 1, 'ENTRADA DEL BASURERO, R/A REYES HERNANDEZ 2DA. SECC. C.P.86650', 'S/N', 'COMALCALCO, TABASCO', NULL, '9331549566', '', NULL, NULL, 1, 5, '2020-07-14 05:45:05'), ('0593016769783', NULL, 'Taxi #39', 'Pablo', 'Olan', 'De la Cruz', 1, 'Carretera al ejido Reforma, Manzana 1, Lote 10, Col. Sur, Aldama', '', '', NULL, '9331300912', '', NULL, NULL, 1, 5, '2020-07-16 08:00:02'), ('0593085739587', NULL, 'Gemelo', 'Leonardo', 'Gonzalez', 'Rodriguez', 1, 'Carretera a Reforma SN, Col. Sur aldama', '', '', NULL, '9331251293', '', NULL, NULL, 1, 5, '2020-07-16 08:06:05'), ('0593136097225', NULL, 'TAXI #31', 'GILBERTO', 'GONZALEZ', 'PEREZ', 1, '', '', '', NULL, '9331272893', '', NULL, NULL, 1, 5, '2020-07-25 12:56:15'), ('0594016777082', NULL, 'POCHI SANTO DOMINGO', 'JULIO CESAR', 'ARIAS', 'GONZALEZ', 1, 'CARRETERA VIA CORTA CUNDUACAN, R/A ORIENTE 1RA. SECC C.P.86650', 'S/N', 'COMALCALCCO, TABASCO', NULL, '9331549522', '', NULL, NULL, 1, 5, '2020-07-14 07:20:41'), ('0594054858090', NULL, 'Pochi Santo Domingo', 'David', 'Hernndez', 'Cruz', 1, 'Carretera via corta Cunduacn, R/a Oriente 1ra Seccin CP:86650', 'SN', '', NULL, '9331683383', '', NULL, NULL, 1, 5, '2020-07-16 05:01:57'), ('0594121381898', NULL, 'TAQUERIA SARA', 'SARA', 'CASTELLANOS', 'DE LA CRUZ', 1, 'COL. BELLA LUZ R/A ORIENTE 1RA SECC. COMALCALCO, TABASCO', 'S/N', '', NULL, '9331703885', '', NULL, NULL, 1, 5, '2020-07-22 04:17:40'), ('0600054711030', NULL, 'Eliseo Pochi Chichicapa', 'Eliseo', 'Vazquez', 'Colorado', 1, 'Entrada del Cobertizo R/a sur cuarta', '', '', NULL, '9331238137', '', NULL, NULL, 1, 5, '2020-07-16 05:10:12'), ('060009391041', NULL, 'GREGORIO POLLOS', 'GREGORIO', 'FLORES', 'PORRAS', 1, 'COL. SAN MANUEL, R/A SUR 4TA. SECC. COMALCALCO, TABASCO', 'S/N', '', NULL, '9331465874', '', NULL, NULL, 1, 5, '2020-07-25 01:32:46'), ('0602118728448', NULL, 'Carnitas', 'Juan Carlos ', 'De  La Cruz', 'Leyva', 1, 'Carre. La lucha/ RIA Sargento Lopez', '', '', NULL, '9331107578', '', NULL, NULL, 1, 5, '2020-07-14 03:07:03'), ('0604093008412', NULL, 'Peluquero', 'Kennedy', 'Garca', 'Naranjo', 1, 'Ent. Tripa ciega / RIA Orienta 4TA Seccion', '', '', NULL, '9331253805', '', NULL, NULL, 1, 5, '2020-07-14 04:11:43'), ('0605005053254', NULL, 'TAXI #22', 'SERGIO', 'CORDOVA', 'VAZQUEZ', 1, 'CARRETERA FEDERAL COMALCALCO CARDENAS, R/A ORIENTE 5TA SECC. C.P 86650', 'S/N', 'COMALCALCO,TABASCO', NULL, '9331314532', '', NULL, NULL, 1, 5, '2020-07-14 01:25:21'), ('0605069824903', NULL, 'FOGON DE TOCHO', 'PERLA RUBI', 'MAITRET', 'FALCONI', 1, 'CARRETERA FEDERAL A CARDENAS, R/A ORIENTE 5TA SECC. C.P. 86650', 'S/N', 'COMALCALCO, TABASCO.', NULL, '9331182878', '', NULL, NULL, 1, 5, '2020-07-14 07:45:31'), ('0606099645751', NULL, 'TALLER TORREZ', 'JOSE DEL CARMEN', 'HERNANDEZ ', 'GARCIA', 1, 'CARRETERA A LA CHONITA, R/A OCCIDENTE 6TA. SECC. C.P. 86650', 'S/N', 'COMALCALCO, TABASCO', NULL, '9331077686', '', NULL, NULL, 1, 5, '2020-07-14 04:02:08'), ('0606127804603', NULL, 'TAXI #77', 'HENRRY', 'RUIZ', 'LEYVA', 1, 'ENTRADA EL MANGAL R/A ORIENTE 6TA SECC C.P.86650', 'S/N', 'COMALCALCO, TABASCO', NULL, '9934978315', '', NULL, NULL, 1, 5, '2020-07-14 01:21:46'), ('0608106932112', NULL, 'TAXI #32 PLUS', 'MIGUEL ANGEL', 'RODA', 'MAY', 1, 'CARRETERA VECINAL A TULIPAN, R/A SUR 5TA. SECC. C.P.86650', 'S/N', 'COMALCALCO, TABASCO', NULL, '9331177319', '', NULL, NULL, 1, 5, '2020-07-14 06:12:08'), ('0999064586355', NULL, 'TAXI #227', 'APOLONIO', 'GARCIA', 'PEREZ', 1, 'CDA DE GALEANA COL. CENTRO C.P 86600', 'S/N', 'PARAISO, TABASCO', NULL, '9331362976', '', NULL, NULL, 1, 5, '2020-07-14 12:07:22'), ('1014059471857', NULL, 'TAXI #08', 'PEDRO', 'JIMENEZ', 'RAMIREZ', 1, 'CARRETERA A JALAPITA EJIDO CHILTEPEC, SECCION TANQUES , C.P. 86600', 'S/N', 'PARAISO, TABASCO', NULL, '9331290291', '', NULL, NULL, 1, 5, '2020-07-14 03:33:37'), ('1024086366500', NULL, 'Taxi #41', 'Juan Carlos', 'Cruz', 'Cruz', 1, 'Calle Lazaro Cardenas del Rio, R/a Occidente San Francisco, Paraiso Tab.', '', '', NULL, '9331542574', '', NULL, NULL, 1, 5, '2020-07-16 07:53:39'), ('1028066322271', NULL, 'TAXI #195', 'CARLOS ROBERTO', 'MAGAA', 'VAZQUEZ', 1, 'CARRETERA FEDERAL A PARAISO, R/A ORIENTE C.P.86600', '', 'COMALCALCO, TABASCO', NULL, '9332074670', '', NULL, NULL, 1, 5, '2020-07-15 03:47:55'), ('1029071683966', NULL, 'TALLER TORREZ', 'ISIDRO', 'CHABLE', 'CHABLE', 1, 'ENTRADA AL CHIVERO R/A LIBERTAD 1RA. SECC C.P 86611', 'S/N', 'COMALCALCO, TABASCO', NULL, '9331071850', '', NULL, NULL, 1, 5, '2020-07-13 07:48:12'), ('1029080164077', NULL, 'TALLER TORREZ', 'MARCO ANTONIO', 'CHABLE', 'CHABLE', 1, 'ENTRADA AL CHIVERO, R/A LIBERTAD 1RA. SECC. C.P.86600', 'S/N', 'PARAISO, TABASCO', NULL, '9331586792', '', NULL, NULL, 1, 5, '2020-07-14 04:12:10'), ('1029081097346', NULL, 'TAXI #12', 'LEONARDO', 'CHABLE', 'HERNANDEZ', 1, 'ENTRADA A LA MONTAITA, R/A LIBERTAD 1RA. SECC. C.P. 86600', 'S/N', 'PARAISO, TABASCO', NULL, '9332097658', '', NULL, NULL, 1, 5, '2020-07-14 06:48:51'), ('1031085192066', NULL, 'Jos Alfredo Pochi', 'Jos Alfredo', 'Hernandez', 'Alejandro', 1, 'Carretera Zaragoza, R/a Potreritos Paraiso Tab.', '', '', NULL, '9331604556', '', NULL, NULL, 1, 5, '2020-07-16 06:02:30'), ('1033002128296', NULL, 'TAXI # 51', 'ANDY', 'VALENZUELA', 'HERNANDEZ', 1, 'CARRETERA A CHILTEPEC POB. NICOLAS BRAVO 1RA SECC C.P 86611', 'S/N', 'PARAISO, TABASCO', NULL, '9331517148', '', NULL, NULL, 1, 5, '2020-07-13 07:37:41'), ('1CH1648858', NULL, 'TAXI # 52', 'JOSE REYES', 'VENTURA', 'ZAPATA', 1, 'CARRETERA A LA VIA CORTA, EJIDO HUIMANGO 1RA SECC.LA ESPERANZA', 'S/N', 'CUNDUACAN, TABASCO', NULL, '9331495179', '', NULL, NULL, 1, 5, '2020-07-14 12:04:00'), ('INE_ADMIN', NULL, 'Ingeniero', 'Daniel', 'Prez', 'Cortz', 1, 'Jalpa de Mndez', '10', 'Centro', NULL, '9141198098', 'pcd510@hotmail.com', NULL, NULL, 1, 1, '2020-03-01 00:00:00'), ('INE_DAVID', NULL, 'Chaparro', 'David', 'Gonzalez', 'Ovando', 1, 'Comalcalco', '85', 'Centro', NULL, '9332514561', 'ejemplo@hotmail.com', NULL, NULL, 1, 1, '2020-03-01 00:00:00'), ('INE_JC', NULL, 'JC', 'Angel', 'Castillo', 'Lpez', 1, 'Comalcalco', '65', 'Centro', NULL, '9331036538', 'ejemplo@hotmail.com', NULL, NULL, 1, 1, '2020-03-01 00:00:00'), ('INE_OFICINA', NULL, 'Oficina', 'Oficina', 'Oficina', 'Oficina', 1, 'Comalcalco', '2', 'Centro', NULL, '9331036538', 'ejemplo@hotmail.com', NULL, NULL, 2, 1, '2020-03-01 00:00:00');
COMMIT;

-- ----------------------------
-- Table structure for provincia
-- ----------------------------
DROP TABLE IF EXISTS `provincia`;
CREATE TABLE `provincia`  (
  `id_provincia` int(11) NOT NULL AUTO_INCREMENT,
  `id_pais` int(11) NULL DEFAULT NULL,
  `nombre` varchar(50) CHARACTER SET utf8 COLLATE utf8_general_ci NOT NULL,
  PRIMARY KEY (`id_provincia`) USING BTREE
) ENGINE = InnoDB AUTO_INCREMENT = 2 CHARACTER SET = utf8 COLLATE = utf8_general_ci;

-- ----------------------------
-- Records of provincia
-- ----------------------------
BEGIN;
INSERT INTO `provincia` VALUES (1, 1, 'Tabasco');
COMMIT;

-- ----------------------------
-- Table structure for rol
-- ----------------------------
DROP TABLE IF EXISTS `rol`;
CREATE TABLE `rol`  (
  `id_rol` int(11) NOT NULL AUTO_INCREMENT,
  `descripcion` varchar(50) CHARACTER SET utf8 COLLATE utf8_general_ci NOT NULL,
  `id_estado` int(11) NOT NULL,
  PRIMARY KEY (`id_rol`) USING BTREE
) ENGINE = InnoDB AUTO_INCREMENT = 5 CHARACTER SET = utf8 COLLATE = utf8_general_ci;

-- ----------------------------
-- Records of rol
-- ----------------------------
BEGIN;
INSERT INTO `rol` VALUES (1, 'Administrador', 1), (2, 'Cobrador', 1), (3, 'Cliente', 1), (4, 'Master', 1);
COMMIT;

-- ----------------------------
-- Table structure for rol_permiso
-- ----------------------------
DROP TABLE IF EXISTS `rol_permiso`;
CREATE TABLE `rol_permiso`  (
  `id_rol_permiso` int(11) NOT NULL AUTO_INCREMENT,
  `id_rol` int(11) NULL DEFAULT NULL,
  `id_permiso` int(11) NULL DEFAULT NULL,
  PRIMARY KEY (`id_rol_permiso`) USING BTREE
) ENGINE = InnoDB AUTO_INCREMENT = 1 CHARACTER SET = utf8 COLLATE = utf8_general_ci;

-- ----------------------------
-- Records of rol_permiso
-- ----------------------------
BEGIN;
COMMIT;

-- ----------------------------
-- Table structure for ruta
-- ----------------------------
DROP TABLE IF EXISTS `ruta`;
CREATE TABLE `ruta`  (
  `id_ruta` int(11) NOT NULL AUTO_INCREMENT,
  `id_sucursal` int(11) NOT NULL,
  `descripcion` varchar(500) CHARACTER SET utf8 COLLATE utf8_general_ci NULL DEFAULT NULL,
  `id_estado` int(11) NOT NULL,
  PRIMARY KEY (`id_ruta`) USING BTREE
) ENGINE = InnoDB AUTO_INCREMENT = 4 CHARACTER SET = utf8 COLLATE = utf8_general_ci;

-- ----------------------------
-- Records of ruta
-- ----------------------------
BEGIN;
INSERT INTO `ruta` VALUES (0, 1, 'Seleccionar', 1), (1, 1, 'R2-Motorizada', 1), (2, 1, 'Mercado', 1), (3, 1, 'Oficina', 1);
COMMIT;

-- ----------------------------
-- Table structure for sesion
-- ----------------------------
DROP TABLE IF EXISTS `sesion`;
CREATE TABLE `sesion`  (
  `id_sesion` varchar(150) CHARACTER SET utf8 COLLATE utf8_general_ci NOT NULL,
  `id_usuario` varchar(30) CHARACTER SET utf8 COLLATE utf8_general_ci NOT NULL,
  `inicio_sesion` datetime(0) NOT NULL,
  `ultima_conexion` datetime(0) NULL DEFAULT NULL,
  `fin_sesion` datetime(0) NULL DEFAULT NULL,
  `id_estado` int(11) NOT NULL,
  PRIMARY KEY (`id_sesion`) USING BTREE
) ENGINE = InnoDB CHARACTER SET = utf8 COLLATE = utf8_general_ci;

-- ----------------------------
-- Records of sesion
-- ----------------------------
BEGIN;
INSERT INTO `sesion` VALUES ('%2F0NBLvX%2FTPI4ZSJKs9v96gvY%2BBUybM6pYyByshbTo9g%3D', 'admin', '2020-07-11 09:43:47', '2020-07-11 09:54:24', '2020-07-11 10:28:41', 2), ('%2F0NBLvX%2FTPI4ZSJKs9v96utMaT%2Bh3xQ5%2FvbshesO3T4%3D', 'admin', '2020-07-11 09:43:01', '2020-07-11 09:43:01', '2020-07-11 09:43:47', 2), ('1bV3VnxHqBZP6LWFtTLqQpE5zegfGKlRyDAHxhrYofs%3D', 'admin', '2020-07-13 06:19:38', '2020-07-13 10:49:04', '2020-07-13 11:00:36', 2), ('1XY6%2B82CxvnP68ZDg5OqKlhVc5CWP722we1L8kPafXk%3D', 'admin', '2020-07-18 08:23:11', '2020-07-18 08:23:17', '2020-07-18 08:25:28', 2), ('2uZjdPQu166urDj3J1h1txt1wN97mVdy76hrVz36I9Y%3D', 'oficina2', '2020-07-22 02:37:15', '2020-07-22 08:18:32', '2020-07-22 08:20:10', 2), ('6p%2F0FxudLwKCa7exGHw%2F%2BIeArzVRbLBBlVhXnPJAPmw%3D', 'oficina2', '2020-07-22 12:04:54', '2020-07-22 02:29:14', '2020-07-22 02:37:15', 2), ('6SXhnFx60%2Bezc31RRpRdt6gzANnVMYM5Zb%2Bf0%2ByHDhE%3D', 'oficina2', '2020-07-24 07:29:31', '2020-07-24 08:55:42', '2020-07-25 11:56:24', 2), ('6w7kkmVOs8RApNLfVb15vqUqUn0hE6H69VUdeAJZGJw%3D', 'OFICINA1', '2020-07-14 06:20:05', '2020-07-14 06:20:05', '2020-07-21 03:52:24', 2), ('790Bm9Fp96p9PzwElOUxdoon%2F%2FmjM2U74l7kiwQ4pYw%3D', 'jc', '2020-07-11 04:48:54', '2020-07-11 04:48:54', '2020-07-11 04:49:07', 2), ('8kJSP9%2FsBzt46AOOauumhBtLDQlbQpAOpU0wc8fveqw%3D', 'oficina2', '2020-07-14 04:54:13', '2020-07-14 05:11:04', '2020-07-14 05:11:53', 2), ('A9bWd9HTJGJ3%2F2e6tkU6d2KyWSAHihxC3bngp0WNgDk%3D', 'oficina2', '2020-07-14 01:10:41', '2020-07-14 04:53:48', '2020-07-14 04:54:13', 2), ('AeBJgGAJ9%2F%2FdsUhLVmuLcVD5BsH%2FepD03By7%2FH7hGpU%3D', 'admin', '2020-07-13 05:42:34', '2020-07-13 05:42:34', '2020-07-13 06:19:38', 2), ('aINcfSRYlqsM9IF04NYhaQrObMUVSsxX%2FFg74zvstjk%3D', 'admin', '2020-07-24 11:34:41', '2020-07-25 12:45:50', '2020-07-25 10:56:23', 2), ('aQeqsN42heCSumWJUYmiDdcgByb5Tuu4oDjaUR0XBI8%3D', 'oficina2', '2020-07-18 09:58:01', '2020-07-18 11:09:57', '2020-07-20 04:53:56', 2), ('AsuA7rMNDh6fWtce9MQoVY2RIebBO%2FHdRdJ8ys2rYbo%3D', 'jc', '2020-07-11 04:50:01', '2020-07-11 04:50:01', '2020-07-11 07:32:42', 2), ('aujzQ62QOVqkVSB7ixeGrZ%2FFNMhDv9OZZI4Zoo2XMkc%3D', 'admin', '2020-07-23 01:19:22', '2020-07-23 08:28:11', '2020-07-23 09:20:34', 2), ('aVmWcHNhOLYCoRnJsEx81i4XIj%2B0pSdkhKHEDVOwYBs%3D', 'admin', '2020-07-18 08:33:40', '2020-07-18 11:07:56', '2020-07-19 01:44:35', 2), ('b%2Fm3%2BNuBVVPWevDHvN8vvZpnqHWPxlKJH1CdcmC8AXo%3D', 'oficina2', '2020-07-21 08:06:09', '2020-07-21 11:08:33', '2020-07-22 12:04:54', 2), ('bdw%2F7MzGZiGMqjXPoYFyKCpgDv1KxFNNqk8TigUo4qw%3D', 'oficina2', '2020-07-18 07:06:42', '2020-07-18 09:55:24', '2020-07-18 09:58:01', 2), ('BEiIC1T1mkbwXld8dg4Wk%2FS6%2FKfqVVhMcMUVj39e7XU%3D', 'jc', '2020-07-11 04:49:07', '2020-07-11 04:49:18', '2020-07-11 04:50:01', 2), ('Bs%2FL8h0oPXs4JYPpyG1CfvK3PPoFhS2OpgIKczqDHJQ%3D', 'admin', '2020-07-11 10:58:33', '2020-07-11 11:00:40', '2020-07-11 11:14:05', 2), ('CKzk%2BlcT5EG990%2FU%2FU6xZrRrHQfLDOuuBVfcIxlo%2F98%3D', 'admin', '2020-07-11 04:02:57', '2020-07-11 04:03:41', '2020-07-11 04:07:22', 2), ('CYffMtOGgFpQ53s09Q1a2HuMkHGQbaATJis421yg%2BPc%3D', 'oficina2', '2020-07-13 05:44:15', '2020-07-14 12:07:21', '2020-07-14 01:10:41', 2), ('CYffMtOGgFpQ53s09Q1a2Hy55PaVYTGGXrJqfDsC48w%3D', 'OFICINA1', '2020-07-13 05:44:14', '2020-07-13 08:35:29', '2020-07-14 01:43:02', 2), ('DFZ8oOrqnfN4DdfKR%2FVcZRbxsUgmy3ksapRRMfIEbZs%3D', 'oficina2', '2020-07-23 03:28:27', '2020-07-23 09:56:08', '2020-07-23 09:57:22', 2), ('dq7OFTkvk4rvu7eFe%2FUmoTRS0op7MbqXzlyVmdryCzM%3D', 'admin', '2020-07-18 08:26:58', '2020-07-18 08:27:01', '2020-07-18 08:33:40', 2), ('DtY%2FcrSlgwIfnlkyHKq57%2BrfjNfBG1TEhMRvBwoqrUo%3D', 'admin', '2020-07-11 11:14:05', '2020-07-12 12:05:30', '2020-07-12 12:11:03', 2), ('DYc7RP7ecl%2FkfrHpylvfKc9eEu%2FPmZoBs2R06JRB5ec%3D', 'admin', '2020-07-11 07:51:01', '2020-07-11 09:40:52', '2020-07-11 09:43:01', 2), ('ENGDX46ftuUFVaMaiyp9xKvMCinozR7TX8PShHBOiV0%3D', 'OFICINA1', '2020-07-21 03:52:24', '2020-07-21 10:35:56', '2020-07-23 03:02:13', 2), ('FRgU7cXdC2zQGYj8QEn03av%2B4nnH46morDTX4Ah3Kyo%3D', 'admin', '2020-07-16 02:07:02', '2020-07-16 02:07:24', '2020-07-16 02:20:52', 2), ('glDOok3GexpUryRNB7xkwffM3dUtaYXwbm531EMe2GQ%3D', 'admin', '2020-07-23 09:20:34', '2020-07-24 12:05:37', '2020-07-24 11:34:41', 2), ('HE1nM6Rx8pFnpM0KasXuomIp90%2BlAmzHoSqJfhVx%2BB0%3D', 'oficina', '2020-07-19 02:53:28', '2020-07-19 03:28:57', '2020-07-21 02:11:48', 2), ('hw4XbKXjtFwkScONqol%2BlAplicc50GKOZlir2vvo37I%3D', 'admin', '2020-07-21 02:01:30', '2020-07-21 02:11:19', '2020-07-21 02:41:51', 2), ('i5ohKf2SvvbcMdNwTShgFiP8k8CfF6iIP7qimfSKR1s%3D', 'oficina', '2020-07-23 08:32:25', '2020-07-23 08:49:11', NULL, 1), ('iAma6t5uAHj7VuIfZpaKBAStvySH5uEymVzb%2Fc1Mc%2Fw%3D', 'oficina2', '2020-07-23 12:25:08', '2020-07-23 03:27:24', '2020-07-23 03:28:27', 2), ('ibYCIdvbIthIlX%2BTg%2F%2B1g%2FVhWuT1EOBRt3d7c7rPqqY%3D', 'oficina2', '2020-07-21 11:45:29', '2020-07-21 03:10:16', '2020-07-21 03:10:56', 2), ('iCGI2XK5e%2B7ZoKA2OrafNPeSq75zPW8rkNcSw9OaWdA%3D', 'admin', '2020-07-16 02:20:52', '2020-07-16 02:21:07', '2020-07-16 04:54:00', 2), ('IL%2Bzz8OzDdI79g2kwiHitDvIbidzZVQd35sBsU86iPo%3D', 'jc', '2020-07-11 10:30:57', '2020-07-11 10:31:08', '2020-07-11 10:34:32', 2), ('JLtUk41qrBs0lNqgjBFgi7Tjq3tOsm58BmaQiLubZxQ%3D', 'admin', '2020-07-16 10:45:05', '2020-07-17 06:23:33', '2020-07-17 06:25:48', 2), ('JsX%2BS2Sil8yFhQcaFGoF5npQrhbekrXpKRa3hc28OcI%3D', 'oficina2', '2020-07-20 08:08:39', '2020-07-21 12:36:52', '2020-07-21 11:45:29', 2), ('kDT8PBpnbQxB0Z5DvYTiG4LXGpVDXC5tvSLDZJqz7u4%3D', 'admin', '2020-07-15 04:16:27', '2020-07-15 04:16:40', '2020-07-16 02:07:02', 2), ('KMlYyhvNxl2%2BU3o%2FOiWjErmb2j6ZfVv4m8Yh7t2Fjwk%3D', 'admin', '2020-07-16 09:36:01', '2020-07-16 09:41:14', '2020-07-16 10:45:05', 2), ('ln5UmNj725rFrH%2BSrgbmts%2B07ZRLG%2BVA2W2uNoEQRmU%3D', 'oficina', '2020-07-21 02:11:48', '2020-07-21 02:19:20', '2020-07-23 08:32:25', 2), ('LsQsgRGSKszelYPC%2BaZnDHtQ3IoiPLuJ2uzs9Bwi7Gk%3D', 'oficina2', '2020-07-21 03:10:56', '2020-07-21 04:32:11', '2020-07-21 04:32:29', 2), ('M2VYR%2Fb8Cauvc1EjxzqKkH5XCLKpzM1N0a3Xsl9FgrA%3D', 'oficina2', '2020-07-12 12:21:47', '2020-07-12 12:21:47', '2020-07-12 12:23:48', 2), ('M2VYR%2Fb8Cauvc1EjxzqKkJotMPbBcFw3lj5E%2Bz%2FA1VA%3D', 'OFICINA1', '2020-07-12 12:21:16', '2020-07-12 12:21:16', '2020-07-13 05:44:14', 2), ('mjENI4qapTw1Gp%2B4KuaVOtAzd1yC8OnGH1y3ElglJe0%3D', 'oficina2', '2020-07-22 08:20:10', '2020-07-22 10:10:25', '2020-07-23 12:25:08', 2), ('mMjtpllXs0cwOxVfrWYWPBhlSdF5Hdyp3NGn8IKbC5w%3D', 'oficina2', '2020-07-24 05:14:18', '2020-07-24 05:17:43', '2020-07-24 06:58:47', 2), ('mMjtpllXs0cwOxVfrWYWPKrH59dU5X0RM2fDQop7eoA%3D', 'oficina2', '2020-07-24 05:14:00', '2020-07-24 05:14:00', '2020-07-24 05:14:00', 2), ('mO%2BrLqvdrtH2DaFfZ2sZYbOikHlEYazI1zizaIqbyWU%3D', 'admin', '2020-07-17 07:00:49', '2020-07-18 01:26:13', '2020-07-18 07:08:06', 2), ('mQDDYsuPUiNNVzGxKdpbNsjTKswZO0GVVELWX6GO770%3D', 'admin', '2020-07-14 11:21:36', '2020-07-14 11:31:19', '2020-07-14 11:47:25', 2), ('nCo57UmVVIXCUj%2F9vuXCXtvyjWW0%2FJkvS8DSZNWKpvk%3D', 'oficina2', '2020-07-15 02:09:09', '2020-07-15 04:17:21', '2020-07-15 04:17:49', 2), ('nlxkTxHlMsxstWFOhrZLPT0pAebpnBDU%2Bz6wItvR4so%3D', 'jc', '2020-07-11 09:53:20', '2020-07-11 09:53:51', '2020-07-11 10:30:57', 2), ('nzJrN%2B1o6Q%2FZu30onLNWkNNUYOhC%2Ff%2F9Ij7cnGgs6MI%3D', 'OFICINA2', '2020-07-24 06:58:47', '2020-07-24 07:24:49', '2020-07-24 07:29:31', 2), ('o2wjJna5dR7ieZsF2rFF1zvXjnmC%2F%2FyEh5f9XLU6wgc%3D', 'admin', '2020-07-18 08:25:28', '2020-07-18 08:25:56', '2020-07-18 08:26:58', 2), ('O9p0IDDQn2RDNmNPrqnsMHiDGKNMIN4CWV6%2BSmlMTsA%3D', 'oficina2', '2020-07-25 11:56:24', '2020-07-25 02:58:14', NULL, 1), ('OiMI1aUDgqgEriXQ03tvBj3z%2BsOdY%2BAEdPHZcT%2BQpSo%3D', 'oficina2', '2020-07-20 04:53:56', '2020-07-20 07:02:13', '2020-07-20 08:08:39', 2), ('oneOTTXJXhceIpy4mDzKRbjqsoDIwd2EMuNW2AE3DXo%3D', 'jc', '2020-07-11 07:32:42', '2020-07-11 07:33:27', '2020-07-11 09:53:20', 2), ('OYd%2BpnbUkt%2FHa2XNO24EepT%2Bjf51jyoiKa96vXOkszI%3D', 'admin', '2020-07-21 02:45:31', '2020-07-21 04:54:14', '2020-07-21 07:37:17', 2), ('OzdAqg%2BTmlWb0dPZjLWSWahkdutOOp7jwU66zCIGzEM%3D', 'oficina2', '2020-07-21 04:32:29', '2020-07-21 07:39:03', '2020-07-21 08:06:09', 2), ('p%2B0x06cCohdg%2BGfFg5K5aBFA9tBHjq1mffIZ3%2Bu1w2I%3D', 'oficina2', '2020-07-16 04:52:37', '2020-07-16 10:39:47', '2020-07-17 12:15:33', 2), ('pKx80j%2F4IarCkJHT6eEMe9lvQunltnwSAO%2FM7aVuXcs%3D', 'admin', '2020-07-17 06:49:58', '2020-07-17 06:51:44', '2020-07-17 07:00:49', 2), ('Psn8Sgux3821Ps5ZEVy3pOc0P%2B9mFXWVwnZyeRIQH2I%3D', 'admin', '2020-07-21 07:37:17', '2020-07-21 09:50:09', '2020-07-22 01:25:40', 2), ('pu5MI3Y3EF%2BLIlTsZF%2B5sFJHsCp4dmPmnL3xyCrVyYw%3D', 'OFICINA1', '2020-07-23 03:02:13', '2020-07-23 04:48:24', '2020-07-24 01:36:10', 2), ('qI3WC5K9u0lkgniQXIZFtIkNjHxx7CNRcPN0mlGPVRk%3D', 'OFICINA1', '2020-07-14 01:43:02', '2020-07-14 06:05:45', '2020-07-14 06:20:05', 2), ('QNDQWNJHzO3foyY1crxB7hI9XwnfI9oxTw78Odu40U0%3D', 'admin', '2020-07-12 12:11:03', '2020-07-12 12:11:03', '2020-07-12 03:23:22', 2), ('QOJHxZisfCc9teOGlHagEnTUVVB4YkY3FtDu5kdoWPc%3D', 'admin', '2020-07-25 11:32:52', '2020-07-25 01:13:34', NULL, 1), ('rdcpiWy5a%2BQJy9ARqSrhheMVHUydzg5AHp5bnOIxBLU%3D', 'oficina2', '2020-07-15 02:07:29', '2020-07-15 02:07:36', '2020-07-15 02:09:09', 2), ('reR%2FKZJE7awG65fW%2BMzixReOrqrBEeZux9%2F5AssaPEM%3D', 'admin', '2020-07-11 04:07:22', '2020-07-11 04:07:22', '2020-07-11 04:07:42', 2), ('reR%2FKZJE7awG65fW%2BMzixSm7CYJK3lwBh6OA9DHZEPQ%3D', 'admin', '2020-07-11 04:07:42', '2020-07-11 04:07:42', '2020-07-11 04:17:52', 2), ('sgWd9ORTjUmfZ42sBObLg%2BguzRZ6fleDxUoTQANX9D8%3D', 'oficina2', '2020-07-24 11:37:36', '2020-07-24 05:13:11', '2020-07-24 05:14:00', 2), ('sLi8uGFU%2FY7hJO7TrEzsI0wqIe5PAs9zGAaPRyDANvo%3D', 'admin', '2020-07-14 11:47:39', '2020-07-14 10:20:24', '2020-07-15 04:16:27', 2), ('sLi8uGFU%2FY7hJO7TrEzsIyDd7bzTX%2B%2FyLj2LxZwQINQ%3D', 'admin', '2020-07-14 11:47:25', '2020-07-14 11:47:25', '2020-07-14 11:47:39', 2), ('snc2ht0y7lAPAdBcTCRW4ErjHTlbnejL0fwemyUIP6k%3D', 'oficina2', '2020-07-14 05:11:53', '2020-07-14 07:54:45', '2020-07-15 02:07:29', 2), ('SRf8p%2BUAPuwBHiT3%2B5dDcbpLYQMlnbVgs%2FIb2EOF26I%3D', 'oficina2', '2020-07-17 12:15:33', '2020-07-17 09:28:06', '2020-07-18 05:30:02', 2), ('sVr4Wee3vijR16FsWSbq2E3PxMKHqtg4fA7qeSR8YnE%3D', 'oficina', '2020-07-11 10:32:14', '2020-07-12 12:00:55', '2020-07-19 01:50:55', 2), ('sVr4Wee3vijR16FsWSbq2M%2BGro8G70zSGyQQpslSKeI%3D', 'admin', '2020-07-11 10:32:52', '2020-07-11 10:32:52', '2020-07-11 10:35:46', 2), ('t4WPvT1hoEpE%2BIPpbR%2FgpokhYptPlKI9HTQIgsawzkw%3D', 'oficina2', '2020-07-23 09:57:22', '2020-07-23 10:18:38', '2020-07-24 11:37:36', 2), ('t87%2FYPl9%2FvV4blrzHyMSE%2BR4cK%2F8wpATN4F3klUUdNw%3D', 'jc', '2020-07-12 12:09:07', '2020-07-12 12:10:51', NULL, 1), ('TjbcIoRf910Ubb%2F3xPDAcn0wwSeWWjhxfANFSdD0o0U%3D', 'admin', '2020-07-25 10:56:23', '2020-07-25 10:58:56', '2020-07-25 11:32:52', 2), ('tRobBJkRT3Utjtoxf2i0ffIx8TalSM5d9UFNyTkIACM%3D', 'admin', '2020-07-11 04:45:39', '2020-07-11 04:45:39', '2020-07-11 07:34:20', 2), ('tzOO2krGG3%2B23iiCymGQW%2BqGN8MZoFMqC0u4TJe9Wnw%3D', 'admin', '2020-07-11 03:49:05', '2020-07-11 03:49:42', '2020-07-11 04:02:57', 2), ('uf4H40XmZREh8eo4N%2F5u9mQP7JNHzix89C9%2FPPb5YDM%3D', 'jc', '2020-07-11 10:34:56', '2020-07-11 10:34:56', '2020-07-12 12:09:07', 2), ('uf4H40XmZREh8eo4N%2F5u9s7S5KLui6p9r6QwCVcb%2FrI%3D', 'jc', '2020-07-11 10:34:32', '2020-07-11 10:34:32', '2020-07-11 10:34:56', 2), ('uLtcL9TwKrmSAuH2XUw0FXwY3vVRl%2FCVLBPRkll3zj8%3D', 'OFICINA1', '2020-07-24 01:36:10', '2020-07-24 01:36:10', '2020-07-24 05:27:24', 2), ('ULW5oWYK9OUa0e%2F9nkTvgSXgsCKDWWP7PY9niQEWDzo%3D', 'admin', '2020-07-19 01:44:35', '2020-07-19 01:44:55', '2020-07-20 01:35:07', 2), ('vHjHonASfBQr8E4bva3ZCS15cfuH6i%2BR2j65v7pBx88%3D', 'admin', '2020-07-11 10:28:41', '2020-07-11 10:30:29', '2020-07-11 10:32:52', 2), ('vjwtYuIE8yiS2Mwm9TSWVjMqeAjfCmUPQ%2Bcafsgr8eI%3D', 'admin', '2020-07-11 04:17:52', '2020-07-11 04:18:08', '2020-07-11 04:45:39', 2), ('VoJOq5BMXYKpi4ECtDQhxA3%2FFOMLzrERkA2v3YboAic%3D', 'oficina2', '2020-07-18 05:30:02', '2020-07-18 07:05:54', '2020-07-18 07:06:42', 2), ('VsE%2BEWY7OGso94Aq4ScI8I7%2F43elf6kG8PXh0C6nqbM%3D', 'admin', '2020-07-11 10:35:46', '2020-07-11 10:35:46', '2020-07-11 10:58:33', 2), ('VSjw7TtpIHBCuIkaj%2FXULBgkSjMIFw1OnaI6ccjkoIM%3D', 'admin', '2020-07-12 03:23:22', '2020-07-12 03:23:58', '2020-07-13 05:42:34', 2), ('vtDlYsu3%2FzSzEL1XRZ4kLI306e9dBuNZD47iTLr1L6o%3D', 'admin', '2020-07-11 07:34:20', '2020-07-11 07:49:16', '2020-07-11 07:51:01', 2), ('whOwsWLLtPRLgQBZsktLZU4a%2FLFvNdq861yjIPyfB7Y%3D', 'admin', '2020-07-18 07:08:06', '2020-07-18 07:46:37', '2020-07-18 08:23:11', 2), ('WTfsvCP%2BRHwciYgxdWAzFaOlaiqI%2FdS4r9GirLHlst8%3D', 'admin', '2020-07-20 01:35:07', '2020-07-20 10:26:17', '2020-07-21 02:00:57', 2), ('WWc0NKegYXuMzZ7tBP80Z47Qy%2FWReYGh2cUgxnwO0us%3D', 'OFICINA1', '2020-07-24 05:27:24', '2020-07-24 05:27:27', NULL, 1), ('x8VVX8pJX2H297glTH5iuckVdcXFuPykfGJV47CiMrs%3D', 'oficina2', '2020-07-15 04:17:49', '2020-07-15 04:17:49', '2020-07-16 04:52:37', 2), ('xf72%2BAy%2FxoQAtmhGyeAGcp%2FgJbCGmUwCY0L%2FOvz2OD8%3D', 'admin', '2020-07-17 06:25:48', '2020-07-17 06:49:07', '2020-07-17 06:49:58', 2), ('xvGOOqnIKa4vBlaXq3pD%2FcMBNhQsUAKCGCAg72ZRFug%3D', 'admin', '2020-07-21 02:00:57', '2020-07-21 02:00:57', '2020-07-21 02:01:30', 2), ('YCSIJVoKTLFayN8gGQaLSfhKcy6rAwK%2FKMZxn3TeXCo%3D', 'admin', '2020-07-16 04:54:00', '2020-07-16 08:06:07', '2020-07-16 09:36:01', 2), ('ypTnEa%2B8JJKM9aHDVocaN42Ms2QsVRkRvHt%2FI4n2t4U%3D', 'oficina', '2020-07-19 01:50:55', '2020-07-19 01:50:57', '2020-07-19 02:53:28', 2), ('ZC7kfbCCp88bNWlab1BuAUgr74sjmp40Pl1fiK%2BGg6Y%3D', 'oficina2', '2020-07-12 12:23:48', '2020-07-12 12:23:48', '2020-07-13 05:44:15', 2), ('Zg0YDGqhIUxAHoA8WxVP5LNP2TJ9zGZBFJ793FxpSHw%3D', 'admin', '2020-07-22 01:25:40', '2020-07-22 08:58:27', '2020-07-23 01:19:22', 2), ('zSPjkr1E%2FZ1Ft%2FQV2qS8ZjbF59EVS2qGztJ%2BhNYqNKM%3D', 'admin', '2020-07-21 02:41:51', '2020-07-21 02:42:07', '2020-07-21 02:45:31', 2), ('zv7QxoWppfsngXhTV2QYKS0fpc9amHs6b8J2KvYapFQ%3D', 'admin', '2020-07-13 11:00:36', '2020-07-14 12:13:24', '2020-07-14 11:21:36', 2);
COMMIT;

-- ----------------------------
-- Table structure for solicitud
-- ----------------------------
DROP TABLE IF EXISTS `solicitud`;
CREATE TABLE `solicitud`  (
  `id_solicitud` int(11) NOT NULL AUTO_INCREMENT,
  `id_sucursal` int(11) NOT NULL,
  `id_usuario` varchar(30) CHARACTER SET utf8 COLLATE utf8_general_ci NOT NULL,
  `ine` varchar(100) CHARACTER SET utf8 COLLATE utf8_general_ci NOT NULL,
  `monto` decimal(10, 0) NOT NULL,
  `pagos` int(11) NULL DEFAULT NULL COMMENT 'Nmero de pagos',
  `id_tipo_cobro` int(11) NULL DEFAULT NULL COMMENT 'Tipo / perioricidad de pagos',
  `fecha_requerida` date NOT NULL COMMENT 'Fecha en que se requiere el prestamo.',
  `id_estado_solicitud` int(11) NULL DEFAULT NULL,
  `id_estado` int(11) NOT NULL,
  `fecha_reg` datetime(0) NULL DEFAULT NULL,
  PRIMARY KEY (`id_solicitud`) USING BTREE
) ENGINE = InnoDB AUTO_INCREMENT = 1 CHARACTER SET = utf8 COLLATE = utf8_general_ci;

-- ----------------------------
-- Records of solicitud
-- ----------------------------
BEGIN;
COMMIT;

-- ----------------------------
-- Table structure for sucursal
-- ----------------------------
DROP TABLE IF EXISTS `sucursal`;
CREATE TABLE `sucursal`  (
  `id_sucursal` int(11) NOT NULL AUTO_INCREMENT,
  `id_empresa` varchar(13) CHARACTER SET utf8 COLLATE utf8_general_ci NOT NULL,
  `nombre` varchar(120) CHARACTER SET utf8 COLLATE utf8_general_ci NOT NULL,
  `direccion` varchar(500) CHARACTER SET utf8 COLLATE utf8_general_ci NULL DEFAULT NULL,
  `id_ciudad` int(11) NULL DEFAULT NULL,
  `cp` varchar(45) CHARACTER SET utf8 COLLATE utf8_general_ci NULL DEFAULT NULL,
  `telefono` varchar(45) CHARACTER SET utf8 COLLATE utf8_general_ci NULL DEFAULT NULL,
  `id_estado` int(11) NOT NULL,
  PRIMARY KEY (`id_sucursal`) USING BTREE
) ENGINE = InnoDB AUTO_INCREMENT = 2 CHARACTER SET = utf8 COLLATE = utf8_general_ci;

-- ----------------------------
-- Records of sucursal
-- ----------------------------
BEGIN;
INSERT INTO `sucursal` VALUES (1, 'RFC45GENERICO', 'Comalcalco', 'Calle Reforma', 1, '86300', '9331490521', 1);
COMMIT;

-- ----------------------------
-- Table structure for tipo_capital
-- ----------------------------
DROP TABLE IF EXISTS `tipo_capital`;
CREATE TABLE `tipo_capital`  (
  `id_tipo_capital` int(11) NOT NULL AUTO_INCREMENT,
  `descripcion` varchar(50) CHARACTER SET utf8 COLLATE utf8_general_ci NOT NULL,
  PRIMARY KEY (`id_tipo_capital`) USING BTREE
) ENGINE = InnoDB AUTO_INCREMENT = 1 CHARACTER SET = utf8 COLLATE = utf8_general_ci;

-- ----------------------------
-- Records of tipo_capital
-- ----------------------------
BEGIN;
COMMIT;

-- ----------------------------
-- Table structure for tipo_cobro
-- ----------------------------
DROP TABLE IF EXISTS `tipo_cobro`;
CREATE TABLE `tipo_cobro`  (
  `id_tipo_cobro` int(11) NOT NULL AUTO_INCREMENT COMMENT 'Al cambiar los valores de la pestaa Insert debe actualizarce el cdigo de la funcin CAL_FECHA_PAGO que esta ligada\na dicha informacin de esta tabla.',
  `perioricidad_dias` int(11) NOT NULL COMMENT 'Periodo de cobro en dias. Cada cuantos dias se cobrar.\n\nAl cambiar los valores de la pestaa Insert debe actualizarce el cdigo de la funcin CAL_FECHA_PAGO que esta ligada\na dicha informacin de esta tabla.',
  `descripcion` varchar(50) CHARACTER SET utf8 COLLATE utf8_general_ci NOT NULL COMMENT 'Al cambiar los valores de la pestaa Insert debe actualizarce el cdigo de la funcin CAL_FECHA_PAGO que esta ligada\na dicha informacin de esta tabla.',
  PRIMARY KEY (`id_tipo_cobro`) USING BTREE
) ENGINE = InnoDB AUTO_INCREMENT = 6 CHARACTER SET = utf8 COLLATE = utf8_general_ci;

-- ----------------------------
-- Records of tipo_cobro
-- ----------------------------
BEGIN;
INSERT INTO `tipo_cobro` VALUES (1, 1, 'Diario'), (2, 7, 'Semanal'), (3, 14, 'Catorcenal'), (4, 15, 'Quincenal'), (5, 30, 'Mensual');
COMMIT;

-- ----------------------------
-- Table structure for tipo_concepto
-- ----------------------------
DROP TABLE IF EXISTS `tipo_concepto`;
CREATE TABLE `tipo_concepto`  (
  `id_tipo_concepto` int(11) NOT NULL AUTO_INCREMENT,
  `id_tipo_capital` int(11) NOT NULL,
  `descripcion` varchar(50) CHARACTER SET utf8 COLLATE utf8_general_ci NULL DEFAULT NULL,
  PRIMARY KEY (`id_tipo_concepto`) USING BTREE
) ENGINE = InnoDB AUTO_INCREMENT = 1 CHARACTER SET = utf8 COLLATE = utf8_general_ci;

-- ----------------------------
-- Records of tipo_concepto
-- ----------------------------
BEGIN;
COMMIT;

-- ----------------------------
-- Table structure for tipo_credito
-- ----------------------------
DROP TABLE IF EXISTS `tipo_credito`;
CREATE TABLE `tipo_credito`  (
  `id_tipo_credito` int(11) NOT NULL AUTO_INCREMENT COMMENT 'Tipo de operqacin:\n1- Nuevo cliente\n2- Renovacin credito\n3- Nuevo credito a cliente Con credito activo\n4- Moroso',
  `descripcion` varchar(50) CHARACTER SET utf8 COLLATE utf8_general_ci NULL DEFAULT NULL,
  PRIMARY KEY (`id_tipo_credito`) USING BTREE
) ENGINE = InnoDB AUTO_INCREMENT = 5 CHARACTER SET = utf8 COLLATE = utf8_general_ci;

-- ----------------------------
-- Records of tipo_credito
-- ----------------------------
BEGIN;
INSERT INTO `tipo_credito` VALUES (1, 'Renovacin'), (2, 'Nuevo credito'), (3, 'Nuevo Cliente'), (4, 'Recuperacin');
COMMIT;

-- ----------------------------
-- Table structure for tipo_inmueble
-- ----------------------------
DROP TABLE IF EXISTS `tipo_inmueble`;
CREATE TABLE `tipo_inmueble`  (
  `id_tipo_inmueble` int(11) NOT NULL AUTO_INCREMENT,
  `descripcion` varchar(50) CHARACTER SET utf8 COLLATE utf8_general_ci NULL DEFAULT NULL,
  PRIMARY KEY (`id_tipo_inmueble`) USING BTREE
) ENGINE = InnoDB AUTO_INCREMENT = 3 CHARACTER SET = utf8 COLLATE = utf8_general_ci;

-- ----------------------------
-- Records of tipo_inmueble
-- ----------------------------
BEGIN;
INSERT INTO `tipo_inmueble` VALUES (1, 'Propio'), (2, 'Renta');
COMMIT;

-- ----------------------------
-- Table structure for tipo_local
-- ----------------------------
DROP TABLE IF EXISTS `tipo_local`;
CREATE TABLE `tipo_local`  (
  `id_tipo_local` int(11) NOT NULL AUTO_INCREMENT,
  `descripcion` varchar(20) CHARACTER SET utf8 COLLATE utf8_general_ci NULL DEFAULT NULL,
  PRIMARY KEY (`id_tipo_local`) USING BTREE
) ENGINE = InnoDB AUTO_INCREMENT = 4 CHARACTER SET = utf8 COLLATE = utf8_general_ci;

-- ----------------------------
-- Records of tipo_local
-- ----------------------------
BEGIN;
INSERT INTO `tipo_local` VALUES (1, 'Fijo'), (2, 'Ambulante'), (3, 'Empleado');
COMMIT;

-- ----------------------------
-- Table structure for tipo_pago
-- ----------------------------
DROP TABLE IF EXISTS `tipo_pago`;
CREATE TABLE `tipo_pago`  (
  `id_tipo_pago` int(11) NOT NULL AUTO_INCREMENT COMMENT 'Tipo de pago:\n1- Pago normal completo\n2- Pago parcial\n3- Extra\n4- No pago\n5- Sin visitar',
  `descripcion` varchar(50) CHARACTER SET utf8 COLLATE utf8_general_ci NULL DEFAULT NULL,
  PRIMARY KEY (`id_tipo_pago`) USING BTREE
) ENGINE = InnoDB AUTO_INCREMENT = 8 CHARACTER SET = utf8 COLLATE = utf8_general_ci;

-- ----------------------------
-- Records of tipo_pago
-- ----------------------------
BEGIN;
INSERT INTO `tipo_pago` VALUES (1, 'Pago normal'), (2, 'Abono parcial'), (3, 'Extra'), (4, 'No pag'), (5, 'Sin visitar'), (6, 'Fin de credito'), (7, 'Renovado');
COMMIT;

-- ----------------------------
-- Table structure for usuario
-- ----------------------------
DROP TABLE IF EXISTS `usuario`;
CREATE TABLE `usuario`  (
  `id_usuario` varchar(30) CHARACTER SET utf8 COLLATE utf8_general_ci NOT NULL,
  `id_sucursal` int(11) NOT NULL DEFAULT 0,
  `ine` varchar(100) CHARACTER SET utf8 COLLATE utf8_general_ci NOT NULL,
  `password` varchar(100) CHARACTER SET utf8 COLLATE utf8_general_ci NOT NULL,
  `id_rol` int(11) NOT NULL,
  `usuario_padre` varchar(20) CHARACTER SET utf8 COLLATE utf8_general_ci NULL DEFAULT NULL,
  `id_estado` int(11) NOT NULL,
  PRIMARY KEY (`id_usuario`) USING BTREE
) ENGINE = InnoDB CHARACTER SET = utf8 COLLATE = utf8_general_ci;

-- ----------------------------
-- Records of usuario
-- ----------------------------
BEGIN;
INSERT INTO `usuario` VALUES ('0247040029410', 0, '0247040029410', '12345', 3, 'oficina2', 5), ('0513010128629', 1, '0513010128629', '12345', 3, 'admin', 5), ('0513038801582', 0, '0513038801582', '12345', 3, 'oficina2', 5), ('0513064020659', 0, '0513064020659', '12345', 3, 'oficina2', 5), ('0513086294087', 1, '0513086294087', '12345', 3, 'OFICINA1', 5), ('0513087809934', 1, '0513087809934', '12345', 3, 'OFICINA1', 5), ('0513111013971', 1, '0513111013971', '12345', 3, 'OFICINA1', 5), ('0514086086744', 0, '0514086086744', '12345', 3, 'oficina2', 5), ('0514124265880', 0, '0514124265880', '12345', 3, 'oficina2', 5), ('0515002161105', 1, '0515002161105', '12345', 3, 'OFICINA1', 5), ('0515023614153', 0, '0515023614153', '12345', 3, 'oficina2', 5), ('0515027465778', 0, '0515027465778', '12345', 3, 'oficina2', 5), ('0515132616390', 1, '0515132616390', '12345', 3, 'OFICINA1', 5), ('0516005686312', 1, '0516005686312', '12345', 3, 'OFICINA1', 5), ('0517078814647', 1, '0517078814647', '12345', 3, 'OFICINA1', 5), ('0518076624147', 1, '0518076624147', '12345', 3, 'OFICINA1', 5), ('0518104240385', 0, '0518104240385', '12345', 3, 'oficina2', 5), ('0519064015737', 1, '0519064015737', '12345', 3, 'OFICINA1', 5), ('0519130443029', 1, '0519130443029', '12345', 3, 'OFICINA1', 5), ('0521002102794', 1, '0521002102794', '12345', 3, 'OFICINA1', 5), ('0521053783730', 1, '0521053783730', '12345', 3, 'OFICINA1', 5), ('0521054618541', 1, '0521054618541', '12345', 3, 'OFICINA1', 5), ('0521063086682', 0, '0521063086682', '12345', 3, 'oficina2', 5), ('0522039185582', 1, '0522039185582', '12345', 3, 'OFICINA1', 5), ('0523002122045', 0, '0523002122045', '12345', 3, 'oficina2', 5), ('0524053937312', 0, '0524053937312', '12345', 3, 'oficina2', 5), ('0525007284994', 0, '0525007284994', '12345', 3, 'oficina2', 5), ('0525012816575', 1, '0525012816575', '12345', 3, 'OFICINA1', 5), ('0525120996267', 1, '0525120996267', '12345', 3, 'OFICINA1', 5), ('0527114325739', 1, '0527114325739', '12345', 3, 'OFICINA1', 5), ('0528041812091', 0, '0528041812091', '12345', 3, 'oficina2', 5), ('0528095505138', 0, '0528095505138', '12345', 3, 'oficina2', 5), ('0529027913208', 0, '0529027913208', '12345', 3, 'oficina2', 5), ('0530002742426', 0, '0530002742426', '12345', 3, 'oficina2', 5), ('0531103025588', 0, '0531103025588', '12345', 3, 'oficina2', 5), ('0532020481403', 0, '0532020481403', '12345', 3, 'oficina2', 5), ('0532095624310', 0, '0532095624310', '12345', 3, 'oficina2', 5), ('0533049229562', 1, '0533049229562', '12345', 3, 'admin', 5), ('0533067047081', 0, '0533067047081', '12345', 3, 'oficina2', 5), ('0533128645541', 0, '0533128645541', '12345', 3, 'oficina2', 5), ('0535107286828', 0, '0535107286828', '12345', 3, 'oficina2', 5), ('0535127612623', 0, '0535127612623', '12345', 3, 'oficina2', 5), ('0548038763291', 0, '0548038763291', '12345', 3, 'oficina2', 5), ('0549054689867', 1, '0549054689867', '12345', 3, 'OFICINA1', 5), ('0550095557225', 1, '0550095557225', '12345', 3, 'admin', 5), ('0550100929617', 0, '0550100929617', '12345', 3, 'oficina2', 5), ('0551002164236', 0, '0551002164236', '12345', 3, 'oficina2', 5), ('0551021223872', 0, '0551021223872', '12345', 3, 'oficina2', 5), ('0551033708729', 0, '0551033708729', '12345', 3, 'oficina2', 5), ('0551067168016', 0, '0551067168016', '12345', 3, 'oficina2', 5), ('0551071570300', 1, '0551071570300', '12345', 3, 'OFICINA1', 5), ('0551072510232', 0, '0551072510232', '12345', 3, 'oficina2', 5), ('0551073318559', 0, '0551073318559', '12345', 3, 'oficina2', 5), ('0551074896841', 1, '0551074896841', '12345', 3, 'admin', 5), ('0551081315140', 0, '0551081315140', '12345', 3, 'oficina2', 5), ('0551086077636', 0, '0551086077636', '12345', 3, 'oficina2', 5), ('0551096033000', 0, '0551096033000', '12345', 3, 'oficina2', 5), ('0551105692492', 0, '0551105692492', '12345', 3, 'oficina2', 5), ('0551121237540', 0, '0551121237540', '12345', 3, 'oficina2', 5), ('0551121845476', 0, '0551121845476', '12345', 3, 'oficina2', 5), ('0551125137138', 1, '0551125137138', '12345', 3, 'admin', 5), ('0552006262621', 0, '0552006262621', '12345', 3, 'oficina2', 5), ('0552046396824', 0, '0552046396824', '12345', 3, 'oficina2', 5), ('0552094573134', 0, '0552094573134', '12345', 3, 'oficina2', 5), ('0555002017389', 1, '0555002017389', '12345', 3, 'admin', 5), ('0555009813409', 0, '0555009813409', '12345', 3, 'oficina2', 5), ('0555017683625', 0, '0555017683625', '12345', 3, 'oficina2', 5), ('0555028829509', 0, '0555028829509', '12345', 3, 'oficina2', 5), ('0555031931676', 0, '0555031931676', '12345', 3, 'oficina2', 5), ('0555054716609', 0, '0555054716609', '12345', 3, 'oficina2', 5), ('0555054980528', 0, '0555054980528', '12345', 3, 'oficina2', 5), ('0555066672560', 0, '0555066672560', '12345', 3, 'oficina2', 5), ('0555069641192', 0, '0555069641192', '12345', 3, 'oficina2', 5), ('0555070141029', 0, '0555070141029', '12345', 3, 'oficina2', 5), ('0555071622254', 1, '0555071622254', '12345', 3, 'admin', 5), ('0555086350234', 0, '0555086350234', '12345', 3, 'oficina2', 5), ('0555088335002', 0, '0555088335002', '12345', 3, 'oficina2', 5), ('0555099934111', 0, '0555099934111', '12345', 3, 'oficina2', 5), ('0555104358411', 0, '0555104358411', '12345', 3, 'oficina2', 5), ('0555123669850', 0, '0555123669850', '12345', 3, 'oficina2', 5), ('0555125028201', 0, '0555125028201', '12345', 3, 'oficina2', 5), ('0555126868277', 0, '0555126868277', '12345', 3, 'oficina2', 5), ('0555130388552', 1, '0555130388552', '12345', 3, 'admin', 5), ('0555131858340', 0, '0555131858340', '12345', 3, 'oficina2', 5), ('0555135191466', 0, '0555135191466', '12345', 3, 'oficina2', 5), ('0557124619438', 0, '0557124619438', '12345', 3, 'oficina2', 5), ('0559015478447', 0, '0559015478447', '12345', 3, 'oficina2', 5), ('0559022492136', 1, '0559022492136', '12345', 3, 'admin', 5), ('0559045516681', 0, '0559045516681', '12345', 3, 'oficina2', 5), ('0559086160135', 0, '0559086160135', '12345', 3, 'oficina2', 5), ('0559086213493', 0, '0559086213493', '12345', 3, 'oficina2', 5), ('0559103499618', 0, '0559103499618', '12345', 3, 'oficina2', 5), ('0559105491965', 0, '0559105491965', '12345', 3, 'oficina2', 5), ('0559106863546', 0, '0559106863546', '12345', 3, 'oficina2', 5), ('0559125492498', 0, '0559125492498', '12345', 3, 'oficina2', 5), ('0559126113306', 0, '0559126113306', '12345', 3, 'oficina2', 5), ('0560021423358', 1, '0560021423358', '12345', 3, 'OFICINA1', 5), ('0560054656842', 1, '0560054656842', '12345', 3, 'OFICINA1', 5), ('0560068405477', 0, '0560068405477', '12345', 3, 'oficina2', 5), ('0560075319004', 1, '0560075319004', '12345', 3, 'OFICINA1', 5), ('0565070873376', 0, '0565070873376', '12345', 3, 'oficina2', 5), ('0569035162211', 0, '0569035162211', '12345', 3, 'oficina2', 5), ('05710511160043', 0, '05710511160043', '12345', 3, 'oficina2', 5), ('0571054975766', 0, '0571054975766', '12345', 3, 'oficina2', 5), ('0571087694140', 1, '0571087694140', '12345', 3, 'admin', 5), ('0572053700915', 0, '0572053700915', '12345', 3, 'oficina2', 5), ('0572105027131', 0, '0572105027131', '12345', 3, 'oficina2', 5), ('0573021878263', 0, '0573021878263', '12345', 3, 'oficina2', 5), ('0573031755131', 0, '0573031755131', '12345', 3, 'oficina2', 5), ('0573083071300', 0, '0573083071300', '12345', 3, 'oficina2', 5), ('0573086108560', 0, '0573086108560', '12345', 3, 'oficina2', 5), ('0573101247149', 1, '0573101247149', '12345', 3, 'admin', 5), ('0573121232893', 1, '0573121232893', '12345', 3, 'admin', 5), ('0574013574093', 1, '0574013574093', '12345', 3, 'admin', 5), ('0574076732267', 1, '0574076732267', '12345', 3, 'OFICINA1', 5), ('0574079385723', 0, '0574079385723', '12345', 3, 'oficina2', 5), ('0574084417336', 1, '0574084417336', '12345', 3, 'admin', 5), ('0574097686269', 0, '0574097686269', '12345', 3, 'oficina2', 5), ('0574100264368', 0, '0574100264368', '12345', 3, 'oficina2', 5), ('0574122388698', 1, '0574122388698', '12345', 3, 'admin', 5), ('0575016257817', 0, '0575016257817', '12345', 3, 'oficina2', 5), ('0575022035023', 0, '0575022035023', '12345', 3, 'oficina2', 5), ('0575033907544', 1, '0575033907544', '12345', 3, 'OFICINA1', 5), ('0575034264589', 0, '0575034264589', '12345', 3, 'oficina2', 5), ('0575038777650', 1, '0575038777650', '12345', 3, 'admin', 5), ('0575054683330', 0, '0575054683330', '12345', 3, 'oficina2', 5), ('0575070216219', 0, '0575070216219', '12345', 3, 'oficina2', 5), ('0575075957170', 0, '0575075957170', '12345', 3, 'oficina2', 5), ('0575079025673', 0, '0575079025673', '12345', 3, 'oficina2', 5), ('0575083367186', 0, '0575083367186', '12345', 3, 'oficina2', 5), ('0575086200731', 0, '0575086200731', '12345', 3, 'oficina2', 5), ('0575086267272', 0, '0575086267272', '12345', 3, 'oficina2', 5), ('0575088369906', 0, '0575088369906', '12345', 3, 'oficina2', 5), ('0575092959827', 1, '0575092959827', '12345', 3, 'admin', 5), ('0575096031714', 1, '0575096031714', '12345', 3, 'admin', 5), ('0575099319437', 1, '0575099319437', '12345', 3, 'admin', 5), ('0575106592210', 0, '0575106592210', '12345', 3, 'oficina2', 5), ('0575107111433', 0, '0575107111433', '12345', 3, 'oficina2', 5), ('0575117442972', 0, '0575117442972', '12345', 3, 'oficina2', 5), ('0575122020099', 1, '0575122020099', '12345', 3, 'admin', 5), ('0575135671466', 0, '0575135671466', '12345', 3, 'oficina2', 5), ('0575136972414', 0, '0575136972414', '12345', 3, 'oficina2', 5), ('0575137958091', 0, '0575137958091', '12345', 3, 'oficina2', 5), ('0576127889805', 0, '0576127889805', '12345', 3, 'oficina2', 5), ('0581002123061', 0, '0581002123061', '12345', 3, 'oficina2', 5), ('0581104350887', 0, '0581104350887', '12345', 3, 'oficina2', 5), ('0582046269660', 1, '0582046269660', '12345', 3, 'admin', 5), ('0582054645706', 1, '0582054645706', '12345', 3, 'OFICINA1', 5), ('0587087211240', 0, '0587087211240', '12345', 3, 'oficina2', 5), ('0587088793526', 1, '0587088793526', '12345', 3, 'OFICINA1', 5), ('0590064716344', 0, '0590064716344', '12345', 3, 'oficina2', 5), ('0590073318655', 0, '0590073318655', '12345', 3, 'oficina2', 5), ('0590075029212', 1, '0590075029212', '12345', 3, 'OFICINA1', 5), ('0590099157098', 0, '0590099157098', '12345', 3, 'oficina2', 5), ('0593016769783', 1, '0593016769783', '12345', 3, 'admin', 5), ('0593085739587', 1, '0593085739587', '12345', 3, 'admin', 5), ('0593136097225', 0, '0593136097225', '12345', 3, 'oficina2', 5), ('0594016777082', 0, '0594016777082', '12345', 3, 'oficina2', 5), ('0594054858090', 1, '0594054858090', '12345', 3, 'admin', 5), ('0594121381898', 0, '0594121381898', '12345', 3, 'oficina2', 5), ('0600054711030', 1, '0600054711030', '12345', 3, 'admin', 5), ('060009391041', 0, '060009391041', '12345', 3, 'oficina2', 5), ('0602118728448', 1, '0602118728448', '12345', 3, 'OFICINA1', 5), ('0604093008412', 1, '0604093008412', '12345', 3, 'OFICINA1', 5), ('0605005053254', 0, '0605005053254', '12345', 3, 'oficina2', 5), ('0605069824903', 0, '0605069824903', '12345', 3, 'oficina2', 5), ('0606099645751', 0, '0606099645751', '12345', 3, 'oficina2', 5), ('0606127804603', 0, '0606127804603', '12345', 3, 'oficina2', 5), ('0608106932112', 0, '0608106932112', '12345', 3, 'oficina2', 5), ('0999064586355', 0, '0999064586355', '12345', 3, 'oficina2', 5), ('1014059471857', 0, '1014059471857', '12345', 3, 'oficina2', 5), ('1024086366500', 1, '1024086366500', '12345', 3, 'admin', 5), ('1028066322271', 0, '1028066322271', '12345', 3, 'oficina2', 5), ('1029071683966', 0, '1029071683966', '12345', 3, 'oficina2', 5), ('1029080164077', 0, '1029080164077', '12345', 3, 'oficina2', 5), ('1029081097346', 0, '1029081097346', '12345', 3, 'oficina2', 5), ('1031085192066', 1, '1031085192066', '12345', 3, 'admin', 5), ('1033002128296', 0, '1033002128296', '12345', 3, 'oficina2', 5), ('1CH1648858', 0, '1CH1648858', '12345', 3, 'oficina2', 5), ('admin', 1, 'INE_ADMIN', '@a82497EEW', 1, NULL, 1), ('chaparro', 1, 'INE_DAVID', '12345', 2, 'admin', 1), ('jc', 1, 'INE_JC', '12345', 2, 'admin', 1), ('oficina', 0, 'OFICINA', '12345', 2, 'admin', 1), ('oficina1', 1, 'OFI1', '12345', 1, 'admin', 1), ('oficina2', 0, 'OFI2', '12345', 1, 'admin', 1);
COMMIT;

-- ----------------------------
-- Table structure for usuario_establecimiento
-- ----------------------------
DROP TABLE IF EXISTS `usuario_establecimiento`;
CREATE TABLE `usuario_establecimiento`  (
  `id_usuario_establecimiento` int(11) NOT NULL AUTO_INCREMENT,
  `ine` varchar(100) CHARACTER SET utf8 COLLATE utf8_general_ci NOT NULL,
  `nombre` varchar(100) CHARACTER SET utf8 COLLATE utf8_general_ci NULL DEFAULT NULL,
  `id_calle` int(11) NULL DEFAULT NULL,
  `numero_ext` varchar(10) CHARACTER SET utf8 COLLATE utf8_general_ci NULL DEFAULT NULL,
  `referencias` varchar(250) CHARACTER SET utf8 COLLATE utf8_general_ci NULL DEFAULT NULL,
  `id_actividad_economica` int(11) NULL DEFAULT NULL,
  `id_tipo_inmueble` int(11) NULL DEFAULT NULL,
  `id_tipo_local` int(11) NULL DEFAULT NULL COMMENT 'Fijo\nAmbulante\nEmpleado',
  `documento_adicional` longblob NULL,
  `disponibilidad_hr_inicio` varchar(30) CHARACTER SET utf8 COLLATE utf8_general_ci NULL DEFAULT NULL COMMENT 'Hora de paertura de local | Hora de inicio de disponibilidad',
  `disponibilidad_hr_fin` varchar(30) CHARACTER SET utf8 COLLATE utf8_general_ci NULL DEFAULT NULL COMMENT 'Hora de cierre de local | Hora de fin de disponibilidad',
  `coordenadas` varchar(100) CHARACTER SET utf8 COLLATE utf8_general_ci NULL DEFAULT NULL,
  `foto` longblob NULL,
  `id_ruta` int(11) NULL DEFAULT NULL,
  `id_estado` int(11) NOT NULL,
  PRIMARY KEY (`id_usuario_establecimiento`) USING BTREE
) ENGINE = InnoDB AUTO_INCREMENT = 186 CHARACTER SET = utf8 COLLATE = utf8_general_ci;

-- ----------------------------
-- Records of usuario_establecimiento
-- ----------------------------
BEGIN;
INSERT INTO `usuario_establecimiento` VALUES (1, 'INE_1', 'Taco loco', NULL, NULL, 'Banco Santander', NULL, 1, 1, NULL, '09:00', '16:00', '', NULL, 3, 5), (2, 'INE_2', 'Antojitos Nelli', NULL, NULL, 'Banco Santander', NULL, 1, 1, NULL, '09:00', '16:00', '', NULL, 3, 5), (3, 'INE_3', 'Cocos', NULL, NULL, 'Banco Santander', NULL, 1, 1, NULL, '09:00', '16:00', '', NULL, 2, 5), (4, 'INE_4', 'Pollos', NULL, NULL, 'Banco Santander', NULL, 1, 1, NULL, '09:00', '16:00', '', NULL, 2, 5), (5, 'INE_5', 'La Gotita', NULL, NULL, 'Banco Santander', NULL, 1, 1, NULL, '09:00', '16:00', '', NULL, 1, 5), (6, 'INE_6', '', NULL, NULL, '', NULL, 1, 1, NULL, '', '', '', NULL, 1, 5), (7, '0535127612623', '', NULL, NULL, '', NULL, 1, 1, NULL, '', '', '', NULL, 3, 5), (8, '0515132616390', '', NULL, NULL, 'Tienda de abarrotes', NULL, 1, 1, NULL, '', '', '', NULL, 1, 5), (9, '0247040029410', '', NULL, NULL, '', NULL, 1, 1, NULL, '', '', '', NULL, 3, 5), (10, '0555126868277', '', NULL, NULL, '', NULL, 1, 1, NULL, '', '', '', NULL, 3, 5), (11, '0559103499618', '', NULL, NULL, '', NULL, 1, 1, NULL, '', '', '', NULL, 3, 5), (12, '0555054980528', '', NULL, NULL, '', NULL, 1, 1, NULL, '', '', '', NULL, 3, 5), (13, '0555009813409', '', NULL, NULL, '', NULL, 1, 1, NULL, '', '', '', NULL, 3, 5), (14, '1033002128296', '', NULL, NULL, '', NULL, 1, 1, NULL, '', '', '', NULL, 3, 5), (15, '0573031755131', '', NULL, NULL, '', NULL, 1, 1, NULL, '', '', '', NULL, 3, 5), (16, '1029071683966', '', NULL, NULL, '', NULL, 1, 1, NULL, '', '', '', NULL, 3, 5), (17, '0574100264368', '', NULL, NULL, '', NULL, 1, 1, NULL, '', '', '', NULL, 3, 5), (18, '0521054618541', 'Taco Loco', NULL, NULL, 'Cerca de Casa Mazatlan', NULL, 2, 1, NULL, '03:00', '10:00', '', NULL, 1, 5), (19, '0575083367186', '', NULL, NULL, '', NULL, 1, 1, NULL, '', '', '', NULL, 3, 5), (20, '0513087809934', 'La Mazorca', NULL, NULL, '', NULL, 1, 2, NULL, '05:00', '11:00', '', NULL, 1, 5), (21, '0590073318655', '', NULL, NULL, '', NULL, 1, 1, NULL, '', '', '', NULL, 3, 5), (22, '0581104350887', '', NULL, NULL, '', NULL, 1, 1, NULL, '', '', '', NULL, 3, 5), (23, '0555086350234', '', NULL, NULL, '', NULL, 1, 1, NULL, '', '', '', NULL, 3, 5), (24, '1CH1648858', '', NULL, NULL, '', NULL, 1, 1, NULL, '', '', '', NULL, 3, 5), (25, '0999064586355', '', NULL, NULL, '', NULL, 1, 1, NULL, '', '', '', NULL, 3, 5), (26, '0532095624310', '', NULL, NULL, '', NULL, 1, 1, NULL, '', '', '', NULL, 3, 5), (27, '0606127804603', '', NULL, NULL, '', NULL, 1, 1, NULL, '', '', '', NULL, 3, 5), (28, '0605005053254', '', NULL, NULL, '', NULL, 1, 1, NULL, '', '', '', NULL, 3, 5), (29, '0557124619438', '', NULL, NULL, '', NULL, 1, 1, NULL, '', '', '', NULL, 3, 5), (30, '0552094573134', '', NULL, NULL, '', NULL, 1, 1, NULL, '', '', '', NULL, 3, 5), (31, '0521063086682', '', NULL, NULL, '', NULL, 1, 1, NULL, '', '', '', NULL, 3, 5), (32, '0572105027131', '', NULL, NULL, '', NULL, 1, 1, NULL, '', '', '', NULL, 3, 5), (33, '0549054689867', 'Decoraciones Rodriguez', NULL, NULL, ' Calle reforma ESQ. David Bosada', NULL, 2, 1, NULL, '09:00', '07:00', '', NULL, 1, 5), (34, '0513064020659', '', NULL, NULL, '', NULL, 1, 1, NULL, '', '', '', NULL, 3, 5), (35, '0552006262621', '', NULL, NULL, '', NULL, 1, 1, NULL, '', '', '', NULL, 3, 5), (36, '0575136972414', '', NULL, NULL, '', NULL, 1, 1, NULL, '', '', '', NULL, 3, 5), (37, '0575054683330', '', NULL, NULL, '', NULL, 1, 1, NULL, '', '', '', NULL, 3, 5), (38, '0555125028201', '', NULL, NULL, '', NULL, 1, 1, NULL, '', '', '', NULL, 3, 5), (39, '0550100929617', '', NULL, NULL, '', NULL, 1, 1, NULL, '', '', '', NULL, 3, 5), (40, '0555031931676', '', NULL, NULL, '', NULL, 1, 1, NULL, '', '', '', NULL, 3, 5), (41, '0524053937312', '', NULL, NULL, '', NULL, 1, 1, NULL, '', '', '', NULL, 3, 5), (42, '0559086160135', '', NULL, NULL, '', NULL, 1, 1, NULL, '', '', '', NULL, 3, 5), (43, '0551121845476', '', NULL, NULL, '', NULL, 1, 1, NULL, '', '', '', NULL, 3, 5), (44, '0559106863546', '', NULL, NULL, '', NULL, 1, 1, NULL, '', '', '', NULL, 3, 5), (45, '0574097686269', '', NULL, NULL, '', NULL, 1, 1, NULL, '', '', '', NULL, 3, 5), (46, '0533067047081', '', NULL, NULL, '', NULL, 1, 1, NULL, '', '', '', NULL, 3, 5), (47, '0551121237540', '', NULL, NULL, '', NULL, 1, 1, NULL, '', '', '', NULL, 3, 5), (48, '0521053783730', 'La Jaiva Brava', NULL, NULL, '', NULL, 1, 1, NULL, '', '', '', NULL, 1, 5), (49, '0555054716609', '', NULL, NULL, '', NULL, 1, 1, NULL, '', '', '', NULL, 3, 5), (50, '0602118728448', 'Carnitas uruapan', NULL, NULL, '', NULL, 2, 1, NULL, '', '', '', NULL, 1, 5), (51, '0573021878263', '', NULL, NULL, '', NULL, 1, 1, NULL, '', '', '', NULL, 3, 5), (52, '1014059471857', '', NULL, NULL, '', NULL, 1, 1, NULL, '', '', '', NULL, 3, 5), (53, '0527114325739', 'Antojitos Genesis', NULL, NULL, '', NULL, 1, 1, NULL, '', '', '', NULL, 1, 5), (54, '0575086200731', '', NULL, NULL, '', NULL, 1, 1, NULL, '', '', '', NULL, 3, 5), (55, '0555088335002', '', NULL, NULL, '', NULL, 1, 1, NULL, '', '', '', NULL, 3, 5), (56, '0575106592210', '', NULL, NULL, '', NULL, 1, 1, NULL, '', '', '', NULL, 3, 5), (57, '0575070216219', '', NULL, NULL, '', NULL, 1, 1, NULL, '', '', '', NULL, 3, 5), (58, '0606099645751', '', NULL, NULL, '', NULL, 1, 1, NULL, '', '', '', NULL, 3, 5), (59, '0576127889805', '', NULL, NULL, '', NULL, 1, 1, NULL, '', '', '', NULL, 3, 5), (60, '0604093008412', '', NULL, NULL, '', NULL, 1, 1, NULL, '', '', '', NULL, 1, 5), (61, '1029080164077', '', NULL, NULL, '', NULL, 1, 1, NULL, '', '', '', NULL, 3, 5), (62, '0531103025588', '', NULL, NULL, '', NULL, 1, 1, NULL, '', '', '', NULL, 3, 5), (63, '0575117442972', '', NULL, NULL, '', NULL, 1, 1, NULL, '', '', '', NULL, 3, 5), (64, '0516005686312', '', NULL, NULL, '', NULL, 1, 1, NULL, '', '', '', NULL, 1, 5), (65, '0575034264589', '', NULL, NULL, '', NULL, 1, 1, NULL, '', '', '', NULL, 3, 5), (66, '0530002742426', '', NULL, NULL, '', NULL, 1, 1, NULL, '', '', '', NULL, 3, 5), (67, '0555104358411', '', NULL, NULL, '', NULL, 1, 1, NULL, '', '', '', NULL, 3, 5), (68, '0518104240385', '', NULL, NULL, '', NULL, 1, 1, NULL, '', '', '', NULL, 3, 5), (69, '0575022035023', '', NULL, NULL, '', NULL, 1, 1, NULL, '', '', '', NULL, 3, 5), (70, '0521002102794', '', NULL, NULL, '', NULL, 1, 1, NULL, '', '', '', NULL, 1, 5), (71, '0590064716344', '', NULL, NULL, '', NULL, 1, 1, NULL, '', '', '', NULL, 3, 5), (72, '0581002123061', '', NULL, NULL, '', NULL, 1, 1, NULL, '', '', '', NULL, 3, 5), (73, '0522039185582', 'Los Peques', NULL, NULL, '', NULL, 1, 1, NULL, '', '', '', NULL, 1, 5), (74, '0575016257817', '', NULL, NULL, '', NULL, 1, 1, NULL, '', '', '', NULL, 3, 5), (75, '0555123669850', '', NULL, NULL, '', NULL, 1, 1, NULL, '', '', '', NULL, 3, 5), (76, '0559126113306', '', NULL, NULL, '', NULL, 1, 1, NULL, '', '', '', NULL, 3, 5), (77, '0587087211240', '', NULL, NULL, '', NULL, 1, 1, NULL, '', '', '', NULL, 3, 5), (78, '0551096033000', '', NULL, NULL, '', NULL, 1, 1, NULL, '', '', '', NULL, 3, 5), (79, '0551081315140', '', NULL, NULL, '', NULL, 1, 1, NULL, '', '', '', NULL, 3, 5), (80, '0573083071300', '', NULL, NULL, '', NULL, 1, 1, NULL, '', '', '', NULL, 3, 5), (81, '0551021223872', '', NULL, NULL, '', NULL, 1, 1, NULL, '', '', '', NULL, 3, 5), (82, '0590099157098', '', NULL, NULL, '', NULL, 1, 1, NULL, '', '', '', NULL, 3, 5), (83, '0575137958091', '', NULL, NULL, '', NULL, 1, 1, NULL, '', '', '', NULL, 3, 5), (84, '0590075029212', 'taller electrico', NULL, NULL, '', NULL, 1, 1, NULL, '', '', '', NULL, 1, 5), (85, '0575135671466', '', NULL, NULL, '', NULL, 1, 1, NULL, '', '', '', NULL, 3, 5), (86, '0560075319004', 'La Gotita', NULL, NULL, 'Calle Reforma Sur', NULL, 1, 1, NULL, '08:00', '06:00', '', NULL, 1, 5), (87, '0555017683625', '', NULL, NULL, '', NULL, 1, 1, NULL, '', '', '', NULL, 3, 5), (88, '0608106932112', '', NULL, NULL, '', NULL, 1, 1, NULL, '', '', '', NULL, 3, 5), (89, '0575086267272', '', NULL, NULL, '', NULL, 1, 1, NULL, '', '', '', NULL, 3, 5), (90, '0535107286828', '', NULL, NULL, '', NULL, 1, 1, NULL, '', '', '', NULL, 3, 5), (91, '0523002122045', '', NULL, NULL, '', NULL, 1, 1, NULL, '', '', '', NULL, 3, 5), (92, '0515023614153', '', NULL, NULL, '', NULL, 1, 1, NULL, '', '', '', NULL, 3, 5), (93, '1029081097346', '', NULL, NULL, '', NULL, 1, 1, NULL, '', '', '', NULL, 3, 5), (94, '0515027465778', '', NULL, NULL, '', NULL, 1, 1, NULL, '', '', '', NULL, 3, 5), (95, '0575088369906', '', NULL, NULL, '', NULL, 1, 1, NULL, '', '', '', NULL, 3, 5), (96, '0575075957170', '', NULL, NULL, '', NULL, 1, 1, NULL, '', '', '', NULL, 3, 5), (97, '0551072510232', '', NULL, NULL, '', NULL, 1, 1, NULL, '', '', '', NULL, 3, 5), (98, '0594016777082', '', NULL, NULL, '', NULL, 1, 1, NULL, '', '', '', NULL, 3, 5), (99, '0555135191466', '', NULL, NULL, '', NULL, 1, 1, NULL, '', '', '', NULL, 3, 5), (100, '0551086077636', '', NULL, NULL, '', NULL, 1, 1, NULL, '', '', '', NULL, 3, 5), (101, '0548038763291', '', NULL, NULL, '', NULL, 1, 1, NULL, '', '', '', NULL, 3, 5), (102, '0551067168016', '', NULL, NULL, '', NULL, 1, 1, NULL, '', '', '', NULL, 3, 5), (103, '0569035162211', '', NULL, NULL, '', NULL, 1, 1, NULL, '', '', '', NULL, 3, 5), (104, '0565070873376', '', NULL, NULL, '', NULL, 1, 1, NULL, '', '', '', NULL, 3, 5), (105, '0605069824903', '', NULL, NULL, '', NULL, 1, 1, NULL, '', '', '', NULL, 3, 5), (106, '0551033708729', '', NULL, NULL, '', NULL, 1, 1, NULL, '', '', '', NULL, 3, 5), (107, '0571054975766', '', NULL, NULL, '', NULL, 1, 1, NULL, '', '', '', NULL, 3, 5), (108, '0552046396824', '', NULL, NULL, '', NULL, 1, 1, NULL, '', '', '', NULL, 3, 5), (109, '0555028829509', '', NULL, NULL, '', NULL, 1, 1, NULL, '', '', '', NULL, 3, 5), (110, '0560068405477', '', NULL, NULL, '', NULL, 1, 1, NULL, '', '', '', NULL, 3, 5), (111, '0574079385723', '', NULL, NULL, '', NULL, 1, 1, NULL, '', '', '', NULL, 3, 5), (112, '0528041812091', '', NULL, NULL, '', NULL, 1, 1, NULL, '', '', '', NULL, 3, 5), (113, '1028066322271', '', NULL, NULL, '', NULL, 1, 1, NULL, '', '', '', NULL, 3, 5), (114, '0555099934111', '', NULL, NULL, '', NULL, 1, 1, NULL, '', '', '', NULL, 3, 5), (115, '0513038801582', '', NULL, NULL, '', NULL, 1, 1, NULL, '', '', '', NULL, 3, 5), (116, '0594054858090', '', NULL, NULL, '', NULL, 1, 1, NULL, '', '', '', NULL, 3, 5), (117, '0573121232893', '', NULL, NULL, '', NULL, 1, 1, NULL, '', '', '', NULL, 3, 5), (118, '0600054711030', '', NULL, NULL, '', NULL, 1, 1, NULL, '', '', '', NULL, 3, 5), (119, '0575099319437', '', NULL, NULL, '', NULL, 1, 1, NULL, '', '', '', NULL, 3, 5), (120, '0574122388698', '', NULL, NULL, '', NULL, 1, 1, NULL, '', '', '', NULL, 3, 5), (121, '0575092959827', '', NULL, NULL, '', NULL, 1, 1, NULL, '', '', '', NULL, 3, 5), (122, '0551125137138', '', NULL, NULL, '', NULL, 1, 1, NULL, '', '', '', NULL, 3, 5), (123, '0574013574093', '', NULL, NULL, '', NULL, 1, 1, NULL, '', '', '', NULL, 3, 5), (124, '0575122020099', '', NULL, NULL, '', NULL, 1, 1, NULL, '', '', '', NULL, 3, 5), (125, '1031085192066', '', NULL, NULL, '', NULL, 1, 1, NULL, '', '', '', NULL, 3, 5), (126, '0559022492136', '', NULL, NULL, '', NULL, 1, 1, NULL, '', '', '', NULL, 3, 5), (127, '0575096031714', '', NULL, NULL, '', NULL, 1, 1, NULL, '', '', '', NULL, 3, 5), (128, '0551074896841', '', NULL, NULL, '', NULL, 1, 1, NULL, '', '', '', NULL, 3, 5), (129, '0575038777650', '', NULL, NULL, '', NULL, 1, 1, NULL, '', '', '', NULL, 3, 5), (130, '0582046269660', '', NULL, NULL, '', NULL, 1, 1, NULL, '', '', '', NULL, 3, 5), (131, '0574084417336', '', NULL, NULL, '', NULL, 1, 1, NULL, '', '', '', NULL, 3, 5), (132, '0555002017389', '', NULL, NULL, '', NULL, 1, 1, NULL, '', '', '', NULL, 3, 5), (133, '0555071622254', '', NULL, NULL, '', NULL, 1, 1, NULL, '', '', '', NULL, 3, 5), (134, '0513010128629', '', NULL, NULL, '', NULL, 1, 1, NULL, '', '', '', NULL, 3, 5), (135, '0555130388552', '', NULL, NULL, '', NULL, 1, 1, NULL, '', '', '', NULL, 3, 5), (136, '0571087694140', '', NULL, NULL, '', NULL, 1, 1, NULL, '', '', '', NULL, 3, 5), (137, '1024086366500', '', NULL, NULL, '', NULL, 1, 1, NULL, '', '', '', NULL, 3, 5), (138, '0550095557225', '', NULL, NULL, '', NULL, 1, 1, NULL, '', '', '', NULL, 3, 5), (139, '0533049229562', '', NULL, NULL, '', NULL, 1, 1, NULL, '', '', '', NULL, 3, 5), (140, '0593016769783', '', NULL, NULL, '', NULL, 1, 1, NULL, '', '', '', NULL, 3, 5), (141, '0573101247149', '', NULL, NULL, '', NULL, 1, 1, NULL, '', '', '', NULL, 3, 5), (142, '0593085739587', '', NULL, NULL, '', NULL, 1, 1, NULL, '', '', '', NULL, 3, 5), (143, '0514086086744', '', NULL, NULL, '', NULL, 1, 1, NULL, '', '', '', NULL, 3, 5), (144, '0529027913208', '', NULL, NULL, '', NULL, 1, 1, NULL, '', '', '', NULL, 3, 5), (145, '0533128645541', '', NULL, NULL, '', NULL, 1, 1, NULL, '', '', '', NULL, 3, 5), (146, '0572053700915', '', NULL, NULL, '', NULL, 1, 1, NULL, '', '', '', NULL, 3, 5), (147, '0575079025673', '', NULL, NULL, '', NULL, 1, 1, NULL, '', '', '', NULL, 3, 5), (148, '0575107111433', '', NULL, NULL, '', NULL, 1, 1, NULL, '', '', '', NULL, 3, 5), (149, '0559015478447', '', NULL, NULL, '', NULL, 1, 1, NULL, '', '', '', NULL, 3, 5), (150, '0559045516681', '', NULL, NULL, '', NULL, 1, 1, NULL, '', '', '', NULL, 3, 5), (151, '0519130443029', '', NULL, NULL, '', NULL, 1, 1, NULL, '', '', '', NULL, 1, 5), (152, '0525012816575', 'panaderia', NULL, NULL, ' Por estetica woman', NULL, 1, 1, NULL, '08:00', '07:00', '', NULL, 1, 5), (153, '0532020481403', '', NULL, NULL, '', NULL, 1, 1, NULL, '', '', '', NULL, 3, 5), (154, '0555069641192', '', NULL, NULL, '', NULL, 1, 1, NULL, '', '', '', NULL, 3, 5), (155, '0574076732267', 'Tacos de asada', NULL, NULL, ' Esquina de Coppel Soriana', NULL, 1, 2, NULL, '', '', '', NULL, 1, 5), (156, '0551071570300', '', NULL, NULL, '', NULL, 1, 1, NULL, '', '', '', NULL, 1, 5), (157, '0575033907544', '', NULL, NULL, '', NULL, 1, 1, NULL, '', '', '', NULL, 1, 5), (158, '0525120996267', 'Panaderia', NULL, NULL, 'Por Boutique Woman', NULL, 1, 1, NULL, '10:00', '07:00', '', NULL, 1, 5), (159, '0519064015737', 'tienda de abarrotes', NULL, NULL, 'frente al consultorio dental', NULL, 1, 1, NULL, '10:00', '09:00', '', NULL, 1, 5), (160, '0560054656842', 'El Tigre', NULL, NULL, 'C. Reforma Norte ,por Gym', NULL, 2, 1, NULL, '09:00', '05:00', '', NULL, 1, 5), (161, '0587088793526', 'Gasolinera', NULL, NULL, 'Alado de atakear', NULL, 2, 1, NULL, '', '', '', NULL, 1, 5), (162, '0513111013971', 'Tortas Soriana', NULL, NULL, 'Fuera de little cesar', NULL, 1, 1, NULL, '05:00', '01:00', '', NULL, 1, 5), (163, '0513086294087', 'Tortas soriana', NULL, NULL, 'Afuera de Little Cesar', NULL, 1, 2, NULL, '05:00', '01:00', '', NULL, 1, 5), (164, '0559086213493', '', NULL, NULL, '', NULL, 1, 1, NULL, '', '', '', NULL, 3, 5), (165, '0514124265880', '', NULL, NULL, '', NULL, 1, 1, NULL, '', '', '', NULL, 3, 5), (166, '0518076624147', 'El Gran Chrirrisqui', NULL, NULL, 'Calle Reforma Sur/ Por Taco Loco', NULL, 1, 1, NULL, '09:00', '04:00', '', NULL, 1, 5), (167, '0515002161105', 'Tacos Maca', NULL, NULL, 'Frente al Templo', NULL, 1, 1, NULL, '07:00', '11:00', '', NULL, 1, 5), (168, '0551073318559', '', NULL, NULL, '', NULL, 1, 1, NULL, '', '', '', NULL, 3, 5), (169, '0594121381898', '', NULL, NULL, '', NULL, 1, 1, NULL, '', '', '', NULL, 3, 5), (170, '0528095505138', '', NULL, NULL, '', NULL, 1, 1, NULL, '', '', '', NULL, 3, 5), (171, '05710511160043', '', NULL, NULL, '', NULL, 1, 1, NULL, '', '', '', NULL, 3, 5), (172, '0551105692492', '', NULL, NULL, '', NULL, 1, 1, NULL, '', '', '', NULL, 3, 5), (173, '0555066672560', '', NULL, NULL, '', NULL, 1, 1, NULL, '', '', '', NULL, 3, 5), (174, '0560021423358', 'fonda', NULL, NULL, 'por J & R', NULL, 1, 1, NULL, '', '', '', NULL, 1, 5), (175, '0517078814647', '', NULL, NULL, '', NULL, 1, 1, NULL, '', '', '', NULL, 1, 5), (176, '0582054645706', 'ACEITERA', NULL, NULL, 'Fte a BURGUERKING', NULL, 1, 1, NULL, '09:00', '06:00', '', NULL, 1, 5), (177, '0551002164236', '', NULL, NULL, '', NULL, 1, 1, NULL, '', '', '', NULL, 3, 5), (178, '0525007284994', '', NULL, NULL, '', NULL, 1, 1, NULL, '', '', '', NULL, 3, 5), (179, '0555131858340', '', NULL, NULL, '', NULL, 1, 1, NULL, '', '', '', NULL, 3, 5), (180, '0559105491965', '', NULL, NULL, '', NULL, 1, 1, NULL, '', '', '', NULL, 3, 5), (181, '0555070141029', '', NULL, NULL, '', NULL, 1, 1, NULL, '', '', '', NULL, 3, 5), (182, '0573086108560', '', NULL, NULL, '', NULL, 1, 1, NULL, '', '', '', NULL, 3, 5), (183, '0559125492498', '', NULL, NULL, '', NULL, 1, 1, NULL, '', '', '', NULL, 3, 5), (184, '0593136097225', '', NULL, NULL, '', NULL, 1, 1, NULL, '', '', '', NULL, 3, 5), (185, '060009391041', '', NULL, NULL, '', NULL, 1, 1, NULL, '', '', '', NULL, 3, 5);
COMMIT;

-- ----------------------------
-- Table structure for usuario_permiso
-- ----------------------------
DROP TABLE IF EXISTS `usuario_permiso`;
CREATE TABLE `usuario_permiso`  (
  `id_usuario_permiso` int(11) NOT NULL AUTO_INCREMENT,
  `id_permiso` int(11) NULL DEFAULT NULL,
  PRIMARY KEY (`id_usuario_permiso`) USING BTREE
) ENGINE = InnoDB AUTO_INCREMENT = 1 CHARACTER SET = utf8 COLLATE = utf8_general_ci;

-- ----------------------------
-- Records of usuario_permiso
-- ----------------------------
BEGIN;
COMMIT;

-- ----------------------------
-- Table structure for usuario_ruta
-- ----------------------------
DROP TABLE IF EXISTS `usuario_ruta`;
CREATE TABLE `usuario_ruta`  (
  `id_usuario_ruta` int(11) NOT NULL AUTO_INCREMENT,
  `id_ruta` int(11) NOT NULL,
  `id_usuario` varchar(30) CHARACTER SET utf8 COLLATE utf8_general_ci NOT NULL,
  PRIMARY KEY (`id_usuario_ruta`) USING BTREE
) ENGINE = InnoDB AUTO_INCREMENT = 4 CHARACTER SET = utf8 COLLATE = utf8_general_ci;

-- ----------------------------
-- Records of usuario_ruta
-- ----------------------------
BEGIN;
INSERT INTO `usuario_ruta` VALUES (1, 1, 'jc'), (2, 2, 'chaparro'), (3, 3, 'oficina');
COMMIT;

-- ----------------------------
-- Table structure for zona_horaria
-- ----------------------------
DROP TABLE IF EXISTS `zona_horaria`;
CREATE TABLE `zona_horaria`  (
  `id_zona_horaria` int(11) NOT NULL AUTO_INCREMENT,
  `utc` varchar(10) CHARACTER SET utf8 COLLATE utf8_general_ci NULL DEFAULT NULL,
  `zona` varchar(50) CHARACTER SET utf8 COLLATE utf8_general_ci NULL DEFAULT NULL,
  `descripcion` varchar(100) CHARACTER SET utf8 COLLATE utf8_general_ci NULL DEFAULT NULL,
  PRIMARY KEY (`id_zona_horaria`) USING BTREE
) ENGINE = InnoDB AUTO_INCREMENT = 3 CHARACTER SET = utf8 COLLATE = utf8_general_ci;

-- ----------------------------
-- Records of zona_horaria
-- ----------------------------
BEGIN;
INSERT INTO `zona_horaria` VALUES (1, 'UTC-6', 'America/Mexico_City', 'Mxico'), (2, 'UTC-7', 'America/Phoenix', 'United States');
COMMIT;

-- ----------------------------
-- Procedure structure for CARTERA_CLIENTES
-- ----------------------------
DROP PROCEDURE IF EXISTS `CARTERA_CLIENTES`;
delimiter ;;
CREATE PROCEDURE `CARTERA_CLIENTES`(IN usuario VARCHAR ( 30 ))
BEGIN-- a Persona
-- b Credito
-- c Abono
-- d Usuario_establecimiento
-- e Usuario_ruta
-- f Usuario
-- g Ruta
	IF
		usuario = "0" THEN
		SELECT
			f.id_usuario,
			g.id_ruta,
			a.alias,
			CONCAT_WS( ' ', a.nombre, a.apellido_paterno, a.apellido_materno ) AS "nombre",
			IF((b.pagos_total * b.monto_pago ) - SUM( c.monto ) IS NULL, b.monto_total, (b.pagos_total * b.monto_pago ) - SUM( c.monto ) ) AS "restante",
			b.folio_credito
		FROM
			credito b
			INNER JOIN usuario_establecimiento AS d ON d.id_usuario_establecimiento = b.id_usuario_establecimiento
			INNER JOIN persona AS a ON a.ine = d.ine
			INNER JOIN usuario_ruta AS e ON e.id_ruta = d.id_ruta
			INNER JOIN usuario AS f ON f.id_usuario = e.id_usuario
			INNER JOIN ruta AS g ON g.id_ruta = e.id_ruta
			LEFT JOIN abono AS c ON c.folio_credito = b.folio_credito 
		WHERE
			b.id_estado_credito = 1 
		GROUP BY
			b.folio_credito;
		ELSE 
		
		SELECT
			f.id_usuario,
			g.id_ruta,
			a.alias,
			CONCAT_WS( ' ', a.nombre, a.apellido_paterno, a.apellido_materno ) AS "nombre",
			IF((b.pagos_total * monto_pago ) - SUM( c.monto ) IS NULL, b.monto_total, (b.pagos_total * monto_pago ) - SUM( c.monto ) ) AS "restante",
			b.folio_credito
		FROM
			credito b
			INNER JOIN usuario_establecimiento AS d ON d.id_usuario_establecimiento = b.id_usuario_establecimiento
			INNER JOIN persona AS a ON a.ine = d.ine
			INNER JOIN usuario_ruta AS e ON e.id_ruta = d.id_ruta
			INNER JOIN usuario AS f ON f.id_usuario = e.id_usuario
			INNER JOIN ruta AS g ON g.id_ruta = e.id_ruta
			LEFT JOIN abono AS c ON c.folio_credito = b.folio_credito 
		WHERE
			f.id_usuario = usuario 
			AND b.id_estado_credito = 1 
		GROUP BY
			b.folio_credito;
		
	END IF;

END
;;
delimiter ;

-- ----------------------------
-- Procedure structure for COBRO_DIA
-- ----------------------------
DROP PROCEDURE IF EXISTS `COBRO_DIA`;
delimiter ;;
CREATE PROCEDURE `COBRO_DIA`(IN var_usuario VARCHAR(100))
BEGIN

		-- DECLARACION DE VARIABLES ++++++++++++++++++++++++++++++++++++++++++++++++++++++++++++++++++++++++++++++++++++++++++++++++++++++++++
	DECLARE done 								INT DEFAULT FALSE;
	
	DECLARE var_folio_credito		VARCHAR(50) DEFAULT "";
	DECLARE var_id_ruta 				INT DEFAULT 0;
	DECLARE var_ine 						VARCHAR(100) DEFAULT "";
	DECLARE var_nombre 					VARCHAR(100) DEFAULT "";
	DECLARE var_alias 					VARCHAR(60) DEFAULT "";
	DECLARE var_telefono 				VARCHAR(12) DEFAULT "";
	DECLARE var_monto_credito 	DECIMAL(10,2) DEFAULT 0;
	DECLARE var_pagos_total 		INT DEFAULT 0;
	DECLARE var_monto_total 		DECIMAL(10,2) DEFAULT 0;
	DECLARE var_monto_pago 			DECIMAL(10,2) DEFAULT 0;
	DECLARE var_fecha_entrega 	DATE DEFAULT "";
	DECLARE var_pagado 					DECIMAL(10,2) DEFAULT 0;
	DECLARE var_atrasos_no 			DECIMAL(10,2) DEFAULT 0;
	DECLARE var_atrasos_monto 	DECIMAL(10,2) DEFAULT 0;
	DECLARE var_extras_no 				DECIMAL(10,2) DEFAULT 0;
	DECLARE var_extras_monto 		DECIMAL(10,2) DEFAULT 0;
	DECLARE var_id_estado 			INT DEFAULT 0;
	DECLARE var_id_estado_credito INT DEFAULT 0;
	
	DECLARE var_restante_no 		INT DEFAULT 0;
	DECLARE var_restante_monto 	DECIMAL(10,2) DEFAULT 0;
	DECLARE var_restante_total 	DECIMAL(10,2) DEFAULT 0;
	DECLARE var_abono_hoy 			DECIMAL(10,2) DEFAULT 0;
	DECLARE var_id_tipo_pago 		INT DEFAULT 0;
	DECLARE var_descripcion 		VARCHAR(50) DEFAULT "";
	
	DECLARE var_abonos_no 			INT DEFAULT 0;
	DECLARE var_id_tipo_pago_aux INT DEFAULT 0;

	
	-- DECLARACION DEL CURSOR ++++++++++++++++++++++++++++++++++++++++++++++++++++++++++++++++++++++++++++++++++++++++++++++++++++++++++++++
		
		-- a Persona
		-- b Credito
		-- c Abono
		-- d Cobro_dia
		-- e Tipo_pago

	DEClARE curLista 
		CURSOR FOR 
				SELECT 
					d.folio_credito,
					d.id_ruta,
					a.ine, 
					CONCAT_WS(' ', a.nombre, a.apellido_paterno, a.apellido_materno) AS "nombre", 
					a.alias, 
					a.telefono, 
					b.monto_credito, 
					b.pagos_total, 
					(b.monto_pago * b.pagos_total) AS "monto_total", 
					b.monto_pago, 
					b.fecha_entrega, 
					COUNT(IF(c.id_tipo_pago = 4,c.id_tipo_pago,NULL)) AS "atrasos_no", 
					SUM(IF(c.id_tipo_pago = 4, b.monto_pago,IF(c.id_tipo_pago = 2, b.monto_pago - c.monto, 0))) AS "atrasos_monto",
					COUNT(IF(c.id_tipo_pago = 3,c.id_tipo_pago,NULL)) AS "extras_no", 
					SUM(IF(c.id_tipo_pago = 3, c.monto - b.monto_pago, 0)) AS "extras_monto",
					b.id_estado,
					b.id_estado_credito
				FROM credito b
				INNER JOIN cobro_dia AS d ON d.folio_credito = b.folio_credito 
				INNER JOIN persona AS a ON a.ine = d.ine 
				LEFT JOIN abono AS c ON c.folio_credito = d.folio_credito 
				
				WHERE d.id_usuario = var_usuario OR var_usuario = "0"
				GROUP BY b.folio_credito ORDER BY a.alias;
		-- FIN CURSOR -----------------------------------------------------------------------------------------------------------------------
		

	-- DECLARACION DE ERROR PARA FOR(CURSOR) ----------------------------------------------------------------------------------------------
	DECLARE CONTINUE HANDLER FOR NOT FOUND SET done = TRUE;


		-- TABLA TEMPORAL ++++++++++++++++++++++++++++++++++++++++++++++++++++++++++++++++++++++++++++++++++++++++++++++++++++++++++++++++++++++
	CREATE TEMPORARY TABLE IF NOT EXISTS ttcobrodia1 ( 
		folio_credito 		VARCHAR(50) PRIMARY KEY,
		id_ruta						INT,
		ine								VARCHAR(100) NULL,
		nombre 						VARCHAR(100) NULL,
		alias 						VARCHAR(60) NULL,
		telefono 					VARCHAR(12) NULL,
		monto_credito 		DECIMAL(10,2) NULL,
		pagos_total 			INT(11) NULL,
		monto_total 			DECIMAL(10,2) NULL,
		monto_pago 				DECIMAL(10,2) NULL,
		fecha_entrega 		DATE NOT NULL,
		pagado 						DECIMAL(10,2) NULL,
		atrasos_no 				DECIMAL(10,2) NULL,
		atrasos_monto 		DECIMAL(10,2) NULL,
		extras_no 					DECIMAL(10,2) NULL,
		extras_monto 			DECIMAL(10,2) NULL,
		restante_no 			DECIMAL(10,2) NULL,
		restante_monto 		DECIMAL(10,2) NULL,
		restante_total 		DECIMAL(10,2) NULL,
		abono_hoy 				DECIMAL(10,2) NULL,
		id_tipo_pago 			INT(11) NULL,
		descripcion 			VARCHAR(50) NULL
	); 
		-- FIN TABLA TEMPORAL ----------------------------------------------------------------------------------------------------------------
		
	


	-- Se inicializa el cursor
	OPEN curLista;

	-- INICIO DE CICLO +++++++++++++++++++++++++++++++++++++++++++++++++++++++++++++++++++++++++++++++++++++++++++++++++++++++++++++++++++
	ciclo: LOOP
		FETCH curLista INTO 
													var_folio_credito,
													var_id_ruta,
													var_ine, 
													var_nombre, 
													var_alias, 
													var_telefono, 
													var_monto_credito, 
													var_pagos_total, 
													var_monto_total, 
													var_monto_pago, 
													var_fecha_entrega, 
													var_atrasos_no, 
													var_atrasos_monto, 
													var_extras_no, 
													var_extras_monto,
													var_id_estado,
													var_id_estado_credito;
		
		IF done THEN 
			LEAVE ciclo;
		END IF;
		
		# **************************************************************************************************************************************************************************
		
		SET var_pagado = (SELECT SUM(monto) FROM abono WHERE folio_credito = var_folio_credito);
		IF var_pagado IS NULL THEN
			SET var_pagado = 0;
		END IF;
		SET var_restante_no = (SELECT (var_pagos_total - COUNT(id_abono)) FROM abono WHERE folio_credito = var_folio_credito);
		IF var_restante_no IS NULL OR var_restante_no < 0 THEN
			SET var_restante_no = 0;
		END IF;
		SET var_restante_monto = var_restante_no * var_monto_pago;
		IF var_restante_monto IS NULL THEN
			SET var_restante_monto = 0;
		END IF;
		SET var_restante_total = var_monto_total - var_pagado;
		IF var_restante_total IS NULL THEN
			SET var_restante_total = 0;
		END IF;
		SET var_abono_hoy = (SELECT SUM(monto) FROM abono WHERE folio_credito= var_folio_credito AND fecha_abono = CURDATE());
		IF var_abono_hoy IS NULL THEN
			SET var_abono_hoy = 0;
		END IF;
		
		
		SET var_id_tipo_pago_aux = (SELECT COUNT(id_tipo_pago) FROM abono WHERE folio_credito= var_folio_credito AND fecha_abono = CURDATE());
		
		
		
		IF var_id_estado_credito > 1 THEN
			SET var_id_tipo_pago = var_id_estado_credito;
		ELSEIF (var_pagos_total * var_monto_pago) <= var_pagado THEN
			SET var_id_tipo_pago = 6;
		ELSEIF var_id_tipo_pago_aux = 0 THEN
			SET var_id_tipo_pago = 5;
		ELSEIF var_abono_hoy = 0 THEN
			SET var_id_tipo_pago = 4;
		ELSEIF var_abono_hoy > var_monto_pago THEN
			SET var_id_tipo_pago = 3;
		ELSEIF var_abono_hoy = var_monto_pago THEN
			SET var_id_tipo_pago = 1;
		ELSE
			SET var_id_tipo_pago = 2;
		END IF;
		
		SET var_descripcion = (SELECT descripcion FROM tipo_pago WHERE id_tipo_pago = var_id_tipo_pago);
		
		-- SE INSERTAN LOS DATOS EN LA TABLA TEMPORAL
		INSERT INTO ttcobrodia1 VALUES(
																			var_folio_credito,
																			var_id_ruta,
																			var_ine, 
																			var_nombre, 
																			var_alias, 
																			var_telefono, 
																			var_monto_credito, 
																			var_pagos_total, 
																			var_monto_total, 
																			var_monto_pago, 
																			var_fecha_entrega, 
																			var_pagado, 
																			var_atrasos_no, 
																			var_atrasos_monto, 
																			var_extras_no, 
																			var_extras_monto, 
																			var_restante_no, 
																			var_restante_monto, 
																			var_restante_total, 
																			var_abono_hoy, 
																			var_id_tipo_pago, 
																			var_descripcion
																		);
		
		# *************************************************************************************************************************************************************************
		
	END LOOP ciclo;
	-- FIN DE CICLO ---------------------------------------------------------------------------------------------------------------------
	CLOSE curLista;
	
	SELECT * FROM ttcobrodia1;
	DROP TABLE ttcobrodia1;

END
;;
delimiter ;

-- ----------------------------
-- Function structure for COBRO_DIA_CAL_FECHA_PAGO
-- ----------------------------
DROP FUNCTION IF EXISTS `COBRO_DIA_CAL_FECHA_PAGO`;
delimiter ;;
CREATE FUNCTION `COBRO_DIA_CAL_FECHA_PAGO`(fecha_pago DATE, tipo_cobro INT)
 RETURNS varchar(20) CHARSET utf8
BEGIN 
	DECLARE fecha DATE;

	CASE tipo_cobro
		WHEN 1 THEN # AGREGAR UN DIA A LA FECHA
			SET fecha = NOW();
			RETURN fecha;
			-- --------------------------------------------------------------------------------------------------
		WHEN 2 THEN #
			SET fecha = DATE_ADD(fecha_pago, INTERVAL 7 DAY);
			RETURN fecha;
			-- --------------------------------------------------------------------------------------------------
		WHEN 3 THEN # 
			SET fecha = DATE_ADD(fecha_pago, INTERVAL 14 DAY);
			RETURN fecha;
			-- --------------------------------------------------------------------------------------------------
		WHEN 4 THEN # 
			SET fecha = DATE_ADD(fecha_pago, INTERVAL 15 DAY);
			RETURN fecha;
			-- --------------------------------------------------------------------------------------------------
		WHEN 5 THEN # 
			SET fecha = DATE_ADD(fecha_pago, INTERVAL 1 MONTH);
			RETURN fecha;
			-- --------------------------------------------------------------------------------------------------
		END CASE;
		RETURN '2020-01-01';

END
;;
delimiter ;

-- ----------------------------
-- Procedure structure for COBRO_DIA_CONSULTA
-- ----------------------------
DROP PROCEDURE IF EXISTS `COBRO_DIA_CONSULTA`;
delimiter ;;
CREATE PROCEDURE `COBRO_DIA_CONSULTA`(IN _credito VARCHAR(50))
BEGIN 

		-- DECLARACION DE VARIABLES ++++++++++++++++++++++++++++++++++++++++++++++++++++++++++++++++++++++++++++++++++++++++++++++++++++++++++
	DECLARE done 								INT DEFAULT FALSE;
	
	DECLARE var_folio_credito		VARCHAR(50) DEFAULT "";
	DECLARE var_id_ruta 				INT DEFAULT 0;
	DECLARE var_ine 						VARCHAR(100) DEFAULT "";
	DECLARE var_nombre 					VARCHAR(100) DEFAULT "";
	DECLARE var_alias 					VARCHAR(60) DEFAULT "";
	DECLARE var_telefono 				VARCHAR(12) DEFAULT "";
	DECLARE var_monto_credito 	DECIMAL(10,2) DEFAULT 0;
	DECLARE var_pagos_total 		INT DEFAULT 0;
	DECLARE var_monto_total 		DECIMAL(10,2) DEFAULT 0;
	DECLARE var_monto_pago 			DECIMAL(10,2) DEFAULT 0;
	DECLARE var_fecha_entrega 	DATE DEFAULT "";
	DECLARE var_pagado 					DECIMAL(10,2) DEFAULT 0;
	DECLARE var_atrasos_no 			DECIMAL(10,2) DEFAULT 0;
	DECLARE var_atrasos_monto 	DECIMAL(10,2) DEFAULT 0;
	DECLARE var_extras_no 				DECIMAL(10,2) DEFAULT 0;
	DECLARE var_extras_monto 		DECIMAL(10,2) DEFAULT 0;
	DECLARE var_id_estado 			INT DEFAULT 0;
	DECLARE var_id_estado_credito INT DEFAULT 0;
	
	DECLARE var_restante_no 		INT DEFAULT 0;
	DECLARE var_restante_monto 	DECIMAL(10,2) DEFAULT 0;
	DECLARE var_restante_total 	DECIMAL(10,2) DEFAULT 0;
	DECLARE var_abono_hoy 			DECIMAL(10,2) DEFAULT 0;
	DECLARE var_id_tipo_pago 		INT DEFAULT 0;
	DECLARE var_descripcion 		VARCHAR(50) DEFAULT "";
	
	DECLARE var_abonos_no 			INT DEFAULT 0;
	DECLARE var_id_tipo_pago_aux INT DEFAULT 0;

	
	-- DECLARACION DEL CURSOR ++++++++++++++++++++++++++++++++++++++++++++++++++++++++++++++++++++++++++++++++++++++++++++++++++++++++++++++
		
		-- a Persona
		-- b Credito
		-- c Abono
		-- d Cobro_dia
		-- e Tipo_pago

	DEClARE curLista 
		CURSOR FOR 
			SELECT 
					b.folio_credito,
					d.id_ruta,
					a.ine, 
					CONCAT_WS(' ', a.nombre, a.apellido_paterno, a.apellido_materno) AS "nombre", 
					a.alias, 
					a.telefono, 
					b.monto_credito, 
					b.pagos_total, 
					(b.monto_pago * b.pagos_total) AS "monto_total", 
					b.monto_pago, 
					b.fecha_entrega, 
					COUNT(IF(c.id_tipo_pago = 4,c.id_tipo_pago,NULL)) AS "atrasos_no", 
					SUM(IF(c.id_tipo_pago = 4, b.monto_pago,IF(c.id_tipo_pago = 2, b.monto_pago - c.monto, 0))) AS "atrasos_monto",
					COUNT(IF(c.id_tipo_pago = 3,c.id_tipo_pago,NULL)) AS "extras_no", 
					SUM(IF(c.id_tipo_pago = 3, c.monto - b.monto_pago, 0)) AS "extras_monto",
					b.id_estado,
					b.id_estado_credito
				FROM credito b
				INNER JOIN usuario_establecimiento AS d ON d.id_usuario_establecimiento = b.id_usuario_establecimiento 
				INNER JOIN persona AS a ON a.ine = d.ine 
				LEFT JOIN abono AS c ON c.folio_credito = b.folio_credito 
				
		WHERE b.folio_credito = _credito 
		GROUP BY b.folio_credito ORDER BY a.alias;
		-- FIN CURSOR -----------------------------------------------------------------------------------------------------------------------
		

	-- DECLARACION DE ERROR PARA FOR(CURSOR) ----------------------------------------------------------------------------------------------
	DECLARE CONTINUE HANDLER FOR NOT FOUND SET done = TRUE;


		-- TABLA TEMPORAL ++++++++++++++++++++++++++++++++++++++++++++++++++++++++++++++++++++++++++++++++++++++++++++++++++++++++++++++++++++++
	CREATE TEMPORARY TABLE IF NOT EXISTS ttcobrodia2 ( 
		folio_credito 		VARCHAR(50) PRIMARY KEY,
		id_ruta						INT,
		ine								VARCHAR(100) NULL,
		nombre 						VARCHAR(100) NULL,
		alias 						VARCHAR(60) NULL,
		telefono 					VARCHAR(12) NULL,
		monto_credito 		DECIMAL(10,2) NULL,
		pagos_total 			INT(11) NULL,
		monto_total 			DECIMAL(10,2) NULL,
		monto_pago 				DECIMAL(10,2) NULL,
		fecha_entrega 		DATE NOT NULL,
		pagado 						DECIMAL(10,2) NULL,
		atrasos_no 				DECIMAL(10,2) NULL,
		atrasos_monto 		DECIMAL(10,2) NULL,
		extras_no 					DECIMAL(10,2) NULL,
		extras_monto 			DECIMAL(10,2) NULL,
		restante_no 			DECIMAL(10,2) NULL,
		restante_monto 		DECIMAL(10,2) NULL,
		restante_total 		DECIMAL(10,2) NULL,
		abono_hoy 				DECIMAL(10,2) NULL,
		id_tipo_pago 			INT(11) NULL,
		descripcion 			VARCHAR(50) NULL
	); 
		-- FIN TABLA TEMPORAL ----------------------------------------------------------------------------------------------------------------
		
	


	-- Se inicializa el cursor
	OPEN curLista;

	-- INICIO DE CICLO +++++++++++++++++++++++++++++++++++++++++++++++++++++++++++++++++++++++++++++++++++++++++++++++++++++++++++++++++++
	ciclo: LOOP
		FETCH curLista INTO 
													var_folio_credito,
													var_id_ruta,
													var_ine, 
													var_nombre, 
													var_alias, 
													var_telefono, 
													var_monto_credito, 
													var_pagos_total, 
													var_monto_total, 
													var_monto_pago, 
													var_fecha_entrega, 
													var_atrasos_no, 
													var_atrasos_monto, 
													var_extras_no, 
													var_extras_monto,
													var_id_estado,
													var_id_estado_credito;
		
		IF done THEN 
			LEAVE ciclo;
		END IF;
		
		# **************************************************************************************************************************************************************************
		
		SET var_pagado = (SELECT SUM(monto) FROM abono WHERE folio_credito = var_folio_credito);
		IF var_pagado IS NULL THEN
			SET var_pagado = 0;
		END IF;
		SET var_restante_no = (SELECT (var_pagos_total - COUNT(id_abono)) FROM abono WHERE folio_credito = var_folio_credito);
		IF var_restante_no IS NULL THEN
			SET var_restante_no = 0;
		END IF;
		SET var_restante_monto = var_restante_no * var_monto_pago;
		IF var_restante_monto IS NULL THEN
			SET var_restante_monto = 0;
		END IF;
		SET var_restante_total = var_monto_total - var_pagado;
		IF var_restante_total IS NULL THEN
			SET var_restante_total = 0;
		END IF;
		SET var_abono_hoy = (SELECT SUM(monto) FROM abono WHERE folio_credito = var_folio_credito AND fecha_abono = CURDATE());
		IF var_abono_hoy IS NULL THEN
			SET var_abono_hoy = 0;
		END IF;
		SET var_id_tipo_pago_aux = (SELECT COUNT(id_tipo_pago) FROM abono WHERE folio_credito= var_folio_credito AND fecha_abono = CURDATE());
		
		
		
		
		IF var_id_estado_credito > 1 THEN
			SET var_id_tipo_pago = var_id_estado_credito;
		ELSEIF (var_pagos_total * var_monto_pago) <= var_pagado THEN
			SET var_id_tipo_pago = 6;
		ELSEIF var_id_tipo_pago_aux = 0 THEN
			SET var_id_tipo_pago = 5;
		ELSEIF var_abono_hoy = 0 THEN
			SET var_id_tipo_pago = 4;
		ELSEIF var_abono_hoy > var_monto_pago THEN
			SET var_id_tipo_pago = 3;
		ELSEIF var_abono_hoy = var_monto_pago THEN
			SET var_id_tipo_pago = 1;
		ELSE
			SET var_id_tipo_pago = 2;
		END IF;
		
		SET var_descripcion = (SELECT descripcion FROM tipo_pago WHERE id_tipo_pago = var_id_tipo_pago);
		
		-- SE INSERTAN LOS DATOS EN LA TABLA TEMPORAL
		INSERT INTO ttcobrodia2 VALUES(
																			var_folio_credito,
																			var_id_ruta,
																			var_ine, 
																			var_nombre, 
																			var_alias, 
																			var_telefono, 
																			var_monto_credito, 
																			var_pagos_total, 
																			var_monto_total, 
																			var_monto_pago, 
																			var_fecha_entrega, 
																			var_pagado, 
																			var_atrasos_no, 
																			var_atrasos_monto, 
																			var_extras_no, 
																			var_extras_monto, 
																			var_restante_no, 
																			var_restante_monto, 
																			var_restante_total, 
																			var_abono_hoy, 
																			var_id_tipo_pago, 
																			var_descripcion
																		);
		
		# *************************************************************************************************************************************************************************
		
	END LOOP ciclo;
	-- FIN DE CICLO ---------------------------------------------------------------------------------------------------------------------
	CLOSE curLista;
	
	SELECT * FROM ttcobrodia2;
	DROP TABLE ttcobrodia2;

END
;;
delimiter ;

-- ----------------------------
-- Procedure structure for COBRO_DIA_CORTE
-- ----------------------------
DROP PROCEDURE IF EXISTS `COBRO_DIA_CORTE`;
delimiter ;;
CREATE PROCEDURE `COBRO_DIA_CORTE`()
BEGIN
/*

	id_ruta
	ruta_descripcion
	id_usuario
	total_recolectado
	total_deberia_recolectar_dia
	total_recolectado_sin_extras
	monto_abonos
	monto_extras
	monto_normal
	monto_no_pagos
	monto_defici_abonos
	monto_defici_total
	monto_remanente
	total_cli_visitar
	total_cli_visitados
	total_cli_no_pago
	total_cli_pago
	total_cli_abonaron
	total_cli_extra
	total_cli_no_vicitaron
	no_creditos_terminados
	no_renovaciones
	
*/
		SELECT 
					a.id_ruta,
					b.descripcion AS "ruta_descripcion",
					a.id_usuario,
					SUM(IF(c.monto IS NULL,0, c.monto)) AS "total_recolectado",
					SUM(d.monto_pago) AS "total_deberia_recolectar_dia",
				
					SUM(IF(c.monto IS NULL, 0, IF(c.monto < d.monto_pago, c.monto, d.monto_pago ))) AS "total_recolectado_sin_extras",
					
					SUM(IF(c.monto IS NULL,0,IF(c.id_tipo_pago = 2, c.monto,0))) AS "monto_abonos",
					SUM(IF(c.monto IS NULL,0,IF(c.id_tipo_pago = 3, c.monto - d.monto_pago, 0))) AS "monto_extras",
					SUM(IF(c.monto IS NULL,0,IF(c.id_tipo_pago = 1, c.monto, 0))) AS "monto_normal",
					SUM(IF(c.monto IS NULL,d.monto_pago,IF(c.id_tipo_pago = 4, d.monto_pago, IF(c.id_tipo_pago IS NULL,d.monto_pago,0)))) AS "monto_no_pagos",
					SUM(IF(c.monto IS NULL,0,IF(c.id_tipo_pago = 2, d.monto_pago - c.monto, 0))) AS "monto_defici_abonos",
					SUM(IF(c.monto IS NULL,d.monto_pago,IF(c.id_tipo_pago = 4, d.monto_pago, IF(c.id_tipo_pago = 2, d.monto_pago - c.monto,IF(c.id_tipo_pago IS NULL,d.monto_pago,0))))) AS "monto_defici_total",
					SUM(IF(c.monto IS NULL,0,IF(c.id_tipo_pago = 7, IF(c.monto >= d.monto_pago, c.monto - d.monto_pago, c.monto), 0))) AS "monto_remanente",
					COUNT(a.folio_credito) 	AS "total_cli_visitar",
					SUM(IF(c.id_abono IS NULL, 0,1)) 			AS "total_cli_visitados",
					SUM(IF(c.monto IS NULL,1,IF(c.id_tipo_pago = 4, 1, IF(c.id_tipo_pago IS NULL,1,0)))) AS "total_cli_no_pago",
					SUM(IF(c.monto IS NULL,0,IF(c.id_tipo_pago = 1, 1, 0))) AS "total_cli_pago",
					SUM(IF(c.monto IS NULL,0,IF(c.id_tipo_pago = 2, 1, 0))) AS "total_cli_abonaron",
					SUM(IF(c.monto IS NULL,0,IF(c.id_tipo_pago = 3, 1, 0))) AS "total_cli_extra",
					(COUNT(a.id_ruta) - COUNT(c.id_abono)) 									AS "total_cli_no_vicitaron",
					SUM(IF(c.monto IS NULL,0,IF(c.id_tipo_pago >= 6, 1, 0))) AS "no_creditos_terminados",
					SUM(IF(c.monto IS NULL,0,IF(c.id_tipo_pago = 7, 1, 0))) AS "no_renovaciones"

					FROM cobro_dia a
					INNER JOIN ruta AS b ON a.id_ruta = b.id_ruta
					INNER JOIN credito AS d ON d.folio_credito = a.folio_credito
					LEFT JOIN abono AS c ON c.folio_credito = a.folio_credito AND c.fecha_abono = CURDATE()
					GROUP BY a.id_ruta;
					
END
;;
delimiter ;

-- ----------------------------
-- Procedure structure for COBRO_DIA_PROC_CALCULAR
-- ----------------------------
DROP PROCEDURE IF EXISTS `COBRO_DIA_PROC_CALCULAR`;
delimiter ;;
CREATE PROCEDURE `COBRO_DIA_PROC_CALCULAR`()
BEGIN

	-- DECLARACION DE VARIABLES ---------------------------------------------------------------------------------------
	DECLARE done INT DEFAULT FALSE;								-- Control de error de FOR(CURSOR)
	DECLARE var_folio VARCHAR(50) DEFAULT "";			-- Folio del credito
	DECLARE var_id_tipo INT DEFAULT 0;						-- Tipo de cobro del credito
	DECLARE var_fecha DATE;												-- Fecha del siguiente pago
	DECLARE var_ruta INT DEFAULT 0;								-- Ruta
	DECLARE var_usuario VARCHAR(30) DEFAULT ""; 	-- Usuario (cobrador)
	DECLARE var_ine VARCHAR(100);
	DECLARE var_id_estado INT DEFAULT 0;
	DECLARE var_id_estado_credito INT DEFAULT 0;

	-- DECLARACION DEL CURSOR -----------------------------------------------------------------------------------------
	DEClARE curLista 
		CURSOR FOR 
			SELECT a.folio_credito, a.id_tipo_cobro, a.fecha_siguiente_pago, b.id_ruta, c.id_usuario, b.ine, a.id_estado, a.id_estado_credito FROM credito a
				INNER JOIN usuario_establecimiento AS b ON b.id_usuario_establecimiento = a.id_usuario_establecimiento
				INNER JOIN usuario_ruta AS c ON c.id_ruta = b.id_ruta
				WHERE (a.fecha_siguiente_pago <= CURDATE() AND a.id_estado_credito = 1) OR (a.fecha_siguiente_pago = CURDATE() AND a.id_estado_credito>2)  ORDER BY a.folio_credito ASC;

	-- DECLARACION DE ERROR PARA FOR(CURSOR) --------------------------------------------------------------------------
	DECLARE CONTINUE HANDLER FOR NOT FOUND SET done = TRUE;

 -- Se procesan los clientes que no se les especifico tipo de pago.
	CALL COBRO_DIA_PROC_NO_PAGO();

	-- Se inicializa el cursor
	OPEN curLista;

	-- Se inicia ciclo repetitivo -------------------------------------------------------------------------------------
	ciclo: LOOP
		FETCH curLista INTO var_folio, var_id_tipo, var_fecha, var_ruta, var_usuario, var_ine, var_id_estado, var_id_estado_credito;
		
		IF done THEN 
			LEAVE ciclo;
		END IF;
		
		IF var_fecha < CURDATE() AND var_id_estado = 1 THEN
			SET var_fecha = COBRO_DIA_CAL_FECHA_PAGO(var_fecha, var_id_tipo);
			UPDATE credito SET fecha_siguiente_pago = var_fecha WHERE folio_credito = var_folio;
		END IF;
		
		IF var_fecha = CURDATE() THEN
			INSERT INTO cobro_dia VALUES(var_folio, var_ine, var_ruta, var_usuario);
		END IF;
		
	END LOOP ciclo;
	CLOSE curLista;

END
;;
delimiter ;

-- ----------------------------
-- Procedure structure for COBRO_DIA_PROC_NO_PAGO
-- ----------------------------
DROP PROCEDURE IF EXISTS `COBRO_DIA_PROC_NO_PAGO`;
delimiter ;;
CREATE PROCEDURE `COBRO_DIA_PROC_NO_PAGO`()
BEGIN

	-- DECLARACION DE VARIABLES ---------------------------------------------------------------------------------------
	DECLARE done INT DEFAULT FALSE;								-- Control de error de FOR(CURSOR)
	DECLARE var_folio_credito VARCHAR(50) DEFAULT "";			-- Folio del credito
	DECLARE var_ine VARCHAR(100) DEFAULT "";
	DECLARE var_monto_credito DECIMAL(10,2) DEFAULT 0;
	DECLARE var_fecha_entrega DATE DEFAULT "";
	DECLARE var_pagos_total INT DEFAULT 0;
	DECLARE var_fecha_abono DATE DEFAULT "";
	DECLARE var_estadistica_existe INT DEFAULT 0;
 
	-- DECLARACION DEL CURSOR -----------------------------------------------------------------------------------------
	DEClARE curLista 
			CURSOR FOR 
				SELECT a.folio_credito, d.ine, c.monto_credito, c.fecha_entrega, c.pagos_total
				FROM cobro_dia a
				INNER JOIN credito AS c ON a.folio_credito = c.folio_credito
				INNER JOIN usuario_establecimiento AS d ON c.id_usuario_establecimiento = d.id_usuario_establecimiento
				LEFT JOIN abono AS b ON a.folio_credito = b.folio_credito and b.fecha_abono = DATE(DATE_SUB( NOW(), INTERVAL 1 DAY))
				WHERE b.fecha_abono IS NULL;

	-- DECLARACION DE ERROR PARA FOR(CURSOR) --------------------------------------------------------------------------
	DECLARE CONTINUE HANDLER FOR NOT FOUND SET done = TRUE;
	
	SET var_fecha_abono = (DATE_SUB( NOW(), INTERVAL 1 DAY));
	OPEN curLista;
	
	ciclo: LOOP
			FETCH curLista INTO var_folio_credito, var_ine, var_monto_credito, var_fecha_entrega, var_pagos_total;
			
			IF done THEN 
				LEAVE ciclo;
			END IF;
			
				INSERT INTO abono VALUES(NULL, var_folio_credito, 0, 0, 4, var_fecha_abono, 1, NOW());
				
				SET var_estadistica_existe = (SELECT COUNT(ine) FROM estadistica_cliente WHERE folio_credito = var_folio_credito);
				IF var_estadistica_existe > 0 THEN
					UPDATE estadistica_cliente SET no_atrasos = (no_atrasos + 1) WHERE folio_credito = var_folio_credito;
				ELSE
					INSERT INTO estadistica_cliente VALUES(var_folio_credito, var_ine, var_monto_credito, var_fecha_entrega, var_pagos_total, 0, 0, 0, 1);
				END IF;
			
		
	END LOOP ciclo;
	CLOSE curLista;
	
	TRUNCATE TABLE cobro_dia;

END
;;
delimiter ;

-- ----------------------------
-- Procedure structure for FILTRAR_CLIENTES
-- ----------------------------
DROP PROCEDURE IF EXISTS `FILTRAR_CLIENTES`;
delimiter ;;
CREATE PROCEDURE `FILTRAR_CLIENTES`(IN filtro VARCHAR(100))
BEGIN
	
	
	
		-- DECLARACION DE VARIABLES ++++++++++++++++++++++++++++++++++++++++++++++++++++++++++++++++++++++++++++++++++++++++++++++++++++++++++
	DECLARE done 								INT DEFAULT FALSE;
	
	DECLARE var_ine						VARCHAR(100) DEFAULT "";
	DECLARE var_nombre 				VARCHAR(100) DEFAULT "";
	DECLARE var_no_creditos   INT DEFAULT 0;
	DECLARE var_pagos_total 	INT DEFAULT 0;
	DECLARE var_no_pagos			DECIMAL(10,2) DEFAULT 0;
	DECLARE var_no_abonos			INT DEFAULT 0;
	DECLARE var_no_atrasos		DECIMAL(10,2) DEFAULT 0; 
	DECLARE var_no_adelantos 	DECIMAL(10,2) DEFAULT 0;
	DECLARE var_calificacion  DECIMAL(10,2) DEFAULT 0;
	DECLARE var_extras 				DECIMAL(10,2) DEFAULT 0;
	DECLARE var_telefono 			VARCHAR(15) DEFAULT "";
	DECLARE var_id_usuario_establecimiento INT DEFAULT 0;
	


	
	-- DECLARACION DEL CURSOR ++++++++++++++++++++++++++++++++++++++++++++++++++++++++++++++++++++++++++++++++++++++++++++++++++++++++++++++
		

	DEClARE curLista 
		CURSOR FOR 
						SELECT 
							a.ine, 
							concat_ws(' ',a.alias, " - ", a.nombre, a.apellido_paterno, a.apellido_materno) AS "nombre",
							COUNT(c.ine) AS "no_creditos",
							SUM(c.pagos_total) AS "pagos_total",
							SUM(c.no_pagos) AS "no_pagos",
							SUM(c.no_abonos) AS "no_abonos",
							SUM(c.no_atrasos) AS "no_atrasos",
							SUM(c.no_adelantos) AS "no_adelantos",
							a.telefono,
							d.id_usuario_establecimiento
						FROM persona a
						INNER JOIN usuario AS b ON b.ine = a.ine
						INNER JOIN usuario_establecimiento AS d ON d.ine = a.ine
						LEFT JOIN estadistica_cliente AS c ON c.ine = a.ine
						
						WHERE b.id_rol = 3 AND concat_ws(' ', a.ine, a.alias, a.nombre, a.apellido_paterno, a.apellido_materno) 
						LIKE CONCAT('%',filtro,'%') GROUP BY a.ine ORDER BY a.nombre ASC LIMIT 20;
		-- FIN CURSOR -----------------------------------------------------------------------------------------------------------------------
		

	-- DECLARACION DE ERROR PARA FOR(CURSOR) ----------------------------------------------------------------------------------------------
	DECLARE CONTINUE HANDLER FOR NOT FOUND SET done = TRUE;


		-- TABLA TEMPORAL ++++++++++++++++++++++++++++++++++++++++++++++++++++++++++++++++++++++++++++++++++++++++++++++++++++++++++++++++++++++
	CREATE TEMPORARY TABLE IF NOT EXISTS tmpClientes ( 
		ine								VARCHAR(100) NOT NULL PRIMARY KEY,
		nombre 						VARCHAR(100) NOT NULL,
		telefono 					VARCHAR(15),
		no_creditos 			INT,
		calificacion 			DECIMAL(10,2),
		id_usuario_establecimiento INT
	); 
		-- FIN TABLA TEMPORAL ----------------------------------------------------------------------------------------------------------------
		
	


	-- Se inicializa el cursor
	OPEN curLista;

	-- INICIO DE CICLO +++++++++++++++++++++++++++++++++++++++++++++++++++++++++++++++++++++++++++++++++++++++++++++++++++++++++++++++++++
	ciclo: LOOP
		FETCH curLista INTO 
												var_ine,
												var_nombre,
												var_no_creditos,
												var_pagos_total,
												var_no_pagos,
												var_no_abonos,
												var_no_atrasos,
												var_no_adelantos,
												var_telefono,
												var_id_usuario_establecimiento;
		
		IF done THEN 
			LEAVE ciclo;
		END IF;
		
		#  CALCULOS DE CALIFICACION *************************************************************************************************************
		
		SET var_calificacion = ((100 / var_pagos_total) * (var_no_pagos + var_no_abonos * 0.5) * (80/100));
		
		IF (var_pagos_total * 0.25) <= var_no_adelantos THEN
			SET var_extras = 20;
		ELSE
			SET var_extras = (20 / (var_pagos_total * 0.25) * var_no_adelantos);
		END IF;
		
		SET var_calificacion = var_calificacion + var_extras;
		
		IF var_calificacion IS NULL THEN
			SET var_calificacion = 0;
		ELSEIF var_calificacion > 100 THEN
			SET var_calificacion = 100;
		ELSEIF var_calificacion < 0 THEN
			SET var_calificacion = 0;
		END IF;
		
		-- SE INSERTAN LOS DATOS EN LA TABLA TEMPORAL
		INSERT INTO tmpClientes VALUES(var_ine, var_nombre, var_telefono, var_no_creditos, var_calificacion, var_id_usuario_establecimiento);
		
		# *************************************************************************************************************************************************************************
		
	END LOOP ciclo;
	-- FIN DE CICLO ---------------------------------------------------------------------------------------------------------------------
	CLOSE curLista;
	
	SELECT * FROM tmpClientes;
	DROP TABLE tmpClientes;

	END
;;
delimiter ;

-- ----------------------------
-- Function structure for GET_PERIODO
-- ----------------------------
DROP FUNCTION IF EXISTS `GET_PERIODO`;
delimiter ;;
CREATE FUNCTION `GET_PERIODO`(fecha DATE)
 RETURNS varchar(20) CHARSET utf8
BEGIN 
	DECLARE periodo INT DEFAULT 0;
		RETURN (SELECT id_periodo FROM periodo WHERE anio= YEAR(fecha) AND mes = MONTH(fecha));

END
;;
delimiter ;

-- ----------------------------
-- Procedure structure for LISTA_SOLICITUDES
-- ----------------------------
DROP PROCEDURE IF EXISTS `LISTA_SOLICITUDES`;
delimiter ;;
CREATE PROCEDURE `LISTA_SOLICITUDES`(IN usuario VARCHAR(100))
BEGIN
		SELECT a.ine, a.alias, CONCAT_WS(' ', a.nombre, a.apellido_paterno, a.apellido_materno) AS "nombre", b.monto, b.pagos, b.id_estado_solicitud 
		FROM persona a INNER JOIN solicitud AS b ON b.ine = a.ine
		WHERE b.id_usuario = usuario;
	END
;;
delimiter ;

-- ----------------------------
-- Event structure for TAREA_GENERAR_CARTERA_COBRO
-- ----------------------------
DROP EVENT IF EXISTS `TAREA_GENERAR_CARTERA_COBRO`;
delimiter ;;
CREATE EVENT `TAREA_GENERAR_CARTERA_COBRO`
ON SCHEDULE
EVERY '1' DAY STARTS '2020-07-13 05:00:00'
DO CALL COBRO_DIA_PROC_CALCULAR()
;;
delimiter ;

SET FOREIGN_KEY_CHECKS = 1;
